id,rate
4025,0.1
39109,0.1
32019,0.1
47037,0.1
53039,0.1
26035,0.1
36017,0.1
27111,0.1
27017,0.1
27013,0.1
29131,0.1
35055,0.1
30097,0.1
42017,0.1
17161,0.1
48073,0.1
27033,0.1
47105,0.1
42103,0.1
55059,0.1
8069,0.1
50027,0.1
17143,0.1
30001,0.1
35041,0.1
35005,0.1
8091,0.1
17139,0.1
6071,0.1
6079,0.1
36109,0.1
24017,0.1
6043,0.1
41071,0.1
38027,0.1
35029,0.1
17117,0.1
54057,0.1
35033,0.1
6027,0.1
48291,0.1
17049,0.1
6101,0.1
48183,0.1
49005,0.1
29027,0.1
29159,0.1
4003,0.1
25005,0.1
42079,0.1
48491,0.1
42117,0.1
8105,0.1
4012,0.1
32023,0.1
21117,4
51063,4
34029,4
19043,4
55033,4
37029,4
31029,5
30023,5
6077,6
6025,6
16079,0.1
53001,0.1
16071,0.1
4027,0.1
4023,0.1
31177,0.1
72021,0.1
19159,0.1
19155,0.1
39105,0.1
39107,0.1
19151,0.1
39101,0.1
19153,0.1
39103,0.1
72071,0.1
40029,0.1
22009,0.1
22001,0.1
22003,0.1
22005,0.1
40025,0.1
22007,0.1
46137,0.1
46135,0.1
72027,0.1
27171,0.1
51600,0.1
21101,0.1
21103,0.1
21105,0.1
21107,0.1
21109,0.1
51840,0.1
32017,0.1
12019,0.1
42051,0.1
26151,0.1
42053,0.1
12015,0.1
42059,0.1
12013,0.1
72075,0.1
46009,0.1
51111,0.1
46003,0.1
42083,0.1
2261,0.1
46007,0.1
72077,0.1
46005,0.1
17031,0.1
17033,0.1
17035,0.1
17037,0.1
17039,0.1
39065,0.1
72073,0.1
39063,0.1
39061,0.1
26023,0.1
26027,0.1
42089,0.1
26025,0.1
12123,0.1
12125,0.1
5115,0.1
48261,0.1
20153,0.1
39069,0.1
5111,0.1
72029,0.1
5113,0.1
37009,0.1
37007,0.1
37005,0.1
37001,0.1
36029,0.1
42129,0.1
48237,0.1
36021,0.1
36025,0.1
42125,0.1
48235,0.1
72103,0.1
48233,0.1
51065,0.1
48149,0.1
72081,0.1
51061,0.1
45061,0.1
13059,0.1
45065,0.1
45067,0.1
13053,0.1
13051,0.1
13057,0.1
13055,0.1
72105,0.1
37177,0.1
37171,0.1
37179,0.1
5051,0.1
54085,0.1
31129,0.1
31127,0.1
31125,0.1
31123,0.1
31121,0.1
18149,0.1
37125,0.1
18141,0.1
18143,0.1
18145,0.1
18147,0.1
72085,0.1
37121,0.1
29109,0.1
72129,0.1
29101,0.1
29103,0.1
37123,0.1
29105,0.1
29107,0.1
30017,0.1
8019,0.1
8017,0.1
30011,0.1
8014,0.1
8011,0.1
34041,0.1
46013,0.1
51161,0.1
47035,0.1
47033,0.1
72089,0.1
18115,0.1
19149,0.1
19147,0.1
39173,0.1
19145,0.1
19143,0.1
19141,0.1
72033,0.1
30049,0.1
22019,0.1
22013,0.1
22011,0.1
22017,0.1
22015,0.1
46129,0.1
46123,0.1
46125,0.1
46127,0.1
16065,0.1
16067,0.1
27147,0.1
16061,0.1
16063,0.1
51510,0.1
27149,0.1
18119,0.1
16069,0.1
72035,0.1
21111,0.1
21115,0.1
48447,0.1
21119,0.1
32005,0.1
32003,0.1
26141,0.1
42023,0.1
42025,0.1
2270,0.1
42029,0.1
26149,0.1
12005,0.1
12003,0.1
48129,0.1
51101,0.1
72037,0.1
51109,0.1
13289,0.1
13287,0.1
51127,0.1
13285,0.1
13283,0.1
2050,0.1
30061,0.1
48219,0.1
48127,0.1
26039,0.1
12131,0.1
26031,0.1
26033,0.1
48229,0.1
20089,0.1
20087,0.1
20085,0.1
30067,0.1
20083,0.1
20081,0.1
37019,0.1
13199,0.1
13193,0.1
37011,0.1
13191,0.1
37013,0.1
13197,0.1
37015,0.1
13195,0.1
37017,0.1
48311,0.1
48313,0.1
48315,0.1
48319,0.1
48429,0.1
48137,0.1
13067,0.1
13065,0.1
13063,0.1
13061,0.1
47177,0.1
47069,0.1
13069,0.1
13265,0.1
13267,0.1
13261,0.1
13263,0.1
72097,0.1
13269,0.1
42055,0.1
40089,0.1
48047,0.1
48041,0.1
40081,0.1
40083,0.1
40085,0.1
40087,0.1
20065,0.1
37161,0.1
20067,0.1
37163,0.1
37165,0.1
20063,0.1
37167,0.1
36079,0.1
20069,0.1
72095,0.1
31119,0.1
31113,0.1
31111,0.1
31117,0.1
31115,0.1
48211,0.1
18159,0.1
26159,0.1
18153,0.1
18151,0.1
18155,0.1
72093,0.1
72139,0.1
29119,0.1
29113,0.1
29111,0.1
29117,0.1
29115,0.1
8029,0.1
8023,0.1
8021,0.1
8027,0.1
8025,0.1
72091,0.1
55069,0.1
48055,0.1
47027,0.1
39169,0.1
55039,0.1
19173,0.1
39163,0.1
19171,0.1
39161,0.1
19177,0.1
39167,0.1
19175,0.1
39165,0.1
22027,0.1
22025,0.1
22023,0.1
22021,0.1
22029,0.1
72045,0.1
51620,0.1
16011,0.1
39017,0.1
16013,0.1
39015,0.1
16015,0.1
39011,0.1
16019,0.1
27155,0.1
27153,0.1
22117,0.1
21129,0.1
21127,0.1
21125,0.1
21123,0.1
19081,0.1
21121,0.1
46061,0.1
2201,0.1
46065,0.1
22111,0.1
46067,0.1
12031,0.1
42039,0.1
12037,0.1
40003,0.1
51135,0.1
40005,0.1
51139,0.1
40007,0.1
72041,0.1
13299,0.1
22119,0.1
13291,0.1
13295,0.1
12107,0.1
12105,0.1
12109,0.1
26049,0.1
26041,0.1
26045,0.1
26047,0.1
20099,0.1
19095,0.1
48239,0.1
20091,0.1
20093,0.1
20095,0.1
20097,0.1
13185,0.1
13187,0.1
13181,0.1
13183,0.1
5055,0.1
5057,0.1
13189,0.1
5053,0.1
1107,0.1
48303,0.1
48307,0.1
48305,0.1
48309,0.1
48435,0.1
48437,0.1
48431,0.1
48433,0.1
30047,0.1
53027,0.1
72099,0.1
48123,0.1
48125,0.1
13071,0.1
13073,0.1
13075,0.1
13077,0.1
13079,0.1
13277,0.1
13275,0.1
13273,0.1
13271,0.1
45087,0.1
13279,0.1
18099,0.1
18093,0.1
18091,0.1
18097,0.1
18095,0.1
27113,0.1
48057,0.1
48053,0.1
48051,0.1
40093,0.1
40091,0.1
40097,0.1
40095,0.1
20077,0.1
20075,0.1
20073,0.1
20071,0.1
37195,0.1
37197,0.1
37191,0.1
37193,0.1
20079,0.1
48369,0.1
72049,0.1
28021,0.1
18161,0.1
28023,0.1
16021,0.1
28025,0.1
29127,0.1
48399,0.1
19035,0.1
29123,0.1
28027,0.1
29121,0.1
51595,0.1
20139,0.1
29129,0.1
16025,0.1
48411,0.1
8035,0.1
8031,0.1
17043,0.1
8033,0.1
35045,0.1
72031,0.1
8039,0.1
20133,0.1
20131,0.1
72023,0.1
5133,0.1
31105,0.1
31107,0.1
5131,0.1
31103,0.1
31109,0.1
37103,0.1
72025,0.1
47013,0.1
47017,0.1
19165,0.1
19167,0.1
19161,0.1
19163,0.1
27015,0.1
27011,0.1
53011,0.1
51580,0.1
37109,0.1
55005,0.1
22031,0.1
22033,0.1
22035,0.1
22037,0.1
22039,0.1
51630,0.1
51031,0.1
48391,0.1
27129,0.1
16003,0.1
39027,0.1
16007,0.1
27123,0.1
16009,0.1
27125,0.1
48361,0.1
21139,0.1
21131,0.1
21133,0.1
21135,0.1
21137,0.1
2180,0.1
2185,0.1
12023,0.1
19087,0.1
2188,0.1
12029,0.1
46073,0.1
42127,0.1
42009,0.1
46075,0.1
42007,0.1
42005,0.1
46079,0.1
42001,0.1
51125,0.1
42123,0.1
46053,0.1
45017,0.1
35059,0.1
12111,0.1
12117,0.1
5059,0.1
12119,0.1
41041,0.1
17199,0.1
26053,0.1
26051,0.1
17193,0.1
17191,0.1
48209,0.1
48203,0.1
41069,0.1
48207,0.1
48205,0.1
17175,0.1
17171,0.1
17173,0.1
5047,0.1
5045,0.1
17179,0.1
5041,0.1
51141,0.1
48339,0.1
48335,0.1
48333,0.1
48331,0.1
48117,0.1
48115,0.1
48111,0.1
40153,0.1
40151,0.1
36001,0.1
48417,0.1
48415,0.1
13089,0.1
13085,0.1
13087,0.1
13081,0.1
13083,0.1
26147,0.1
13243,0.1
13241,0.1
13247,0.1
13245,0.1
13249,0.1
29087,0.1
36105,0.1
36107,0.1
31101,0.1
48063,0.1
48065,0.1
48069,0.1
20043,0.1
20041,0.1
20047,0.1
20045,0.1
37189,0.1
37187,0.1
20049,0.1
37185,0.1
37181,0.1
34039,0.1
21085,0.1
1129,0.1
18175,0.1
18177,0.1
1121,0.1
1123,0.1
1125,0.1
1127,0.1
54035,0.1
54037,0.1
54031,0.1
29133,0.1
29135,0.1
29137,0.1
29139,0.1
18087,0.1
1019,0.1
18083,0.1
1015,0.1
1017,0.1
1011,0.1
1013,0.1
8041,0.1
8043,0.1
31009,0.1
8045,0.1
31005,0.1
8049,0.1
31007,0.1
31001,0.1
31003,0.1
11001,0.1
28085,0.1
28081,0.1
31179,0.1
28089,0.1
48083,0.1
47005,0.1
47001,0.1
47003,0.1
19111,0.1
19113,0.1
39143,0.1
19115,0.1
39145,0.1
19117,0.1
27009,0.1
19119,0.1
48381,0.1
49037,0.1
39153,0.1
51051,0.1
46021,0.1
51053,0.1
27139,0.1
19029,0.1
19025,0.1
27133,0.1
16035,0.1
19021,0.1
27137,0.1
16031,0.1
27135,0.1
51800,0.1
39159,0.1
12057,0.1
12059,0.1
46049,0.1
46047,0.1
46045,0.1
46043,0.1
2220,0.1
5147,0.1
51157,0.1
5145,0.1
5143,0.1
21097,0.1
21095,0.1
21093,0.1
21091,0.1
5141,0.1
26067,0.1
26063,0.1
26069,0.1
17189,0.1
17181,0.1
17185,0.1
17187,0.1
5079,0.1
17163,0.1
5073,0.1
5071,0.1
5077,0.1
5075,0.1
2150,0.1
48321,0.1
48101,0.1
48103,0.1
48105,0.1
39067,0.1
48109,0.1
48459,0.1
13099,0.1
13097,0.1
13095,0.1
13093,0.1
13091,0.1
13259,0.1
13257,0.1
13251,0.1
13253,0.1
37097,0.1
9015,0.1
9011,0.1
9013,0.1
48075,0.1
48077,0.1
48071,0.1
24027,0.1
24021,0.1
20059,0.1
20055,0.1
24029,0.1
20051,0.1
20053,0.1
40145,0.1
40147,0.1
40141,0.1
40143,0.1
40149,0.1
72079,0.1
1133,0.1
1131,0.1
18181,0.1
18183,0.1
54023,0.1
53003,0.1
1009,0.1
1007,0.1
1005,0.1
1003,0.1
1001,0.1
8053,0.1
8057,0.1
8055,0.1
31019,0.1
31017,0.1
8059,0.1
31015,0.1
30019,0.1
31013,0.1
31011,0.1
48507,0.1
15003,0.1
39023,0.1
28091,0.1
23013,0.1
28093,0.1
23015,0.1
28095,0.1
28097,0.1
28099,0.1
31169,0.1
47079,0.1
47071,0.1
47077,0.1
19103,0.1
27039,0.1
19101,0.1
51036,0.1
19105,0.1
19109,0.1
27037,0.1
47107,0.1
47101,0.1
47103,0.1
48393,0.1
47109,0.1
27107,0.1
27105,0.1
27101,0.1
29067,0.1
39049,0.1
16029,0.1
72047,0.1
19039,0.1
39041,0.1
19037,0.1
39043,0.1
16023,0.1
39045,0.1
39047,0.1
19031,0.1
51810,0.1
5099,0.1
72043,0.1
12047,0.1
12049,0.1
72125,0.1
46059,0.1
46051,0.1
2232,0.1
46055,0.1
46057,0.1
12027,0.1
72121,0.1
5091,0.1
51143,0.1
29069,0.1
51147,0.1
51145,0.1
33019,0.1
21081,0.1
21083,0.1
2090,0.1
21087,0.1
21089,0.1
51830,0.1
26071,0.1
26075,0.1
5065,0.1
5067,0.1
5061,0.1
5063,0.1
5069,0.1
17153,0.1
48269,0.1
17151,0.1
46071,0.1
17157,0.1
17155,0.1
48181,0.1
17159,0.1
46077,0.1
13319,0.1
13315,0.1
13317,0.1
13311,0.1
17081,0.1
17087,0.1
17089,0.1
49027,0.1
48469,0.1
48463,0.1
48461,0.1
20119,0.1
20115,0.1
20117,0.1
20111,0.1
20113,0.1
36121,0.1
13229,0.1
48265,0.1
48267,0.1
13221,0.1
13223,0.1
13225,0.1
13227,0.1
51640,0.1
40045,0.1
40047,0.1
40041,0.1
40043,0.1
9007,0.1
9005,0.1
9003,0.1
9001,0.1
48003,0.1
9009,0.1
20029,0.1
24037,0.1
24035,0.1
24033,0.1
24031,0.1
20021,0.1
20023,0.1
20025,0.1
20027,0.1
24039,0.1
13137,0.1
13131,0.1
13133,0.1
40139,0.1
13139,0.1
72141,0.1
72069,0.1
72067,0.1
72065,0.1
72061,0.1
54011,0.1
54017,0.1
38019,0.1
38015,0.1
30075,0.1
38017,0.1
38011,0.1
1039,0.1
1031,0.1
1037,0.1
1035,0.1
30005,0.1
30003,0.1
31023,0.1
8067,0.1
8065,0.1
8063,0.1
31025,0.1
8061,0.1
51540,0.1
28069,0.1
23007,0.1
31159,0.1
23005,0.1
28065,0.1
28067,0.1
23009,0.1
28061,0.1
28063,0.1
1109,0.1
27027,0.1
27021,0.1
27023,0.1
27029,0.1
47065,0.1
40131,0.1
19139,0.1
19137,0.1
19135,0.1
19133,0.1
19131,0.1
40135,0.1
40137,0.1
47117,0.1
47115,0.1
47113,0.1
40031,0.1
72003,0.1
8087,0.1
8081,0.1
8083,0.1
27119,0.1
8089,0.1
40035,0.1
28115,0.1
19009,0.1
39059,0.1
28111,0.1
28113,0.1
19003,0.1
19001,0.1
39051,0.1
19007,0.1
39057,0.1
12079,0.1
12077,0.1
12073,0.1
12071,0.1
51177,0.1
51175,0.1
51173,0.1
42091,0.1
49013,0.1
51179,0.1
51775,0.1
51770,0.1
46083,0.1
46081,0.1
46087,0.1
49017,0.1
46085,0.1
49055,0.1
46089,0.1
49053,0.1
72063,0.1
21079,0.1
42099,0.1
21075,0.1
21077,0.1
21071,0.1
21073,0.1
26085,0.1
26081,0.1
26083,0.1
5011,0.1
5013,0.1
5015,0.1
5017,0.1
5019,0.1
21219,0.1
17149,0.1
21211,0.1
17145,0.1
21213,0.1
21217,0.1
21189,0.1
13309,0.1
21181,0.1
13307,0.1
21183,0.1
13305,0.1
21185,0.1
13303,0.1
13301,0.1
12095,0.1
17093,0.1
12097,0.1
17097,0.1
17095,0.1
17099,0.1
48475,0.1
48477,0.1
5129,0.1
20109,0.1
20107,0.1
20105,0.1
5121,0.1
20101,0.1
51075,0.1
48273,0.1
13239,0.1
13233,0.1
13231,0.1
13237,0.1
13235,0.1
41055,0.1
41057,0.1
5049,0.1
41053,0.1
40059,0.1
44005,0.1
40057,0.1
44007,0.1
40055,0.1
40053,0.1
44003,0.1
40051,0.1
48019,0.1
29099,0.1
29097,0.1
29095,0.1
29093,0.1
48017,0.1
48015,0.1
24001,0.1
20039,0.1
20033,0.1
20031,0.1
20037,0.1
20035,0.1
37087,0.1
13127,0.1
37085,0.1
13125,0.1
37083,0.1
13123,0.1
13121,0.1
40129,0.1
37089,0.1
13129,0.1
72059,0.1
72053,0.1
72051,0.1
72057,0.1
72055,0.1
72054,0.1
54009,0.1
54007,0.1
54001,0.1
1025,0.1
48497,0.1
1027,0.1
1023,0.1
38009,0.1
38007,0.1
38005,0.1
1029,0.1
38001,0.1
8079,0.1
30037,0.1
30035,0.1
8071,0.1
8073,0.1
8075,0.1
18035,0.1
18031,0.1
18033,0.1
48489,0.1
72133,0.1
1111,0.1
31149,0.1
1113,0.1
1115,0.1
1117,0.1
1119,0.1
28077,0.1
28075,0.1
29079,0.1
28073,0.1
23031,0.1
28071,0.1
47055,0.1
47051,0.1
47059,0.1
27051,0.1
27055,0.1
30009,0.1
50017,0.1
19129,0.1
50011,0.1
19121,0.1
19123,0.1
19125,0.1
19127,0.1
31035,0.1
31037,0.1
31031,0.1
35009,0.1
31039,0.1
48441,0.1
48443,0.1
47123,0.1
47127,0.1
47125,0.1
48445,0.1
47129,0.1
8097,0.1
19015,0.1
8095,0.1
19017,0.1
8093,0.1
19011,0.1
19019,0.1
8099,0.1
28107,0.1
28103,0.1
28101,0.1
39001,0.1
28109,0.1
72083,0.1
12069,0.1
6091,0.1
12063,0.1
12065,0.1
12067,0.1
29211,0.1
51163,0.1
29213,0.1
72109,0.1
51760,0.1
29215,0.1
29217,0.1
46095,0.1
46091,0.1
46093,0.1
21069,0.1
21067,0.1
21065,0.1
21063,0.1
21061,0.1
72101,0.1
26095,0.1
26093,0.1
1105,0.1
30099,0.1
1103,0.1
5003,0.1
5001,0.1
56041,0.1
5007,0.1
72107,0.1
5005,0.1
5009,0.1
1101,0.1
21209,0.1
17131,0.1
17133,0.1
21201,0.1
17135,0.1
21207,0.1
17137,0.1
21205,0.1
21199,0.1
21193,0.1
21191,0.1
21197,0.1
21195,0.1
12087,0.1
6075,0.1
12085,0.1
12083,0.1
2164,0.1
12089,0.1
48169,0.1
17045,0.1
17047,0.1
17041,0.1
5139,0.1
5137,0.1
5135,0.1
20137,0.1
20135,0.1
13207,0.1
13205,0.1
13201,0.1
13209,0.1
36065,0.1
48247,0.1
48245,0.1
47187,0.1
45015,0.1
41047,0.1
40069,0.1
41045,0.1
40063,0.1
40061,0.1
40067,0.1
40065,0.1
41049,0.1
20007,0.1
29089,0.1
20005,0.1
46017,0.1
20003,0.1
20001,0.1
29081,0.1
29083,0.1
29085,0.1
20009,0.1
24019,0.1
24011,0.1
24013,0.1
13113,0.1
13111,0.1
37093,0.1
13117,0.1
37095,0.1
13115,0.1
12007,0.1
37099,0.1
13119,0.1
40111,0.1
54043,0.1
54071,0.1
54073,0.1
54075,0.1
54077,0.1
1051,0.1
38039,0.1
1053,0.1
1055,0.1
1057,0.1
38033,0.1
1059,0.1
38031,0.1
38037,0.1
47067,0.1
51790,0.1
30029,0.1
34011,0.1
30025,0.1
34013,0.1
30027,0.1
34015,0.1
30021,0.1
54105,0.1
18027,0.1
54107,0.1
18025,0.1
18023,0.1
54103,0.1
18021,0.1
38105,0.1
51009,0.1
38101,0.1
23029,0.1
29065,0.1
29063,0.1
29061,0.1
28043,0.1
28041,0.1
28047,0.1
23025,0.1
28045,0.1
47041,0.1
47047,0.1
47049,0.1
51550,0.1
27043,0.1
27041,0.1
27047,0.1
27045,0.1
53049,0.1
50009,0.1
51570,0.1
31041,0.1
35013,0.1
35011,0.1
31045,0.1
35017,0.1
31047,0.1
35015,0.1
31049,0.1
35019,0.1
51680,0.1
51683,0.1
51685,0.1
47139,0.1
50023,0.1
47137,0.1
47131,0.1
39071,0.1
19063,0.1
39073,0.1
19065,0.1
19067,0.1
39077,0.1
19069,0.1
39079,0.1
28133,0.1
28131,0.1
28137,0.1
28135,0.1
28139,0.1
22105,0.1
51197,0.1
51191,0.1
22081,0.1
22083,0.1
22085,0.1
22087,0.1
16047,0.1
22089,0.1
40017,0.1
2280,0.1
2282,0.1
40015,0.1
16043,0.1
21059,0.1
21053,0.1
21051,0.1
16041,0.1
21057,0.1
21055,0.1
51149,0.1
21237,0.1
21233,0.1
21231,0.1
5039,0.1
53045,0.1
5037,0.1
5035,0.1
53041,0.1
5033,0.1
5031,0.1
17129,0.1
13321,0.1
17123,0.1
17121,0.1
17127,0.1
17125,0.1
48179,0.1
72087,0.1
26135,0.1
26137,0.1
26131,0.1
2110,0.1
26139,0.1
20125,0.1
20127,0.1
20121,0.1
20123,0.1
20129,0.1
17057,0.1
17055,0.1
17053,0.1
12133,0.1
5101,0.1
5107,0.1
5105,0.1
13211,0.1
26037,0.1
13215,0.1
13217,0.1
13219,0.1
53035,0.1
2020,0.1
48251,0.1
48255,0.1
45007,0.1
45005,0.1
45009,0.1
20011,0.1
20013,0.1
20015,0.1
20017,0.1
20019,0.1
28117,0.1
37069,0.1
13109,0.1
37065,0.1
13105,0.1
13107,0.1
37061,0.1
13101,0.1
13103,0.1
38025,0.1
29183,0.1
29185,0.1
38021,0.1
29187,0.1
29186,0.1
29189,0.1
54063,0.1
38029,0.1
1041,0.1
1047,0.1
1045,0.1
28119,0.1
1049,0.1
5109,0.1
40071,0.1
40073,0.1
40079,0.1
72149,0.1
30051,0.1
30053,0.1
17051,0.1
30055,0.1
34007,0.1
5043,0.1
18013,0.1
18011,0.1
18017,0.1
18015,0.1
48383,0.1
18019,0.1
28055,0.1
28057,0.1
28051,0.1
28053,0.1
28059,0.1
29057,0.1
29055,0.1
72039,0.1
29059,0.1
17059,0.1
37119,0.1
18081,0.1
72019,0.1
72017,0.1
13213,0.1
27079,0.1
27077,0.1
31185,0.1
27075,0.1
27073,0.1
31181,0.1
31183,0.1
48481,0.1
72013,0.1
18089,0.1
31053,0.1
31057,0.1
31055,0.1
35027,0.1
35023,0.1
35021,0.1
51690,0.1
36019,0.1
47141,0.1
47145,0.1
47147,0.1
19073,0.1
19071,0.1
19075,0.1
39085,0.1
39087,0.1
19079,0.1
39081,0.1
38047,0.1
39083,0.1
28129,0.1
28125,0.1
28123,0.1
16081,0.1
16087,0.1
16085,0.1
51610,0.1
51181,0.1
22093,0.1
22091,0.1
27091,0.1
22097,0.1
27093,0.1
22095,0.1
22099,0.1
21045,0.1
21047,0.1
21041,0.1
21043,0.1
17203,0.1
17201,0.1
2290,0.1
21049,0.1
48033,0.1
72005,0.1
18109,0.1
39033,0.1
51678,0.1
21221,0.1
17115,0.1
21223,0.1
17113,0.1
21225,0.1
17111,0.1
21227,0.1
5021,0.1
21229,0.1
5023,0.1
5025,0.1
53053,0.1
5027,0.1
53051,0.1
36099,0.1
51670,0.1
42085,0.1
6059,0.1
2100,0.1
26129,0.1
20151,0.1
10005,0.1
5117,0.1
10001,0.1
20157,0.1
20159,0.1
5119,0.1
17063,0.1
17061,0.1
17067,0.1
17065,0.1
17069,0.1
34021,0.1
48427,0.1
45033,0.1
45031,0.1
45037,0.1
41067,0.1
41061,0.1
48287,0.1
48285,0.1
13179,0.1
36071,0.1
36073,0.1
37079,0.1
13171,0.1
37077,0.1
13173,0.1
13175,0.1
37073,0.1
13177,0.1
37071,0.1
32021,0.1
54059,0.1
38051,0.1
38053,0.1
38055,0.1
29197,0.1
38057,0.1
29195,0.1
38059,0.1
29199,0.1
1079,0.1
1077,0.1
1075,0.1
1073,0.1
1071,0.1
13005,0.1
13007,0.1
13001,0.1
13003,0.1
40009,0.1
13009,0.1
1095,0.1
1091,0.1
1093,0.1
30043,0.1
30041,0.1
1099,0.1
72007,0.1
40101,0.1
18007,0.1
18001,0.1
18003,0.1
20205,0.1
20207,0.1
20201,0.1
20203,0.1
18171,0.1
45091,0.1
37133,0.1
20209,0.1
40105,0.1
37107,0.1
37105,0.1
29049,0.1
37101,0.1
29045,0.1
29047,0.1
29041,0.1
29510,0.1
31091,0.1
27069,0.1
51515,0.1
27063,0.1
48197,0.1
34037,0.1
34035,0.1
31069,0.1
31067,0.1
35031,0.1
31065,0.1
31063,0.1
31061,0.1
35037,0.1
51021,0.1
19193,0.1
19195,0.1
51023,0.1
19197,0.1
31085,0.1
31087,0.1
47159,0.1
31081,0.1
31083,0.1
47151,0.1
31089,0.1
47157,0.1
47155,0.1
48045,0.1
46035,0.1
19049,0.1
39099,0.1
19047,0.1
39097,0.1
19045,0.1
19041,0.1
39091,0.1
51029,0.1
54069,0.1
39149,0.1
28151,0.1
28153,0.1
46031,0.1
28155,0.1
28157,0.1
38023,0.1
48379,0.1
48049,0.1
27087,0.1
27085,0.1
27083,0.1
27081,0.1
51730,0.1
51735,0.1
27089,0.1
21031,0.1
21033,0.1
21035,0.1
21037,0.1
21039,0.1
22045,0.1
39111,0.1
22047,0.1
22041,0.1
22043,0.1
18179,0.1
25027,0.1
25025,0.1
22049,0.1
28141,0.1
17091,0.1
37169,0.1
56015,0.1
17101,0.1
53069,0.1
17103,0.1
17105,0.1
17107,0.1
17109,0.1
36089,0.1
21149,0.1
37139,0.1
21145,0.1
21147,0.1
21141,0.1
36085,0.1
21143,0.1
2130,0.1
26113,0.1
26111,0.1
40077,0.1
42095,0.1
26115,0.1
42097,0.1
26119,0.1
6023,0.1
20143,0.1
20141,0.1
20147,0.1
20145,0.1
48195,0.1
20149,0.1
17079,0.1
17077,0.1
17071,0.1
17073,0.1
41019,0.1
45029,0.1
45025,0.1
41013,0.1
45027,0.1
45021,0.1
45023,0.1
24043,0.1
48299,0.1
29219,0.1
48295,0.1
48297,0.1
53025,0.1
2170,0.1
37049,0.1
13169,0.1
37043,0.1
13163,0.1
13161,0.1
37047,0.1
13167,0.1
37045,0.1
13165,0.1
54047,0.1
38043,0.1
38041,0.1
30057,0.1
38045,0.1
38049,0.1
1069,0.1
1061,0.1
1063,0.1
1065,0.1
1067,0.1
13017,0.1
13015,0.1
13013,0.1
30109,0.1
13011,0.1
30105,0.1
40019,0.1
30103,0.1
30101,0.1
13019,0.1
1087,0.1
1085,0.1
1083,0.1
1081,0.1
1089,0.1
18079,0.1
18071,0.1
18073,0.1
18075,0.1
18077,0.1
28033,0.1
28031,0.1
28037,0.1
48189,0.1
28039,0.1
29039,0.1
37131,0.1
37137,0.1
37135,0.1
29031,0.1
29033,0.1
29035,0.1
29037,0.1
47093,0.1
47091,0.1
40037,0.1
18105,0.1
16037,0.1
18107,0.1
18101,0.1
18103,0.1
19027,0.1
8121,0.1
39037,0.1
16033,0.1
29145,0.1
31079,0.1
29147,0.1
34023,0.1
29141,0.1
19023,0.1
29143,0.1
34027,0.1
31071,0.1
31073,0.1
29149,0.1
31075,0.1
30079,0.1
31077,0.1
19189,0.1
19183,0.1
19181,0.1
19187,0.1
47169,0.1
19185,0.1
31097,0.1
31095,0.1
31093,0.1
5125,0.1
31099,0.1
19059,0.1
5127,0.1
49021,0.1
19051,0.1
19053,0.1
19055,0.1
19057,0.1
31141,0.1
28149,0.1
51740,0.1
28143,0.1
5123,0.1
28147,0.1
28145,0.1
37113,0.1
37031,0.1
72131,0.1
22123,0.1
22121,0.1
22127,0.1
22125,0.1
31143,0.1
72135,0.1
39135,0.1
39137,0.1
39131,0.1
39133,0.1
51720,0.1
72137,0.1
39139,0.1
21023,0.1
21021,0.1
21027,0.1
21025,0.1
21029,0.1
22057,0.1
25019,0.1
22055,0.1
22053,0.1
22051,0.1
25013,0.1
25011,0.1
25017,0.1
25015,0.1
22059,0.1
42133,0.1
31145,0.1
6105,0.1
48271,0.1
51650,0.1
53031,0.1
21159,0.1
21157,0.1
21155,0.1
21153,0.1
21151,0.1
2122,0.1
31147,0.1
26109,0.1
6033,0.1
26105,0.1
6031,0.1
26101,0.1
26103,0.1
48359,0.1
40107,0.1
20179,0.1
20177,0.1
20175,0.1
20171,0.1
17009,0.1
46041,0.1
17001,0.1
44009,0.1
17003,0.1
17007,0.1
53075,0.1
2016,0.1
2013,0.1
41009,0.1
41003,0.1
45053,0.1
40033,0.1
45057,0.1
29203,0.1
29201,0.1
29207,0.1
29205,0.1
29209,0.1
13157,0.1
37055,0.1
13155,0.1
37057,0.1
13153,0.1
37051,0.1
13151,0.1
37053,0.1
37059,0.1
13159,0.1
36053,0.1
36057,0.1
36055,0.1
33003,0.1
48409,0.1
33007,0.1
48023,0.1
55109,0.1
48175,0.1
48177,0.1
48171,0.1
38079,0.1
38077,0.1
38075,0.1
38073,0.1
48407,0.1
20195,0.1
20197,0.1
20191,0.1
20193,0.1
20199,0.1
13023,0.1
13027,0.1
13025,0.1
13029,0.1
39005,0.1
40023,0.1
40021,0.1
35028,0.1
18063,0.1
18061,0.1
18067,0.1
18065,0.1
28009,0.1
28005,0.1
28003,0.1
28001,0.1
72009,0.1
29029,0.1
39007,0.1
29023,0.1
29021,0.1
29025,0.1
18117,0.1
8119,0.1
18113,0.1
18111,0.1
8113,0.1
8111,0.1
8117,0.1
8115,0.1
51007,0.1
40123,0.1
24510,0.1
38095,0.1
29157,0.1
38097,0.1
29155,0.1
29153,0.1
38093,0.1
29151,0.1
30069,0.1
38099,0.1
53057,0.1
39129,0.1
37115,0.1
47179,0.1
40125,0.1
40119,0.1
47085,0.1
47087,0.1
45079,0.1
47083,0.1
47089,0.1
19083,0.1
22115,0.1
37117,0.1
22113,0.1
42037,0.1
19085,0.1
16055,0.1
19089,0.1
16051,0.1
16053,0.1
4009,0.1
51710,0.1
39127,0.1
39125,0.1
51083,0.1
39123,0.1
51081,0.1
39121,0.1
72015,0.1
31155,0.1
37111,0.1
21019,0.1
25003,0.1
21017,0.1
21015,0.1
21013,0.1
25009,0.1
21011,0.1
22063,0.1
42065,0.1
22061,0.1
22067,0.1
22065,0.1
51001,0.1
22069,0.1
46111,0.1
46113,0.1
49009,0.1
46115,0.1
46117,0.1
48389,0.1
46119,0.1
49033,0.1
51660,0.1
31153,0.1
72001,0.1
21169,0.1
21163,0.1
21161,0.1
21167,0.1
21165,0.1
6007,0.1
6003,0.1
49031,0.1
46029,0.1
46025,0.1
46027,0.1
2240,0.1
42073,0.1
46023,0.1
42071,0.1
20169,0.1
5149,0.1
20163,0.1
20167,0.1
17019,0.1
51590,0.1
17013,0.1
17017,0.1
17015,0.1
51047,0.1
51017,0.1
2068,0.1
26007,0.1
17165,0.1
26001,0.1
51045,0.1
2060,0.1
48505,0.1
48501,0.1
45041,0.1
51750,0.1
48499,0.1
13141,0.1
37023,0.1
13143,0.1
37025,0.1
13145,0.1
37027,0.1
13147,0.1
13149,0.1
5093,0.1
5095,0.1
5097,0.1
42105,0.1
36049,0.1
36045,0.1
17169,0.1
36041,0.1
72153,0.1
38069,0.1
48165,0.1
48163,0.1
48161,0.1
38061,0.1
38063,0.1
38065,0.1
38067,0.1
20187,0.1
20185,0.1
20183,0.1
20181,0.1
20189,0.1
41037,0.1
40039,0.1
13039,0.1
41031,0.1
13035,0.1
72151,0.1
13037,0.1
13033,0.1
18057,0.1
30033,0.1
18055,0.1
48095,0.1
18053,0.1
18051,0.1
18059,0.1
31163,0.1
29017,0.1
28019,0.1
29015,0.1
72127,0.1
29011,0.1
28011,0.1
28013,0.1
28015,0.1
29019,0.1
28017,0.1
37151,0.1
37153,0.1
37157,0.1
18123,0.1
18121,0.1
18125,0.1
51520,0.1
31161,0.1
29163,0.1
38087,0.1
29161,0.1
38085,0.1
29167,0.1
38083,0.1
29165,0.1
38081,0.1
40121,0.1
29169,0.1
30091,0.1
38089,0.1
47189,0.1
46015,0.1
49007,0.1
47181,0.1
47183,0.1
31167,0.1
72123,0.1
48457,0.1
28161,0.1
28163,0.1
48107,0.1
48345,0.1
40127,0.1
53013,0.1
22101,0.1
22103,0.1
19099,0.1
22107,0.1
22109,0.1
19097,0.1
19091,0.1
19093,0.1
31165,0.1
51700,0.1
44001,0.1
39113,0.1
32510,0.1
51093,0.1
39117,0.1
51095,0.1
39115,0.1
51097,0.1
51099,0.1
39119,0.1
39019,0.1
21009,0.1
21001,0.1
21003,0.1
21005,0.1
21007,0.1
48357,0.1
22079,0.1
22075,0.1
22077,0.1
22071,0.1
22073,0.1
29075,0.1
46107,0.1
46105,0.1
48341,0.1
46109,0.1
29077,0.1
53017,0.1
27167,0.1
27163,0.1
29071,0.1
72117,0.1
21175,0.1
53043,0.1
21177,0.1
21171,0.1
21173,0.1
51067,0.1
56027,0.1
21179,0.1
30087,0.1
30085,0.1
53015,0.1
30083,0.1
49029,0.1
46039,0.1
26163,0.1
42041,0.1
17027,0.1
17025,0.1
17023,0.1
17021,0.1
48373,0.1
17029,0.1
72145,0.1
51820,0.1
48081,0.1
26015,0.1
26011,0.1
2070,0.1
26019,0.1
42113,0.1
46063,0.1
72147,0.1
36113,0.1
29221,0.1
29223,0.1
29225,0.1
29227,0.1
37033,0.1
5089,0.1
37035,0.1
5083,0.1
42119,0.1
5081,0.1
37039,0.1
5087,0.1
5085,0.1
36117,0.1
36039,0.1
42131,0.1
48191,0.1
36031,0.1
36033,0.1
36115,0.1
36035,0.1
8009,0.1
54093,0.1
54091,0.1
54097,0.1
72011,0.1
48153,0.1
48151,0.1
48157,0.1
48155,0.1
48405,0.1
48159,0.1
48401,0.1
48403,0.1
13049,0.1
41021,0.1
41023,0.1
45071,0.1
41029,0.1
13043,0.1
13045,0.1
13047,0.1
18041,0.1
18043,0.1
18045,0.1
18047,0.1
18049,0.1
72143,0.1
48087,0.1
55078,0.1
29001,0.1
29003,0.1
29005,0.1
29007,0.1
37149,0.1
72115,0.1
51011,0.1
37143,0.1
37141,0.1
37147,0.1
51530,0.1
5029,0.1
31139,0.1
48173,0.1
31135,0.1
31131,0.1
31133,0.1
51015,0.1
18139,0.1
18135,0.1
18137,0.1
18131,0.1
18133,0.1
48079,0.1
31173,0.1
53059,0.1
72113,0.1
72111,0.1
29179,0.1
30089,0.1
29175,0.1
29177,0.1
29171,0.1
29173,0.1
33015,0.1
20103,0.1
17119,0.1
8007,0.1
8001,0.1
31175,0.1
48279,0.1
72119,0.1
53067,3.13
53061,3.15
53073,3.28
53029,3.28
39035,3.34
42049,3.4
42101,3.41
55001,3.43
42111,3.43
42021,3.44
39155,3.44
41051,3.45
41001,3.46
39055,3.46
53009,3.47
39093,3.47
48375,3.47
39151,3.48
39029,3.48
51035,3.49
54039,3.49
42087,3.49
33017,3.5
40115,3.5
39175,3.51
26003,3.52
42057,3.53
39075,3.53
39157,3.54
39031,3.54
39013,3.54
26087,3.56
26117,3.56
51089,3.56
26017,3.56
39171,3.57
51137,3.57
39039,3.57
26073,3.57
48483,3.57
39003,3.57
26123,3.57
42033,3.57
26153,3.58
26079,3.58
36069,3.58
39095,3.58
51155,3.59
26061,3.59
26005,3.59
26125,3.59
26021,3.6
26029,3.6
42015,3.6
26089,3.6
26091,3.6
26145,3.6
54045,3.6
26161,3.6
26155,3.61
26143,3.61
26059,3.61
26057,3.61
26077,3.61
26121,3.61
26055,3.62
47175,3.63
18163,3.63
18039,3.63
39089,3.63
18005,3.63
24047,3.63
26009,3.63
26165,3.63
29009,3.63
50021,3.64
26013,3.64
54025,3.65
18037,3.65
50013,3.65
26099,3.65
26097,3.65
18127,3.65
36013,3.66
39021,3.66
36111,3.66
0,3.67
55027,3.67
55043,3.67
55055,3.67
55083,3.67
55087,3.67
36067,3.68
26107,3.68
55067,3.69
54003,3.69
50015,3.69
50005,3.69
45039,3.69
54053,3.69
55015,3.69
17085,3.7
51193,3.7
55117,3.71
26043,3.71
18085,3.71
17167,3.71
36077,3.71
42047,3.71
54027,3.72
51185,3.72
36093,3.72
36119,3.73
55025,3.73
55085,3.73
55089,3.73
26127,3.73
55013,3.73
26065,3.74
48263,3.74
23003,3.74
17011,3.74
54087,3.75
55105,3.75
55135,3.75
17083,3.75
50025,3.75
26157,3.76
36009,3.76
55137,3.76
55131,3.76
51183,3.76
55099,3.76
36083,3.76
49001,3.76
42069,3.76
39009,3.77
55103,3.77
25021,3.77
36081,3.77
55111,3.78
17177,3.78
36101,3.78
55127,3.78
51159,3.78
25023,3.78
31151,3.78
36075,3.79
39141,3.79
39147,3.79
36047,3.79
50001,3.79
36087,3.79
17005,3.79
47173,3.79
25007,3.79
42067,3.79
42061,3.79
42115,3.79
36027,3.8
42035,3.8
55061,3.8
50003,3.8
36015,3.8
36003,3.81
55003,3.81
55091,3.81
54013,3.81
47121,3.81
25001,3.81
55037,3.82
55045,3.82
55017,3.82
36091,3.82
36059,3.82
41015,3.82
41005,3.82
36043,3.82
55119,3.83
55101,3.83
51119,3.83
55071,3.83
55075,3.83
39053,3.83
50019,3.83
55113,3.84
55063,3.84
55053,3.84
55047,3.84
34017,3.84
55093,3.84
42107,3.84
36023,3.85
54089,3.85
55029,3.85
51103,3.85
55139,3.85
42003,3.85
42011,3.85
42109,3.85
48011,3.85
34003,3.85
36095,3.85
48283,3.85
54055,3.85
55097,3.85
54081,3.86
34031,3.86
42013,3.86
42093,3.86
34019,3.86
50007,3.86
54061,3.86
54065,3.86
42077,3.86
47039,3.87
19061,3.87
34025,3.87
36061,3.87
42063,3.87
36037,3.87
42031,3.88
51131,3.88
17147,3.88
55021,3.88
54109,3.88
42081,3.88
54067,3.88
55115,3.89
55009,3.89
51057,3.89
42019,3.89
55023,3.9
55011,3.9
18173,3.9
23011,3.9
23017,3.9
55007,3.91
42121,3.91
55123,3.91
23019,3.91
36123,3.91
55079,3.91
55031,3.91
55133,3.92
39025,3.92
55129,3.92
21203,3.92
36103,3.92
48253,3.92
19191,3.92
54049,3.92
33013,3.93
46121,3.93
27159,3.93
55141,3.93
51049,3.93
20165,3.93
41039,3.93
42027,3.94
19005,3.94
51073,3.94
23021,3.94
55049,3.94
21113,3.95
18165,3.95
51121,3.95
55065,3.95
36097,3.95
55041,3.95
42043,3.95
42045,3.95
36005,3.96
24025,3.96
54019,3.96
24009,3.96
19013,3.96
27049,3.96
55035,3.96
36011,3.97
18169,3.97
55125,3.97
20057,3.97
47057,3.97
23027,3.97
41017,3.97
33005,3.97
29229,3.97
38035,3.98
47009,3.99
19033,3.99
33011,3.99
31027,3.99
18029,3.99
31043,3.99
55081,3.99
33009,3.99
36051,3.99
48119,4.01
54029,4.01
55077,4.01
34005,4.01
27169,4.01
18157,4.02
27057,4.02
38103,4.02
29181,4.02
33001,4.02
51003,4.02
42075,4.02
47023,4.03
36007,4.03
27097,4.03
36063,4.03
27151,4.04
55121,4.04
27131,4.04
27103,4.04
23001,4.04
54079,4.04
55073,4.04
47133,4.04
55019,4.04
51133,4.05
27005,4.05
21099,4.05
48493,4.05
6045,4.05
31059,4.05
18129,4.05
47081,4.06
47111,4.06
47007,4.06
27003,4.06
23023,4.06
10003,4.06
54051,4.06
27065,4.06
47163,4.06
38091,4.06
27165,4.06
27161,4.06
47011,4.07
47019,4.07
47075,4.07
51019,4.07
37041,4.07
47171,4.07
27115,4.08
27127,4.08
19107,4.08
21239,4.08
27117,4.08
24045,4.08
18069,4.08
51005,4.08
27173,4.09
51113,4.09
47031,4.09
27121,4.09
27007,4.09
27035,4.09
47061,4.09
24005,4.09
27059,4.09
27095,4.09
27061,4.09
34033,4.09
47153,4.09
51085,4.09
48225,4.09
27145,4.1
27157,4.1
47073,4.1
21235,4.1
41025,4.1
37127,4.11
37183,4.11
27109,4.11
55057,4.11
27071,4.11
47149,4.11
18009,4.11
27067,4.11
55095,4.11
47161,4.11
47021,4.12
18167,4.12
47015,4.12
24003,4.12
40103,4.12
47119,4.13
21215,4.13
51187,4.13
29043,4.13
47167,4.13
38071,4.13
51091,4.13
40099,4.14
51079,4.14
48327,4.14
47143,4.14
27099,4.14
41063,4.14
24041,4.14
51071,4.14
6109,4.14
47185,4.14
27143,4.15
51033,4.15
27001,4.15
27053,4.15
47045,4.15
47135,4.15
19157,4.16
47025,4.17
47029,4.17
51069,4.17
27031,4.17
27025,4.17
47063,4.17
21187,4.17
47053,4.17
24015,4.17
47099,4.17
47097,4.17
17197,4.18
17195,4.18
48241,4.18
47165,4.18
47043,4.19
19179,4.2
24023,4.2
54021,4.2
34001,4.2
46037,4.21
1033,4.22
6061,4.22
27019,4.23
17183,4.23
48323,4.23
48451,4.23
48147,4.24
19169,4.24
48231,4.25
34009,4.25
17075,4.25
13031,4.25
51115,4.26
17141,4.26
51013,4.26
15007,4.27
37081,4.27
51025,4.27
48419,4.29
48487,4.29
38003,4.29
29073,4.3
1043,4.3
54041,4.3
51165,4.31
41043,4.31
41033,4.31
19077,4.32
13021,4.32
46069,4.32
48085,4.32
46011,4.33
27141,4.33
40113,4.34
46099,4.35
51171,4.35
41027,4.35
6111,4.36
37175,4.37
51153,4.37
51105,4.37
51169,4.38
51043,4.38
46101,4.38
31137,4.38
51087,4.39
37021,4.39
37067,4.4
51117,4.41
28029,4.41
13255,4.41
13313,4.41
28079,4.41
56011,4.41
28035,4.41
28007,4.41
48351,4.42
28087,4.42
1021,4.42
28105,4.42
6073,4.42
54101,4.42
28127,4.42
28121,4.42
51107,4.43
13293,4.43
51059,4.43
51027,4.43
28159,4.43
28083,4.44
53047,4.44
5103,4.44
28049,4.45
37155,4.45
31021,4.46
48277,4.46
29091,4.46
54005,4.46
40013,4.46
31051,4.46
29125,4.47
29051,4.47
37199,4.48
37003,4.49
29053,4.49
37129,4.49
29013,4.49
37063,4.5
53019,4.5
13281,4.51
46097,4.51
37145,4.51
54083,4.52
45063,4.54
54095,4.54
56039,4.55
37037,4.56
48367,4.57
51077,4.57
48007,4.57
48167,4.57
51167,4.57
48259,4.57
48091,4.58
45069,4.58
48039,4.58
48281,4.58
37173,4.59
51041,4.59
16017,4.6
45055,4.6
48199,4.61
45089,4.61
48067,4.61
48289,4.61
37159,4.61
12113,4.62
48275,4.62
45003,4.62
48317,4.63
48139,4.63
12039,4.63
12115,4.63
13135,4.63
45011,4.63
45035,4.63
12009,4.64
45081,4.64
12103,4.64
12101,4.64
48395,4.64
48485,4.64
12091,4.64
12061,4.64
48423,4.64
48201,4.64
45075,4.64
48133,4.65
55107,4.65
48363,4.65
38013,4.65
37091,4.65
48413,4.65
45077,4.65
12001,4.66
45083,4.66
12055,4.66
40133,4.66
12099,4.66
51199,4.66
12086,4.66
48425,4.66
45051,4.66
45047,4.66
45073,4.66
48365,4.67
48009,4.67
53063,4.67
45045,4.67
48031,4.67
12035,4.68
45001,4.68
48059,4.68
48355,4.68
45049,4.68
45019,4.7
45059,4.7
48227,4.7
30013,4.71
12075,4.71
12041,4.72
40001,4.72
12093,4.72
45043,4.72
48097,4.72
48027,4.73
48471,4.73
48025,4.74
12127,4.74
12129,4.74
48099,4.74
48185,4.74
30045,4.74
53065,4.74
48503,4.74
48143,4.75
48037,4.75
12033,4.76
12043,4.76
48337,4.78
48325,4.78
48221,4.78
48035,4.78
48343,4.78
48089,4.78
30081,4.79
12121,4.8
48005,4.8
1097,4.8
48353,4.8
13297,4.81
54033,4.82
30059,4.82
30073,4.82
30031,4.83
30111,4.83
48377,4.83
48131,4.84
12053,4.84
53007,4.85
16049,4.85
41065,4.86
20161,4.86
16057,4.87
12081,4.87
12011,4.88
48043,4.88
26133,4.88
48453,4.88
48121,4.89
20061,4.9
48465,4.9
48001,4.9
45013,4.9
51037,4.9
30063,4.91
12021,4.91
30015,4.92
48467,4.92
48249,4.92
48187,4.92
53071,4.92
53021,4.92
48329,4.93
48397,4.93
48223,4.93
48021,4.94
6001,4.94
48479,4.95
6095,4.95
51195,4.95
48387,4.95
30093,4.95
48301,4.96
48029,4.96
48347,4.96
48293,4.96
53033,4.96
48371,4.96
48113,4.98
48215,4.99
30107,4.99
30095,4.99
53077,5.02
56033,5.02
30039,5.02
48135,5.03
48385,5.03
48213,5.03
54015,5.03
12017,5.04
30065,5.04
12045,5.04
12051,5.07
48473,5.09
30077,5.09
48145,5.1
30007,5.1
30071,5.1
20173,5.1
48449,5.11
6055,5.11
6057,5.11
6009,5.11
40049,5.12
6051,5.12
48257,5.13
56023,5.14
41059,5.16
6037,5.16
40027,5.17
40109,5.19
56005,5.22
20155,5.23
56019,5.27
56029,5.27
45085,5.28
6089,5.28
6063,5.28
16059,5.31
46103,5.31
53037,5.34
53005,5.35
56045,5.37
56001,5.37
48093,5.39
16005,5.39
56031,5.42
6069,5.43
56003,5.43
6013,5.44
41007,5.45
56009,5.47
6035,5.48
56025,5.53
8005,5.53
6053,5.54
49019,5.54
6011,5.54
49035,5.56
49003,5.56
6099,5.57
6093,5.57
56035,5.57
8051,5.58
48455,5.58
40117,5.58
31157,5.6
56007,5.6
8101,5.6
15001,5.61
56021,5.61
40011,5.64
49045,5.66
49015,5.67
6097,5.67
8047,5.68
56043,5.68
6083,5.69
56017,5.7
6081,5.7
40075,5.7
31033,5.71
54099,5.71
16077,5.72
48217,5.72
55051,5.73
8013,5.74
49043,5.74
8085,5.74
16045,5.74
53023,5.74
6005,5.74
49041,5.75
6107,5.75
6113,5.76
6085,5.77
6041,5.77
8037,5.78
49039,5.78
8107,5.78
8109,5.78
41035,5.8
31171,5.81
8003,5.81
16027,5.82
16073,5.83
49057,5.83
56013,5.83
49047,5.86
49011,5.86
49051,5.87
16075,5.89
8123,5.89
8077,5.91
49025,5.92
16039,5.94
16083,5.96
46019,5.97
46033,5.97
6017,5.99
53055,6.01
16001,6.02
15009,6.03
56037,6.04
6029,6.1
48421,6.11
41011,6.11
8015,6.14
8103,6.15
6065,6.18
47095,6.19
49049,6.23
49023,6.31
6049,6.37
6015,6.39
6047,6.5
6021,6.64
32013,6.68
6039,6.69
48061,6.8
6103,6.84
32015,6.96
32001,6.96
48141,7.18
48013,7.18
48193,7.19
32007,7.2
35047,7.2
48439,7.22
32027,7.28
48349,7.32
35003,7.34
48495,7.38
4021,7.39
4011,7.39
35053,7.42
35051,7.42
35006,7.42
48243,7.43
4001,7.44
32033,7.44
4019,7.44
35007,7.46
35043,7.49
35057,7.49
35025,7.56
35039,7.57
35035,7.57
35061,7.58
35049,7.58
4005,7.58
4017,7.58
4015,7.58
6067,7.61
4013,7.62
35001,7.64
37075,7.65
32009,7.66
4007,7.66
32031,7.66
32029,7.72
8125,7.77
32011,7.82
6019,8.02
6087,8.21
6115,8.21
