INCITS,Zipcode,Radiation
46135,57078,3;92
42087,17099,4;27
12019,76377,3;94
12015,33983,3;74
12017,34465,3;65
20151,67134,4;41
20155,67583,4;33
13053,31805,3;62
13057,75976,3;64
5059,72104,3;66
5055,72474,3;67
5051,72087,3;66
5053,99357,3;69
8035,98858,4;02
8037,81658,4;06
8031,80294,4;02
8033,81332,4;00
8039,80835,4;10
16001,83725,3;42
48209,78676,3;59
48201,77598,3;59
48207,79548,3;57
48205,79044,3;61
35057,88321,4;29
35055,87580,4;28
35053,87832,4;32
35051,96126,4;36
55129,54888,4;03
55121,54773,4;08
55123,71461,4;06
55125,54561,4;08
55127,57631,4;08
27009,99353,4;49
27007,56685,4;43
49055,84775,3;64
49057,84414,3;56
49051,84082,3;56
49053,97229,3;59
48017,79347,3;60
48015,78950,3;59
40069,74856,4;00
40061,79548,4;01
40067,98376,4;04
40065,97541,4;05
38039,58484,4;30
38037,99357,4;34
47041,64497,3;98
47043,37187,3;98
39071,45155,4;47
39073,43158,4;42
39079,97541,4;44
13321,64499,3;63
20121,66071,4;37
20129,67954,4;30
41071,97396,3;97
29045,98686,4;60
29047,76377,4;65
31069,69154,4;60
31067,68466,4;68
31065,69046,4;66
31063,69042,4;58
31061,99343,4;64
51640,24333,4;51
56017,82443,4;05
56011,97754,4;06
56013,83451,4;12
56019,82834,4;17
18101,79783,3;73
18103,66071,3;74
18109,84050,3;73
30075,59345,4;38
30071,80746,4;38
30079,72064,4;44
19053,67749,3;94
19055,74359,3;94
19057,52660,3;94
21157,73446,4;01
21155,97392,4;00
21153,41632,4;03
53073,98295,3;81
13157,97541,3;59
13155,31798,3;53
13153,75858,3;71
13159,77612,3;57
37023,58773,4;18
37025,28124,4;18
37027,78661,4;11
37029,65787,4;18
45053,77612,3;94
36039,72474,4;56
36031,22560,4;58
36033,99343,4;52
36035,72583,4;54
36037,48554,4;53
19151,50593,4;04
19153,97371,4;00
12121,32094,3;84
12123,79699,3;71
12125,97883,3;63
48367,76490,3;59
48093,76474,3;60
48091,78623,3;59
45065,29899,3;87
45067,97392,3;91
45069,29596,3;92
26141,49779,3;70
26143,48656,3;72
26149,49099,3;61
2050,99680,3;74
30069,59087,4;36
48051,77879,3;56
42031,16334,4;24
42035,64493,4;26
42039,72956,4;24
55017,56295,4;05
55011,68876,4;10
55013,54893,4;02
55019,98686,4;03
1053,36543,3;78
1057,78963,3;75
2150,99615,3;79
40145,74467,4;09
40143,74172,4;09
15007,96796,3;46
15003,96860,3;42
15001,96785,3;43
15009,96793,3;42
37087,38069,4;05
48469,77977,3;44
48467,75790,3;48
48465,78871,3;42
48463,78884,3;61
48461,79778,3;57
1039,39479,3;79
1033,35674,3;60
1031,37388,3;66
1037,36026,3;62
1035,36475,3;63
51009,24574,4;38
51007,23083,4;43
51005,28675,4;34
51003,24590,4;40
51001,23488,4;43
8085,81431,4;04
8087,84050,4;07
8081,81653,4;07
8083,81335,4;02
8089,88354,4;03
21219,57572,4;00
21211,75975,4;08
21213,42134,4;10
21215,47635,4;09
21217,79699,4;11
50013,5486,4;23
50011,99343,4;23
28107,75669,4;62
28105,39769,4;63
28103,39739,4;61
28101,75977,4;66
38105,58856,4;35
38103,58486,4;38
38101,79788,4;35
21237,41365,4;04
21231,84775,4;00
47135,72126,4;07
47137,38549,4;08
21053,64493,3;97
21051,76377,4;09
21057,62468,4;04
13211,84050,3;66
13215,31999,3;66
13219,30677,3;67
20011,66779,4;18
20015,68669,4;21
20017,69045,4;18
20019,67361,4;16
42041,62468,4;24
42045,74359,4;20
22041,99343,4;26
22043,99357,4;31
37137,28587,4;19
37135,92887,4;14
48197,79252,3;61
48195,79081,3;59
48193,76565,3;57
48191,79261,3;60
20197,66834,4;23
20191,67152,4;39
13021,36793,3;70
13027,78355,3;68
13029,74753,3;70
51530,51033,4;38
6013,94850,3;81
6019,93740,3;79
5089,97392,3;67
5083,80751,3;69
5081,71866,3;66
8009,81090,4;05
8005,80122,4;02
8007,81147,4;02
8001,99371,4;16
8003,81146,4;02
17033,72956,3;80
17035,62468,3;68
17037,64497,3;71
42129,22524,4;04
42127,84775,4;08
42123,63390,4;08
55111,53961,4;08
55113,54896,4;10
55115,54978,3;95
55117,53093,4;10
55119,79699,4;09
53075,99179,3;77
32009,89047,4;58
32003,98686,4;58
26039,72956,3;54
26035,48632,3;45
26037,64493,3;46
26031,49799,3;49
26033,56295,3;54
48063,75686,3;54
48067,75656,3;60
48065,79097,3;58
48069,79085,3;61
29133,72442,4;64
29135,65081,4;61
29137,72134,4;57
39041,74359,4;50
39045,43157,4;43
39047,78963,4;43
12043,33944,3;62
12041,32693,3;98
12047,76565,3;96
13319,39669,3;55
13315,36769,3;50
13317,30673,3;57
20119,67869,4;28
20115,97392,4;22
20117,73446,4;27
55025,53792,4;07
1107,35481,3;69
1105,72126,3;70
1103,84050,3;70
1109,71959,3;70
55021,99359,4;04
29075,64657,4;68
29073,65066,4;57
31035,76377,4;69
31037,87749,4;67
31033,80862,4;62
6091,96126,3;81
6093,96134,3;67
6095,95688,3;68
5001,72166,3;69
5009,72682,3;64
30025,59344,4;58
30021,79713,4;44
19061,52079,4;05
19063,51365,4;04
19067,79241,3;89
53049,98644,3;70
53045,98592,3;78
13101,31648,3;52
13103,62473,3;81
35023,88056,4;33
37079,72474,4;16
37075,85552,4;08
37073,27979,4;13
31091,69152,4;66
6115,95981,3;71
6111,93066,3;76
36067,13290,4;47
36069,14585,4;54
49001,84752,3;59
49007,84542,3;61
49009,84046,3;62
48359,79098,3;58
48357,79093,3;62
48353,79556,3;62
29203,65588,4;64
29201,72958,4;59
29207,63960,4;60
29205,75975,4;59
29209,72680,4;59
38069,98580,4;30
38061,58794,4;27
38063,58380,4;35
38067,58282,4;29
40031,76474,4;06
40033,73572,3;98
40037,74131,3;96
30033,99347,4;42
30039,59858,4;49
4019,85750,4;20
4011,85922,4;05
4017,86510,4;19
24043,97229,4;23
42049,44870,4;21
42047,67353,4;23
19017,50677,4;11
19013,50707,4;05
48145,76680,3;61
48141,80946,3;61
55027,68664,3;91
56043,82442,4;00
56041,82944,4;13
56045,82730,4;01
39169,84775,4;46
4015,86445,4;02
19087,65360,3;96
48435,76950,3;62
48437,79088,3;60
48433,79540,3;62
48439,76248,3;59
51051,24607,4;45
51053,23894,4;37
17015,72660,3;87
19103,82834,3;95
19107,52591,3;95
19109,50598,3;95
46051,99357,3;79
46055,57567,3;85
46057,57248,3;76
21085,76273,4;11
21087,53574,4;11
42081,17776,4;22
16037,83278,3;37
31085,69032,4;59
31087,69044,4;64
31081,76565,4;53
31083,68977,4;66
31089,68780,4;67
6029,93561,3;70
6021,95988,3;79
6023,95589,3;78
6027,93549,3;79
1069,75858,3;69
1063,72474,3;72
17003,62990,3;77
17005,62284,3;51
17007,72682,3;88
32033,89319,4;67
26003,49895,3;50
18051,47670,3;71
48103,79731,3;63
48109,79855,3;66
21009,42160,4;12
21001,74965,4;10
21005,75861,4;10
29101,82834,4;59
29105,65722,4;61
29107,71860,4;61
22015,71112,4;36
48227,79720,3;61
51105,78948,4;48
51103,68588,4;48
51101,23181,4;48
51109,52754,4;47
37165,63563,4;18
37167,28163,4;07
47025,71079,3;99
47023,38352,3;97
12033,36543,3;76
12031,78384,3;66
12037,99343,3;68
12035,32164,3;70
13071,31771,3;61
13073,99359,3;57
13077,30277,3;57
2180,99785,3;80
2188,99752,3;66
31009,83354,4;65
31005,69121,4;63
31007,69345,4;61
31001,99371,4;66
31003,68773,4;66
5079,99185,3;73
5073,71860,3;66
5071,82834,3;76
5077,78948,3;70
5075,72572,3;66
36113,63390,4;50
36111,12589,4;56
36117,84775,4;57
36115,97229,4;51
8053,81235,4;03
8051,81434,4;07
30011,73488,4;52
30013,59487,4;53
8059,98376,4;01
30019,59276,4;49
16029,83285,3;41
19035,75976,3;96
19033,50482,4;02
16027,83687,3;38
17081,98376,3;87
17087,82834,3;76
13135,30519,3;68
13137,30563,3;66
13131,73092,3;81
54011,25755,3;94
27025,55092,4;46
27027,76377,4;45
27021,75656,4;48
27023,56295,4;52
17123,73446,3;83
17121,97392,3;83
17127,62960,3;83
48383,76932,3;60
48381,79121,3;62
48033,79738,3;60
45003,29860,3;85
45001,29639,4;01
48039,77584,3;61
38053,58854,4;38
38057,64673,4;31
38059,67954,4;31
40003,73749,4;08
40007,84752,4;01
40009,73668,3;97
39097,83460,4;42
20143,74370,4;37
20149,74878,4;41
41011,97466,3;99
41015,97476,3;99
41017,97760,4;00
28033,71078,4;64
28031,39479,4;57
28037,99343,4;60
29113,99185,4;60
29111,98596,4;65
48173,79739,3;58
48179,79065,3;58
56033,82844,4;09
56031,82215,4;17
56037,82945,4;08
56035,83115,3;98
56039,83455,4;14
33015,27326,4;48
33013,3307,4;53
33019,64667,4;74
30099,83455,4;40
30097,59055,4;41
30093,59750,4;39
39113,77386,4;53
39111,72134,4;42
39117,97844,4;40
39119,43842,4;43
53019,99166,3;73
48401,75691,3;42
51061,22742,4;36
51063,79241,4;44
8097,81656,4;02
8093,82450,4;02
8091,81432,4;06
48237,76486,3;61
48235,76941,3;61
36017,13844,4;57
36013,67361,4;59
46065,74883,3;74
46069,57540,3;82
48301,79754,3;61
48307,76872,3;59
48309,76798,3;58
17045,61955,3;64
17047,78880,3;74
17049,62473,3;64
20165,67575,4;41
55073,54488,4;01
55071,54247,4;02
55077,54960,4;05
55075,54177,4;10
55079,53235,4;08
51550,23325,4;46
2170,99694,3;75
40121,74576,4;05
6073,92179,3;79
6071,93562,3;73
6079,93465,3;72
21239,61771,4;10
17057,72583,3;80
17055,99343,3;85
17053,67882,3;83
17051,78963,3;64
17059,62984,3;66
18087,78948,3;68
28129,75792,4;60
28125,39159,4;61
28127,42134,4;58
36093,12309,4;52
36091,12884,4;43
21031,68669,4;00
21035,42076,4;14
21037,82732,4;12
18015,72660,3;74
25019,2564,3;65
25015,26865,3;67
29153,65761,4;62
5149,72860,3;77
5143,97229,3;75
5141,72629,3;79
37151,72478,4;01
37153,30912,4;11
46103,57791,3;91
46107,79124,3;91
46105,69168,3;89
13045,72660,3;57
18077,98376,3;78
39095,50272,4;46
8029,81428,4;02
8023,81152,4;07
8021,81151,4;05
8027,83278,4;01
48239,97541,3;60
48233,79083,3;59
35049,87574,4;27
35045,98280,4;43
35043,87124,4;34
27019,55397,4;48
27017,55798,4;39
27011,56278,4;51
27013,56090,4;59
48363,76484,3;57
26059,49288,3;49
26055,49696,3;54
18085,46982,3;70
18083,79529,3;70
48097,76272,3;51
48095,76937,3;57
48009,76389,3;62
48001,75861,3;63
48003,79714,3;56
48005,75980,3;56
23009,62380,4;31
40059,73855,4;05
40057,73571,4;04
40055,73673,4;05
40051,73092,3;98
38001,99371,4;27
30009,84542,4;40
39067,75692,4;42
39063,62380,4;44
39069,65360,4;44
12069,97735,3;74
12061,32968,3;84
12063,97541,3;79
12065,98376,3;96
12067,71860,3;97
23005,62468,4;35
20137,67654,4;32
20135,67584,4;11
41045,97920,3;96
41043,97446,3;94
41041,99185,3;95
41049,97844,3;92
28043,38940,4;64
28041,72474,4;62
53039,99356,3;70
29053,65348,4;58
29051,65109,4;63
29055,72956,4;62
29059,75287,4;65
31057,69041,4;58
31055,98858,4;68
55087,54944,4;02
55085,83252,3;99
55089,53097,3;96
48423,75792,3;56
30043,98376,4;46
30041,76692,4;44
30047,97735,4;43
30045,59479,4;49
19047,72956,3;92
19043,52159,4;03
19041,76377,3;99
53063,99260,3;86
53061,98296,3;78
53065,99181,3;68
13167,82834,3;76
17097,97735,3;80
1085,39766,3;75
1083,76687,3;72
1081,78948,3;77
1089,83460,3;68
37055,27982,4;18
37057,37246,4;03
37051,62468,4;15
37059,27028,4;04
54009,26075,3;97
54001,36048,3;95
17009,76890,3;62
51045,74369,4;40
36049,98596,4;54
36047,93266,4;54
36041,76565,4;54
36043,13491,4;55
8105,81154,3;96
8107,81639,3;99
8103,81648,3;96
8109,81248,3;96
49029,84050,3;58
46039,69129,3;73
46037,57468,3;86
46035,57363,3;79
46033,83278,3;85
46031,57660,3;79
48371,79781,3;56
48377,79845,3;58
48375,79124,3;64
29223,84775,4;59
29225,71075,4;54
48081,76945,3;56
48083,79538,3;59
48085,75454,3;59
48089,78962,3;60
26155,48872,3;58
26151,48472,3;68
26159,72629,3;60
42021,16668,4;25
42023,78597,4;26
42025,84542,4;20
42027,16882,4;21
42029,38352,4;21
48127,78836,3;61
48125,79370,3;62
55009,76890,3;95
55003,54855,3;98
55001,99371,3;99
55007,54891,4;05
55005,54889,4;10
51630,22401,4;48
27127,56293,4;54
37091,27986,4;14
37097,28689,4;24
39145,45694,4;42
39149,75975,4;42
48453,78759,3;54
48451,76958,3;62
48457,77664,3;63
48455,96093,3;57
1009,37886,3;67
1007,36793,3;65
1005,36048,3;73
1003,36580,3;54
1001,36749,3;68
51033,22580,4;28
51031,82732,4;41
51036,23030,4;42
51037,33983,4;34
51035,72660,4;39
50023,97229,4;23
50021,5777,4;23
50027,5772,4;21
50025,6387,4;37
28115,74871,4;62
28117,38859,4;59
28119,38964,4;58
18055,72474,3;76
18053,99357,3;69
18059,62380,3;71
18035,74359,3;71
18037,47580,3;69
18031,67749,3;70
18039,46573,3;79
19129,76870,3;97
19121,83460,3;99
19123,52595,3;95
19125,97392,3;95
19127,73446,3;95
48117,79045,3;60
47123,72134,4;08
47125,77386,4;09
47129,84050,4;02
48111,79087,3;61
21061,42285,4;12
13207,72134,3;64
13205,79565,3;64
13209,77386,3;66
20009,67567,4;21
37101,74856,4;20
48203,75692,3;60
2122,99672,3;82
21093,77663,4;04
5091,71854,3;74
16049,83554,3;42
19095,53595,3;98
16045,83670,3;42
16041,99343,3;43
42133,68467,4;09
42131,25928,4;09
32011,89821,4;60
48059,79510,3;47
29127,97392,4;66
29125,65582,4;64
29123,83460,4;56
29129,64673,4;59
22031,71078,4;34
22033,70836,4;40
22035,71286,4;38
22039,71367,4;33
37189,28698,4;10
37187,97229,4;15
37185,63390,4;21
37183,27697,4;12
37181,27556,4;17
47001,75861,4;02
47003,37360,3;86
39039,43556,4;47
12051,33935,3;79
12053,34661,3;85
12057,76692,3;68
12059,44661,3;90
28091,97392,4;56
28097,77386,4;61
53069,98647,3;74
31029,69045,4;56
31023,68669,4;66
31021,68061,4;66
31027,68792,4;67
31025,75656,4;62
6089,96096,3;83
6085,95148,3;80
6081,94404,3;70
13165,30442,3;73
8079,89427,4;12
30035,59434,4;46
8071,81091,4;09
8073,99185,3;90
8075,80751,3;94
8077,81646,3;95
16061,98596,3;46
48243,79854,3;59
13111,75492,3;58
13117,30041,3;77
27043,56098,4;46
27041,98858,4;45
27047,56089,4;48
27045,68444,4;50
35019,88435,4;27
48229,79851,3;59
37069,99343,4;13
37067,30041,4;13
37061,28521,4;18
36075,13493,4;54
36071,92887,4;53
36079,64672,4;55
17101,72572,3;83
17103,78948,3;83
17105,70785,3;83
17109,62374,3;82
49011,84087,3;54
49013,84073,3;58
49015,84537,3;60
49017,99347,3;62
26105,98592,3;69
26101,49689,3;73
38079,58369,4;30
38075,58787,4;30
40025,73947,4;01
40023,74759,4;00
4009,85552,3;99
4001,86556,4;07
4003,85650,4;16
4005,86351,4;10
42079,18766,4;21
20175,68456,4;36
42071,68588,4;19
20169,72167,4;36
41035,97737,3;99
41033,97544,3;97
41031,98376,3;98
41039,97493,3;95
28017,52154,4;65
41003,99353,3;98
41001,97907,3;95
48157,77545,3;61
48159,99343,3;59
29001,74965,4;63
29003,64485,4;64
29009,65772,4;60
28009,99353,4;56
39173,75783,4;41
39175,44882,4;46
21113,40390,4;14
21111,98376,4;02
21117,41063,4;05
53031,98376,3;78
53033,98288,3;73
53035,98392,3;69
53037,98950,3;76
48429,76429,3;64
48421,97065,3;57
48427,78591,3;41
51049,62468,4;35
51041,29741,4;39
19111,78948,3;96
19113,97446,3;94
19115,52754,3;95
19119,89447,3;97
46049,57473,3;75
46047,57782,3;77
46041,73859,3;76
48329,79707,3;61
48323,78877,3;59
48327,76859,3;60
20059,99343,4;21
20057,67882,4;21
2090,99775,3;81
55053,97541,4;01
55055,98376,4;08
12086,33196,3;80
12087,72134,3;86
12083,97392,3;86
29081,75692,4;65
54107,75783,3;86
54101,71075,3;95
54103,26575,4;05
55051,84772,4;05
51570,23834,4;39
55057,99824,4;03
2110,99824,3;79
40109,74857,4;00
40107,74880,3;97
6057,96161,3;81
6051,96133,3;78
6053,95039,3;78
10005,23897,3;79
10003,19884,3;79
1079,72572,3;71
1077,39364,3;74
1075,75486,3;61
1073,98376,3;74
1071,97541,3;81
49021,84772,3;61
49027,84728,3;64
17075,60974,3;57
17077,97541,3;71
17073,65360,3;76
29229,65717,4;60
28147,39667,4;59
18069,46792,3;71
18067,79720,3;70
47175,72629,4;05
47177,63390,4;02
21017,66779,4;10
21015,72682,4;07
21013,76579,4;06
48505,78564,3;61
30087,59347,4;45
29175,72478,4;63
22003,71463,4;30
51111,23974,4;48
10001,79528,3;79
37175,28774,4;21
37171,28676,4;13
37179,97883,4;15
30017,83278,4;49
8057,97541,3;95
8055,81089,4;01
47035,62468,3;95
47037,37246,3;97
47031,37388,3;99
46121,57572,3;91
46123,57584,3;90
46127,97883,3;82
12009,32976,3;94
12007,32622,3;89
13065,31634,3;71
13063,52159,3;56
13061,76377,3;55
13069,37388,3;68
16023,95978,3;43
16025,83327,3;43
19031,68792,3;93
5045,72181,3;62
5043,71677,3;61
5041,71674,3;69
36109,14886,4;54
36105,64667,4;55
36107,17765,4;53
8041,80946,3;93
8043,83451,4;03
8045,99347,4;02
8049,84540,4;02
19029,75656,3;97
19025,77983,3;94
19027,72660,3;96
19021,51033,3;91
19023,68669,4;04
48215,88056,3;54
48217,76692,3;60
48211,79014,3;59
48213,75778,3;59
48219,79358,3;60
54027,26865,3;95
54025,25984,4;00
54023,99357,3;97
35061,87068,4;33
26075,97541,3;48
54013,77983,3;94
54017,26456,3;96
44001,24202,3;45
44003,79528,3;44
49047,84085,3;55
49045,84083,3;57
49043,84098,3;51
48393,79059,3;55
48027,76579,3;54
48025,78391,3;61
48023,76380,3;58
48021,78957,3;62
23021,4485,4;42
23023,4579,4;33
23027,4988,4;37
26137,49795,3;68
26133,51354,3;75
38023,58844,4;40
40075,81071,3;99
40077,74578,4;06
40071,74653,4;00
39083,79529,4;41
42085,64673,4;24
42083,16750,4;21
41063,97885,3;98
28021,71079,4;63
28023,50275,4;62
28025,76377,4;61
28027,38645,4;60
29039,68792,4;64
29031,63785,4;60
29033,72660,4;54
29037,75656,4;65
31079,79261,4;66
31071,99347,4;64
31075,99357,4;66
31077,68882,4;68
22125,70782,4;24
51650,29945,4;49
56007,84542,4;01
56003,82441,4;05
56001,82084,4;06
56009,82637,4;04
33009,3785,4;74
37085,28368,4;02
30063,59868,4;37
30067,82450,4;37
37083,27890,4;08
21163,67869,4;05
21161,98592,3;99
53001,99371,3;77
53005,99353,3;80
53007,98852,3;82
13141,62380,3;58
13143,30182,3;66
13145,77598,3;72
13147,42765,3;64
28077,72572,4;62
37033,27379,4;19
37031,28594,4;05
37037,31419,4;09
37035,28682,4;14
36029,44870,4;55
36027,12604,4;59
36025,74359,4;49
19149,51062,3;94
19147,51358,3;95
19145,51656,3;99
19143,51354,4;04
19141,51346,3;98
46017,68876,3;77
46011,57276,3;78
46013,76890,3;77
12131,32550,3;57
48313,83460,3;58
48315,97392,3;57
48317,79783,3;57
42003,15283,4;23
42001,99371,4;24
48101,79248,3;61
48105,76943,3;65
48507,78872,3;60
48503,76481,3;60
55063,54669,4;05
55065,71860,3;99
55069,99185,4;02
27107,56584,4;54
27105,56187,4;51
27103,56082,4;51
27101,73086,4;52
27109,55976,4;50
20171,72958,4;40
12115,34293,3;67
6065,92883,3;77
6067,95864,3;77
6061,96148,3;80
6063,96135,3;78
6069,95075,3;74
48471,77358,3;43
48473,77484,3;62
48475,79788,3;54
1027,76377,3;78
1029,72581,3;83
51019,37360,4;38
51011,24593,4;43
51015,24486,4;41
21209,72958,4;09
21201,77867,4;11
21207,67673,4;10
21205,40351,4;05
17041,98858,3;82
17043,60572,3;85
50001,5778,4;24
50003,5776,4;28
50005,5873,4;10
50007,5495,4;24
50009,22560,4;19
28133,38778,4;60
28137,38668,4;57
28135,38966,4;58
28139,38683,4;62
20049,67353,4;19
17125,98592,3;83
18013,76890,3;74
18011,72682,3;78
18017,75656,3;70
47141,64672,4;04
47143,37381,4;03
47145,37854,4;09
47147,77867,4;03
21045,42566,4;12
21047,65754,4;09
21043,73488,4;10
45005,29849,3;88
48035,76690,3;54
25025,11980,3;67
25021,2762,3;72
30107,59453,4;38
30105,83677,4;27
30103,59076,4;30
30101,59484,4;38
29145,75977,4;65
37129,28480,4;07
37127,27891,4;07
46045,57471,3;79
46111,57385,3;94
46113,65588,3;95
46115,57477,3;83
46117,57537,3;83
48189,79311,3;63
48183,75693,3;59
48185,77876,3;62
48187,88435,3;63
20187,68779,4;28
20181,97065,4;28
13039,65787,3;67
13035,30234,3;57
13037,77983,3;57
13031,30461,3;62
13033,58773,3;69
51520,24202,4;39
53059,98651,3;70
8019,80476,4;03
8015,81236,3;99
8014,80544,4;04
16063,99185,3;39
48225,75858,3;62
48221,76476,3;61
48223,75482,3;61
55103,71269,4;10
55101,53406,4;10
55107,75691,4;10
55105,68714,4;09
55109,54082,4;06
26041,81428,3;52
26047,51365,3;48
18091,46391,3;72
48079,79379,3;58
48075,79259,3;61
48071,77665,3;59
48073,75976,3;62
23011,4989,4;37
23015,99185,4;35
40045,76670,4;00
40047,99347,3;97
40041,74359,4;00
38019,58372,4;34
38015,58572,4;38
38017,75656,4;32
38011,58653,4;38
39059,43780,4;43
39051,72583,4;41
39057,72474,4;42
47033,76943,3;96
12077,77582,3;96
12075,34498,3;69
12071,78948,3;61
20141,67651,4;18
20147,80746,4;43
13309,97874,3;66
13303,97229,3;65
13301,63390,3;63
20109,80751,4;35
20105,99185,4;39
20103,66086,4;44
41055,97065,3;96
41051,97266,3;99
41059,97886,3;94
28079,39189,4;63
1119,36925,3;69
28075,39364,4;62
28073,75486,4;66
28071,71860,4;59
37047,28472,4;18
29067,98858,4;62
29065,65560,4;66
29063,64497,4;64
29061,64689,4;60
29069,63933,4;65
31041,83278,4;56
31045,69367,4;64
31047,79713,4;62
31049,69129,4;67
5039,75287,3;73
5037,72396,3;69
5035,72384,3;76
5033,72956,3;64
5031,72447,3;85
30055,59274,4;58
19073,72474,4;00
19075,64683,3;92
19079,76565,3;99
53057,98284,3;71
53051,99180,3;80
1095,73446,3;69
29510,63146,4;61
35031,87375,4;26
35033,87753,4;30
35035,88354,4;39
37049,28586,4;13
37043,76377,4;13
6109,95383,3;75
6107,93673,3;74
6105,96093,3;72
6103,96092,3;71
36053,83460,4;58
36051,70785,4;44
49037,98280,3;60
49033,84086,3;58
49031,84750,3;56
48341,79086,3;58
26161,48198,3;68
48177,78959,3;60
51540,22904,4;42
4027,85367,4;12
4021,85631,4;11
42055,99343,4;19
42051,78963,4;22
42053,54566,4;25
48139,76670,3;61
48131,78384,3;58
48133,76471,3;60
48135,79766,3;61
48137,78880,3;61
55033,58644,3;97
55031,98858,3;98
27157,55991,4;51
39157,44683,4;41
39153,84098,4;42
39159,97883,4;48
51047,22741,4;30
21131,41777,4;02
21133,41858,4;05
20007,67143,4;22
20005,66058,4;20
20003,75861,4;18
48441,79699,3;45
48445,79345,3;45
48449,75558,3;61
1011,36089,3;75
1013,68669,3;67
11001,20597,3;78
51023,24175,4;40
51025,28479,4;35
51027,64507,4;44
51029,23936,4;35
19139,52778,4;04
19137,77386,3;96
19135,72134,3;94
19133,51572,3;96
19131,79565,3;98
47117,73446,4;04
47115,97392,4;08
47111,65247,4;04
47119,38487,4;08
21075,72583,4;12
21077,62984,4;11
21071,79241,4;00
17177,61089,3;83
20037,72956,4;20
24019,29485,4;19
24015,21930,4;23
24017,20695,4;20
24011,22580,4;23
24013,72660,4;23
5101,75977,3;70
37115,83460,4;06
17201,61115,3;74
20201,97229,4;19
51510,22332,4;48
2130,99901,3;78
53013,99359,3;81
53011,98686,3;77
53017,98858,3;74
53015,98674,3;88
16033,98686,3;40
31097,82834,4;54
31093,79720,4;61
6039,93669,3;71
6033,97735,3;77
6031,93266,3;72
6037,93599,3;81
6035,96137,3;72
19083,77663,4;05
19081,62380,4;02
16059,83469,3;44
19085,75692,3;96
16055,83876,3;44
16057,83872,3;42
16051,98376,3;39
16053,83338,3;40
17019,61880,3;87
17013,77983,3;87
17011,61379,3;85
17017,75656,3;59
42103,71959,4;07
42101,19154,4;09
28163,39194,4;61
18041,78963,3;83
18045,47987,3;71
18049,72583,3;80
21223,40045,4;13
20001,71463,4;20
54021,30540,3;98
48045,79257,3;53
48047,78355,3;55
48041,77845,3;54
48043,79852,3;55
48049,76890,3;52
29115,97446,4;64
22027,71079,4;35
22025,71425,4;29
37191,84775,4;15
47011,71671,4;00
47017,72660,3;97
12027,71078,3;95
12023,99359,3;84
12029,32680,3;64
13087,67749,3;56
13081,31712,3;61
13083,65752,3;73
1129,97229,3;68
28083,38959,4;61
28081,78948,4;62
28089,83460,4;65
31019,68876,4;65
31017,76890,4;66
31015,68777,4;66
31011,72682,4;67
20111,89447,4;36
5065,72585,3;73
5067,97541,3;72
5061,79720,3;69
5069,98376,3;68
30005,83354,4;42
8069,80549,4;04
8067,81326,4;06
8065,97735,3;96
8063,80861,3;98
8061,81071,4;03
19009,51543,3;96
19003,99371,4;00
19001,74965,3;95
19007,52594,3;89
17093,78074,3;84
17099,78021,3;62
54005,72682,3;94
54007,26631,3;93
54003,29492,3;95
27051,99357,4;49
27053,55455,4;41
27055,75858,4;52
35005,88253,4;30
35007,87749,4;35
35006,87357,4;34
37095,57540,4;04
17113,61799,3;81
17111,60180,3;81
45033,29567,3;98
45039,43157,3;89
38041,58650,4;36
38047,80751,4;31
38049,60180,4;33
40013,74753,3;98
40011,83354,4;02
40019,73488,4;07
42069,18653,4;24
41007,97146,3;92
41005,97267,3;99
28001,99371,4;59
55037,54542,4;09
48167,77650,3;58
48165,79360,3;59
48161,76693,3;60
48169,79356,3;62
29015,99353,4;62
22101,70538,4;31
22103,70471,4;35
56029,82450,4;03
56025,82648,4;09
56027,82242,4;11
56021,82082,4;12
56023,99185,4;09
30083,71269,4;43
31031,69221,4;64
53029,98282,3;74
53027,98595,3;70
53023,99347,3;79
53021,99343,3;79
48419,75975,3;42
48417,76464,3;63
48415,79549,3;65
48413,76936,3;55
48411,76877,3;55
37019,28479,4;16
37013,29941,4;06
37015,27983,4;13
36003,21766,4;48
36005,10475,4;55
36009,14788,4;54
46071,97541,3;81
46077,57353,3;87
46075,79553,3;85
45015,29492,3;93
45011,29853,3;91
45013,29941,3;93
12117,74884,3;78
48335,79565,3;61
48331,77857,3;60
6001,94720,3;78
23025,21890,4;46
12095,92887,3;74
12093,34974,3;51
55049,53595,4;06
55047,54968,4;02
55045,53574,3;99
55043,99357,3;99
55041,54566,3;89
40119,74085,4;10
40117,74650,4;08
40115,74370,4;09
40111,74447,4;10
6043,95389,3;73
21221,42215,4;09
21225,97883,4;00
21227,63390,4;13
21229,97229,4;11
17063,64683,3;69
17061,72474,3;59
17067,62380,3;76
17065,76565,3;91
28159,39346,4;58
17027,64493,3;84
17025,76377,3;85
17023,98686,3;61
17021,65754,3;65
54015,76377,3;95
17029,62469,3;65
36089,13697,4;57
36081,11697,4;55
36083,12198,4;54
18079,47282,3;69
18071,97541,3;67
18073,77612,3;84
47167,46076,4;08
47165,67152,4;08
47163,64667,4;01
47161,37079,4;08
21023,41044,4;00
21029,40165,4;15
25005,24202,3;70
25007,2575,3;75
25003,1343,3;71
25009,22560,3;69
19015,72682,4;05
29163,71959,4;66
29161,68958,4;67
29169,72227,4;59
22079,71485,4;26
37149,97371,4;04
37143,27985,4;15
37141,28478,4;13
37145,27583,4;02
