Zipcode,State,Size (kW DC),Cost,Date Installed
19713,DE,0.5,,04/30/2013
19709,DE,0.92,17662.5,12/7/2011
19904,DE,1.0,,10/19/2010
19952,DE,1.0,,02/17/2012
19971,DE,1.1,11200.0,07/17/2007
19971,DE,1.2,,1/9/2014
19709,DE,1.2,9920.0,9/12/2007
19709,DE,1.2,5200.0,09/23/2008
19809,DE,1.21,,2/1/2009
19947,DE,1.26,6600.0,11/22/2011
19701,DE,1.3,,05/27/2010
19701,DE,1.35,17980.0,12/8/2009
19701,DE,1.35,25779.0,12/8/2009
19701,DE,1.35,16576.0,12/8/2009
19701,DE,1.35,17550.0,12/8/2009
19701,DE,1.38,24500.0,12/7/2011
19804,DE,1.38,24232.95,6/9/2011
19945,DE,1.4,,09/15/2010
19701,DE,1.4,10462.5,4/1/2009
19701,DE,1.4,10462.5,4/1/2009
19701,DE,1.4,10462.5,4/1/2009
19701,DE,1.4,10462.5,4/1/2009
19701,DE,1.4,10462.5,4/1/2009
19701,DE,1.4,10462.5,4/1/2009
19701,DE,1.4,22210.0,02/23/2009
19701,DE,1.4,22222.0,12/8/2009
19809,DE,1.46,14531.34,6/1/2007
19703,DE,1.47,,08/23/2012
19970,DE,1.5,19626.0,11/3/2006
19701,DE,1.575,19669.0,04/26/2011
19805,DE,1.575,25869.0,10/15/2010
19701,DE,1.58,12127.5,04/30/2010
19701,DE,1.58,12127.5,4/1/2010
19701,DE,1.58,12127.5,10/1/2011
19701,DE,1.6,,08/16/2013
19803,DE,1.6,10800.0,4/1/2010
19803,DE,1.6,21147.0,04/26/2011
19701,DE,1.62,19856.0,09/16/2008
19945,DE,1.645,10750.0,04/18/2011
19968,DE,1.65,,8/3/2014
19709,DE,1.66,,08/24/2012
19805,DE,1.72,,05/31/2013
19713,DE,1.75,20965.0,1/1/2009
19934,DE,1.75,15016.0,08/14/2009
19713,DE,1.75,26325.0,9/11/2009
19958,DE,1.8,19337.0,9/10/2008
19968,DE,1.8,,04/18/2008
19701,DE,1.8,13770.0,4/1/2009
19701,DE,1.8,13770.0,4/1/2009
19701,DE,1.8,13770.0,4/1/2009
19701,DE,1.8,13770.0,4/1/2009
19701,DE,1.8,13770.0,4/1/2009
19709,DE,1.8,29601.0,10/31/2007
19810,DE,1.8,31396.0,08/15/2008
19701,DE,1.8,25935.0,6/2/2010
19701,DE,1.8,21645.0,6/2/2010
19701,DE,1.8,30170.0,6/2/2010
19958,DE,1.8,21078.0,04/26/2010
19711,DE,1.8,19337.0,03/14/2008
19951,DE,1.8,15300.0,05/20/2009
19958,DE,1.8,,06/25/2008
19958,DE,1.8,,03/19/2009
19971,DE,1.8,,06/28/2008
19971,DE,1.8,14850.0,06/30/2008
19711,DE,1.8,19000,2/8/2007
19958,DE,1.82,,7/1/2010
19945,DE,1.84,,07/13/2012
19958,DE,1.88,,08/29/2011
19958,DE,1.88,12502.0,1/9/2012
19963,DE,1.89,,07/14/2009
19971,DE,1.89,,06/22/2011
19963,DE,1.89,19120.0,9/4/2009
19720,DE,1.96,,10/8/2014
19958,DE,2.0,,12/9/2014
19720,DE,2.0,14999.0,11/23/2010
19702,DE,2.0,,08/19/2008
19808,DE,2.0,16000.0,8/1/2007
19808,DE,2.0,14999.0,09/26/2007
19971,DE,2.0,34500.0,8/7/2009
19971,DE,2.0,25074.0,6/2/2010
19807,DE,2.0,24000.0,3/1/2008
19904,DE,2.04,,09/27/2013
19964,DE,2.04,13074.37,1/12/2011
19708,DE,2.07,,7/7/2010
19709,DE,2.07,,11/8/2010
19803,DE,2.07,23280.0,6/2/2010
19803,DE,2.07,18732.0,9/3/2009
19707,DE,2.1,18900.0,1/1/2009
19804,DE,2.1,,03/18/2011
19702,DE,2.1,,05/29/2008
19707,DE,2.1,37698.0,6/12/2009
19803,DE,2.15,17850.0,10/8/2008
19803,DE,2.15,28769.0,2/11/2009
19958,DE,2.16,21980.0,08/16/2008
19711,DE,2.2,18700.0,01/20/2009
19958,DE,2.2,,6/11/2012
19711,DE,2.2,31696.35,5/11/2010
19968,DE,2.22,23066.0,02/29/2008
19806,DE,2.22,22000.0,2/2/2004
19968,DE,2.22,37130.0,03/25/2008
19901,DE,2.25,15750.0,12/1/2010
19901,DE,2.25,21700.0,12/7/2011
19968,DE,2.3,,11/12/2013
19720,DE,2.3,20700.0,1/1/2009
19963,DE,2.3,,09/24/2010
19963,DE,2.3,16098.4,09/24/2010
19720,DE,2.3,39661.33,6/12/2009
19963,DE,2.3,16100.0,03/21/2011
19968,DE,2.35,,02/16/2011
19960,DE,2.35,,12/4/2012
19963,DE,2.35,16450.0,05/17/2011
19968,DE,2.4,,2/4/2009
19802,DE,2.4,19539.0,7/1/2006
19947,DE,2.4,21000.0,1/10/2009
19970,DE,2.4,21600.0,9/1/2006
19963,DE,2.4,,04/18/2011
19968,DE,2.4,19800.0,11/20/2008
19970,DE,2.4,43478.0,09/19/2006
19802,DE,2.4,15300.0,07/21/2006
19971,DE,2.4,24297.2,4/9/2008
19971,DE,2.4,31500.0,07/16/2008
19803,DE,2.4,14642.0,06/23/2008
19971,DE,2.4,27600.0,05/29/2008
19901,DE,2.431,25525.0,11/15/2007
19806,DE,2.45,,3/6/2013
19808,DE,2.45,25063.0,4/1/2009
19958,DE,2.45,,1/3/2012
19808,DE,2.45,23649.2,12/8/2009
19958,DE,2.45,13880.0,02/17/2012
19709,DE,2.47,22785.0,5/9/2005
19945,DE,2.52,20900.0,12/31/2009
19945,DE,2.52,20900.0,12/31/2009
19945,DE,2.52,,10/4/2010
19945,DE,2.52,16984.8,1/6/2011
19805,DE,2.52,,09/29/2010
19805,DE,2.52,19794.12,10/13/2010
19977,DE,2.53,18055.0,8/5/2011
19977,DE,2.53,,6/1/2010
19709,DE,2.53,,5/1/2011
19709,DE,2.53,16445.0,09/30/2011
19958,DE,2.59,,1/3/2011
19958,DE,2.59,8961.4,01/21/2011
19808,DE,2.6,,08/27/2014
19806,DE,2.6,,08/20/2013
19803,DE,2.625,17797.0,12/7/2011
19720,DE,2.625,25540.0,09/19/2009
19803,DE,2.63,23250.0,01/15/2010
19720,DE,2.65,33306.0,12/15/2010
19975,DE,2.7,18900.0,12/1/2010
19963,DE,2.7,,12/10/2010
19975,DE,2.7,24896.0,12/7/2011
19963,DE,2.7,18225.0,05/17/2011
19977,DE,2.76,21733.0,05/20/2010
19977,DE,2.8,,03/29/2010
19968,DE,2.8,25200.0,7/1/2006
19943,DE,2.8,,12/1/2007
19977,DE,2.8,,8/1/2009
19802,DE,2.8,21700.0,6/1/2007
19804,DE,2.8,23100.0,10/1/2008
19711,DE,2.8,31440.0,6/1/2009
19711,DE,2.8,,10/1/2007
19709,DE,2.8,,05/20/2011
19805,DE,2.8,25154.0,06/15/2009
19975,DE,2.8,27588.0,02/23/2009
19709,DE,2.8,52125.0,7/1/2006
19968,DE,2.8,34571.24,09/15/2006
19802,DE,2.8,9000.0,07/26/2007
19709,DE,2.8,33519.0,8/2/2007
19804,DE,2.8,26800.0,02/15/2008
19709,DE,2.8,10900.0,01/15/2009
19804,DE,2.8,48071.0,6/12/2009
19810,DE,2.8,35398.8,9/11/2009
19805,DE,2.8,25245.0,6/2/2010
19720,DE,2.8,31680.0,04/26/2011
19711,DE,2.8,29400.0,12/4/2007
19711,DE,2.8,31440.0,1/4/2010
19977,DE,2.8,23538.0,02/19/2010
19709,DE,2.8,,5/1/2006
19804,DE,2.8,23100.0,1/2/2008
19709,DE,2.8,25200.0,8/1/2007
19958,DE,2.8,,5/1/2007
19944,DE,2.8,,04/22/2009
19930,DE,2.82,55000.0,07/20/2010
19958,DE,2.82,,10/31/2011
19939,DE,2.82,,8/3/2011
19939,DE,2.82,19035.0,11/1/2011
19930,DE,2.82,46214.9,08/24/2011
19901,DE,2.85,21412.0,01/31/2011
19901,DE,2.85,31900.0,12/7/2011
19958,DE,2.87,,12/10/2010
19958,DE,2.87,16215.5,3/8/2011
19958,DE,2.87,16215.5,07/20/2011
19945,DE,2.88,,07/25/2011
19958,DE,2.88,,05/23/2012
19958,DE,2.88,,9/9/2012
19958,DE,2.88,15796.0,07/19/2012
19707,DE,2.9,,9/1/2009
19958,DE,2.94,22932.0,11/2/2009
19711,DE,2.94,,12/1/2010
19707,DE,2.94,15350.0,12/15/2010
19711,DE,2.94,14994.0,03/18/2011
19958,DE,2.94,,11/3/2009
19968,DE,2.96,,03/15/2011
19939,DE,2.96,,05/13/2011
19808,DE,2.96,,04/27/2011
19804,DE,2.96,,4/2/2012
19968,DE,2.96,18172.8,04/28/2011
19939,DE,2.96,18707.2,6/1/2011
19958,DE,3.0,,05/13/2013
19720,DE,3.0,,07/23/2013
19711,DE,3.0,27155.0,07/17/2007
19977,DE,3.0,,11/9/2007
19966,DE,3.0,,09/30/2008
19804,DE,3.0,24750.0,4/1/2009
19720,DE,3.0,27524.0,08/28/2007
19711,DE,3.0,,09/17/2007
19973,DE,3.0,,6/1/2008
19966,DE,3.0,24750.0,11/20/2008
19973,DE,3.0,25740.0,8/11/2009
19971,DE,3.0,21000.0,07/21/2006
19720,DE,3.0,16720.0,9/10/2007
19971,DE,3.0,33000.0,11/15/2007
19958,DE,3.0,29987.0,05/15/2008
19971,DE,3.0,32332.4,03/24/2009
19963,DE,3.0,38050.0,09/16/2008
19804,DE,3.0,29830.0,12/8/2009
19711,DE,3.0,27524.0,10/9/2007
19971,DE,3.0,27750.0,5/2/2008
19971,DE,3.0,24000.0,09/14/2007
19971,DE,3.0,,01/22/2009
19971,DE,3.0,,6/2/2009
19945,DE,3.04,,02/21/2012
19702,DE,3.04,,01/26/2012
19945,DE,3.04,17287.15,3/5/2012
19971,DE,3.06,,7/8/2013
19958,DE,3.06,,8/3/2012
19808,DE,3.075,26624.0,9/11/2009
19807,DE,3.075,38862.5,10/1/2010
19807,DE,3.075,46158.0,10/1/2010
19904,DE,3.075,20420.0,05/26/2010
19701,DE,3.12,,03/25/2014
19707,DE,3.12,,6/1/2012
19805,DE,3.136,14860.0,9/11/2009
19803,DE,3.15,22354.65,12/13/2010
19960,DE,3.15,,07/20/2009
19713,DE,3.15,35008.0,06/22/2009
19960,DE,3.15,24885.0,10/23/2009
19958,DE,3.15,21105.0,12/9/2009
19808,DE,3.15,17900.0,9/11/2009
19713,DE,3.15,32980.0,6/2/2010
19930,DE,3.15,36951.92,12/8/2009
19809,DE,3.15,40178.0,12/15/2010
19806,DE,3.15,33120.0,6/6/2011
19711,DE,3.15,18346.0,12/7/2011
19803,DE,3.15,17050.0,10/26/2011
19977,DE,3.15,25987.5,04/16/2008
19806,DE,3.15,27829.0,04/13/2010
19805,DE,3.15,25500.0,1/1/2009
19930,DE,3.15,24885.0,4/7/2009
19971,DE,3.15,,6/1/2006
19709,DE,3.168,13590.0,6/6/2011
19808,DE,3.168,20645.0,03/30/2011
19701,DE,3.168,22011.6,6/6/2011
19709,DE,3.168,25750.0,02/19/2010
19701,DE,3.17,21000.0,12/9/2009
19709,DE,3.17,29000.0,12/28/2009
19709,DE,3.17,,09/25/2009
19707,DE,3.17,24000.0,11/29/2009
19968,DE,3.2,,7/7/2007
19977,DE,3.2,,2/1/2008
19968,DE,3.2,25600.0,7/2/2008
19973,DE,3.2,26500.0,10/2/2008
19945,DE,3.2,15840.0,07/26/2011
19958,DE,3.2,33552.0,06/18/2008
19711,DE,3.2,,7/3/2007
19930,DE,3.2,25600.0,12/18/2008
19930,DE,3.2,,11/19/2007
19958,DE,3.2,,11/10/2009
19958,DE,3.22,16422.0,6/7/2010
19947,DE,3.22,25727.8,02/24/2009
19958,DE,3.22,,07/29/2010
19966,DE,3.24,,10/20/2010
19962,DE,3.24,,5/9/2011
19939,DE,3.24,31410.0,08/15/2008
19966,DE,3.24,22842.0,01/31/2011
19958,DE,3.24,25400.0,11/23/2010
19713,DE,3.25,,11/13/2014
19960,DE,3.25,,6/3/2009
19971,DE,3.26,,8/1/2012
19930,DE,3.28,12927.69,12/7/2007
19958,DE,3.29,,02/15/2011
19808,DE,3.29,,3/3/2011
19963,DE,3.29,,10/26/2012
19963,DE,3.29,23474.0,12/13/2012
19977,DE,3.3,,4/9/2009
19804,DE,3.3,,02/22/2011
19958,DE,3.32,,11/13/2014
19808,DE,3.32,29330.0,3/9/2010
19808,DE,3.325,22890.85,04/26/2011
19711,DE,3.325,27431.25,02/25/2008
19958,DE,3.33,,6/1/2011
19804,DE,3.33,35906.0,4/1/2011
19958,DE,3.33,22610.7,9/8/2011
19810,DE,3.36,,02/20/2013
19702,DE,3.36,,3/11/2013
19713,DE,3.36,26666.0,10/7/2008
19966,DE,3.36,,04/14/2011
19934,DE,3.36,27720.0,08/15/2008
19960,DE,3.36,19100.0,4/9/2009
19713,DE,3.36,24000.0,6/12/2009
19966,DE,3.36,64000.0,6/6/2012
19934,DE,3.4,,10/1/2008
19966,DE,3.42,,12/27/2011
19958,DE,3.42,,8/1/2012
19711,DE,3.42,26455.0,11/22/2010
19944,DE,3.42,45360.0,10/2/2010
19809,DE,3.42,27356.0,1/1/2010
19720,DE,3.43,,04/26/2013
19934,DE,3.43,,05/22/2013
19720,DE,3.43,,04/30/2013
19966,DE,3.44,,02/16/2009
19966,DE,3.44,30043.0,01/26/2009
19934,DE,3.45,29325.0,05/20/2010
19963,DE,3.49,22408.55,10/14/2010
19803,DE,3.5,,06/19/2013
19720,DE,3.5,,06/20/2013
19701,DE,3.5,,6/10/2014
19720,DE,3.5,,08/14/2014
19968,DE,3.5,,07/30/2014
19709,DE,3.5,,7/6/2010
19810,DE,3.5,28947.0,4/1/2009
19808,DE,3.5,35125.0,3/1/2009
19711,DE,3.5,36502.0,5/1/2009
19958,DE,3.5,31800.0,12/3/2008
19977,DE,3.5,32179.0,3/12/2009
19966,DE,3.5,27839.0,03/24/2011
19810,DE,3.5,41273.6,6/2/2010
19711,DE,3.5,34221.04,12/8/2009
19930,DE,3.5,18335.0,10/26/2011
19971,DE,3.5,39819.0,01/24/2011
19709,DE,3.5,28638.0,7/9/2010
19709,DE,3.5,29920.0,05/21/2010
19709,DE,3.5,,2/2/2010
19966,DE,3.5,,10/10/2009
19930,DE,3.5,27825.0,10/1/2009
19803,DE,3.51,,04/15/2011
19958,DE,3.525,,11/14/2011
19946,DE,3.525,19343.75,02/25/2011
19958,DE,3.525,22925.0,3/2/2012
19946,DE,3.53,,01/25/2011
19971,DE,3.53,,08/20/2012
19934,DE,3.56,,3/1/2009
19946,DE,3.564,30000.0,7/2/2008
19977,DE,3.564,30350.0,11/24/2010
19946,DE,3.58,,10/1/2009
19950,DE,3.58,,4/1/2009
19934,DE,3.6,29988.0,7/3/2007
19701,DE,3.6,,02/18/2009
19973,DE,3.6,,10/4/2008
19711,DE,3.6,28661.0,01/25/2006
19720,DE,3.6,34188.0,8/1/2006
19711,DE,3.6,,01/16/2008
19711,DE,3.6,27000.0,10/15/2009
19711,DE,3.6,,01/16/2008
19970,DE,3.6,,12/27/2011
19709,DE,3.6,36155.0,03/17/2006
19711,DE,3.6,30000.0,01/30/2006
19701,DE,3.6,16632.96,08/18/2006
19720,DE,3.6,16301.0,10/3/2006
19720,DE,3.6,18630.0,07/28/2006
19934,DE,3.6,35328.0,8/10/2006
19707,DE,3.6,34000.0,8/9/2006
19711,DE,3.6,23250.0,12/28/2007
19701,DE,3.6,35263.08,9/11/2009
19707,DE,3.6,38310.0,2/10/2009
19971,DE,3.6,17600.0,12/8/2009
19711,DE,3.6,29040.0,11/8/2010
19711,DE,3.6,31210.0,02/25/2008
19973,DE,3.6,29950.0,3/3/2009
19947,DE,3.6,,6/2/2008
19953,DE,3.6,,8/1/2009
19971,DE,3.6,32392.0,04/24/2009
19720,DE,3.64,,12/23/2014
19958,DE,3.66,,9/1/2010
19971,DE,3.675,31700.0,6/2/2010
19711,DE,3.68,,04/30/2013
19713,DE,3.68,,09/19/2014
19707,DE,3.68,,9/5/2012
19809,DE,3.68,,08/29/2012
19901,DE,3.68,,08/30/2012
19966,DE,3.68,,07/27/2010
19709,DE,3.68,29744.0,04/19/2010
19901,DE,3.68,,5/1/2010
19958,DE,3.68,,7/11/2011
19958,DE,3.68,,1/7/2011
19958,DE,3.68,,12/30/2011
19966,DE,3.68,29268.0,01/31/2011
19958,DE,3.68,20056.0,3/6/2012
19810,DE,3.68,35305.0,05/18/2009
19807,DE,3.68,23760.0,01/24/2011
19709,DE,3.68,24038.0,5/9/2011
19709,DE,3.68,11540.0,04/26/2011
19901,DE,3.68,30000.0,08/16/2010
19958,DE,3.68,18510.4,9/8/2011
19807,DE,3.68,,1/11/2009
19702,DE,3.69,29128.0,9/1/2009
19702,DE,3.69,17981.0,6/2/2010
19958,DE,3.69,26440.0,11/24/2010
19971,DE,3.696,29970.0,4/9/2008
19975,DE,3.7,,2/9/2011
19977,DE,3.7,,12/23/2010
19701,DE,3.7,23250.0,09/24/2010
19934,DE,3.7,28336.0,5/1/2009
19709,DE,3.7,28704.0,1/10/2010
19968,DE,3.7,22903.0,10/14/2010
19975,DE,3.7,,02/17/2011
19975,DE,3.7,,02/25/2011
19966,DE,3.7,,1/5/2012
19977,DE,3.7,23800.0,9/3/2010
19975,DE,3.7,23199.0,03/30/2011
19975,DE,3.7,21441.5,03/16/2011
19975,DE,3.7,22570.0,03/16/2011
19966,DE,3.7,17020.0,01/27/2012
19807,DE,3.7,23250.0,3/7/2008
19701,DE,3.7,21250.0,05/27/2011
19968,DE,3.7,8774.0,09/21/2011
19807,DE,3.7,33300.0,12/1/2007
19706,DE,3.75,,6/11/2013
19706,DE,3.75,49732.0,7/8/2013
19970,DE,3.76,,12/27/2011
19944,DE,3.76,,07/16/2012
19958,DE,3.76,28860.0,2/4/2011
19968,DE,3.78,,2/2/2009
19734,DE,3.78,29128.0,6/8/2009
19966,DE,3.78,,10/1/2008
19966,DE,3.78,,1/5/2009
19966,DE,3.78,,12/1/2009
19963,DE,3.78,,04/15/2009
19901,DE,3.78,,04/14/2009
19711,DE,3.78,,08/20/2009
19711,DE,3.78,21000.0,3/5/2009
19968,DE,3.78,,6/8/2011
19966,DE,3.78,31185.0,12/3/2008
19958,DE,3.78,30000.0,11/20/2008
19968,DE,3.78,30051.0,12/3/2008
19966,DE,3.78,30051.0,12/3/2008
19970,DE,3.78,31255.0,08/15/2008
19734,DE,3.78,28700.0,02/26/2010
19970,DE,3.78,23030.0,6/2/2010
19930,DE,3.78,27963.03,6/2/2010
19951,DE,3.78,18432.0,11/8/2010
19971,DE,3.78,39234.3,09/19/2011
19968,DE,3.78,29076.0,12/7/2011
19901,DE,3.78,30051.0,08/28/2009
19963,DE,3.78,30051.0,02/19/2010
19711,DE,3.78,29378.0,02/19/2010
19711,DE,3.78,26832.26,3/2/2010
19971,DE,3.78,30051.0,9/9/2009
19958,DE,3.78,,01/29/2009
19951,DE,3.78,30240.0,08/28/2009
19930,DE,3.78,29295.0,7/7/2009
19958,DE,3.78,,10/24/2008
19970,DE,3.78,29975.0,06/16/2008
19970,DE,3.78,,6/1/2009
19968,DE,3.8,,09/24/2014
19971,DE,3.8,26082.0,10/19/2010
19966,DE,3.8,,2/2/2009
19968,DE,3.8,32040.0,06/16/2009
19966,DE,3.8,,5/12/2009
19709,DE,3.8,,05/17/2011
19971,DE,3.8,,9/9/2011
19958,DE,3.8,,11/9/2011
19971,DE,3.8,58500.0,03/31/2008
19968,DE,3.8,5060.0,11/6/2008
19953,DE,3.8,27358.0,2/11/2009
19805,DE,3.8,15259.0,4/9/2012
19808,DE,3.8,,2/2/2010
19805,DE,3.8,,2/1/2010
19971,DE,3.8,28675.0,3/12/2008
19803,DE,3.81,,9/1/2011
19958,DE,3.83,,05/18/2011
19709,DE,3.83,,12/19/2012
19713,DE,3.84,,10/7/2013
19720,DE,3.84,,08/20/2013
19808,DE,3.84,,2/5/2009
19713,DE,3.84,,4/1/2009
19702,DE,3.85,,04/15/2014
19802,DE,3.85,30000.0,6/2/2010
19958,DE,3.85,30108.0,09/17/2010
19802,DE,3.85,30608.0,07/20/2009
19958,DE,3.85,,12/8/2009
19958,DE,3.87,30000.0,10/2/2008
19711,DE,3.87,10700.0,9/11/2009
19930,DE,3.87,36780.0,3/10/2011
19711,DE,3.87,27670.5,7/9/2010
19930,DE,3.87,29040.0,2/1/2010
19958,DE,3.87,,08/13/2009
19971,DE,3.875,26517.41,10/1/2010
19808,DE,3.89,,09/15/2011
19711,DE,3.9,,3/1/2010
19711,DE,3.9,31927.5,9/1/2008
19711,DE,3.92,,09/24/2014
19808,DE,3.96,,2/4/2011
19803,DE,3.96,26600.0,9/10/2010
19807,DE,3.96,32000.0,10/10/2010
19934,DE,3.96,32000.0,01/26/2009
19807,DE,3.96,25000.0,10/1/2010
19803,DE,3.96,17860.0,09/23/2011
19808,DE,3.96,33000.0,05/28/2010
19971,DE,3.964,7357.0,12/15/2010
19971,DE,3.964,32385.88,10/20/2009
19803,DE,3.976,29674.0,05/18/2009
19806,DE,3.98,,08/16/2013
19803,DE,3.98,,2/11/2015
19709,DE,3.98,10305.0,6/6/2011
19958,DE,4.0,,11/5/2014
19971,DE,4.0,,04/22/2013
19952,DE,4.0,,1/10/2014
19958,DE,4.0,,12/11/2014
19966,DE,4.0,,1/2/2015
19968,DE,4.0,,03/17/2015
19958,DE,4.0,,03/17/2015
19958,DE,4.0,,12/11/2014
19966,DE,4.0,,04/16/2008
19968,DE,4.0,,02/18/2008
19938,DE,4.0,,9/1/2008
19938,DE,4.0,,10/22/2008
19973,DE,4.0,31400.0,10/8/2008
19973,DE,4.0,,9/1/2009
19934,DE,4.0,,8/6/2008
19934,DE,4.0,,5/6/2009
19963,DE,4.0,,8/1/2008
19946,DE,4.0,,6/1/2009
19709,DE,4.0,32000.0,6/1/2009
19711,DE,4.0,,6/1/2007
19711,DE,4.0,,6/1/2009
19904,DE,4.0,,7/1/2007
19711,DE,4.0,,4/1/2008
19808,DE,4.0,26650.0,10/12/2008
19734,DE,4.0,,06/26/2012
19702,DE,4.0,30000.0,1/10/2000
19806,DE,4.0,,8/6/2012
19971,DE,4.0,,12/9/2014
19963,DE,4.0,34000.0,7/2/2008
19938,DE,4.0,33796.0,09/24/2008
19966,DE,4.0,33000.0,1/7/2009
19966,DE,4.0,30051.0,12/3/2008
19958,DE,4.0,30051.0,12/3/2008
19934,DE,4.0,33796.0,3/3/2009
19702,DE,4.0,59542.0,09/18/2002
19971,DE,4.0,18732.0,02/13/2003
19803,DE,4.0,27300.0,07/26/2007
19803,DE,4.0,6400.0,08/20/2007
19971,DE,4.0,12900.0,11/15/2007
19971,DE,4.0,25000.0,02/15/2008
19810,DE,4.0,79151.96,01/30/2008
19953,DE,4.0,39841.2,11/6/2008
19973,DE,4.0,31000.0,2/11/2009
19939,DE,4.0,28848.0,6/12/2009
19970,DE,4.0,26950.0,6/12/2009
19958,DE,4.0,34000.0,03/18/2009
19958,DE,4.0,23800.0,02/19/2010
19709,DE,4.0,32000.0,07/22/2009
19711,DE,4.0,32000.0,07/25/2007
19711,DE,4.0,31856.0,06/18/2008
19711,DE,4.0,30000.0,08/28/2009
19958,DE,4.0,,6/1/2008
19971,DE,4.0,28400.0,10/24/2007
19971,DE,4.0,,12/1/2004
19958,DE,4.0,,01/13/2009
19810,DE,4.0,31896.0,1/7/2008
19803,DE,4.0,32000.0,6/1/2007
19939,DE,4.0,35000.0,11/1/2008
19958,DE,4.0,,7/7/2008
19971,DE,4.0,32000.0,01/24/2008
19901,DE,4.02,,10/1/2009
19973,DE,4.03,,10/8/2009
19970,DE,4.05,,7/1/2011
19709,DE,4.05,,09/26/2011
19968,DE,4.05,,12/2/2011
19970,DE,4.05,26325.0,11/9/2011
19709,DE,4.05,23895.0,10/19/2011
19971,DE,4.06,,1/7/2014
19971,DE,4.06,,01/13/2014
19966,DE,4.07,,10/21/2010
19960,DE,4.07,,12/27/2011
19960,DE,4.07,,12/27/2011
19958,DE,4.07,,12/15/2011
19960,DE,4.07,,1/3/2012
19966,DE,4.07,,1/9/2012
19958,DE,4.07,,2/3/2012
19966,DE,4.07,22385.0,01/26/2011
19960,DE,4.07,26455.0,2/3/2012
19960,DE,4.07,26445.0,2/1/2012
19960,DE,4.07,26455.0,2/9/2012
19958,DE,4.07,,08/25/2010
19958,DE,4.08,,4/10/2014
19968,DE,4.08,,1/8/2015
19958,DE,4.08,,03/22/2012
19971,DE,4.08,,1/4/2013
19958,DE,4.08,23808.0,4/2/2012
19975,DE,4.095,13970.0,6/12/2009
19963,DE,4.095,35831.25,02/19/2010
19963,DE,4.1,,06/26/2009
19975,DE,4.1,37500.0,02/13/2009
19971,DE,4.1,,02/27/2012
19958,DE,4.1,,12/1/2009
19977,DE,4.12,,04/20/2010
19977,DE,4.124,37500.0,03/29/2010
19803,DE,4.14,30636.0,6/3/2010
19713,DE,4.14,,12/1/2010
19803,DE,4.14,27080.0,6/2/2010
19971,DE,4.14,,04/30/2012
19803,DE,4.14,16112.0,6/10/2011
19803,DE,4.14,39846.0,4/1/2011
19956,DE,4.14,,3/1/2010
19809,DE,4.16,,11/25/2013
19970,DE,4.16,,02/21/2014
19808,DE,4.16,,12/10/2014
19968,DE,4.18,,10/5/2011
19968,DE,4.18,27170.0,10/24/2011
19943,DE,4.2,,10/7/2014
19707,DE,4.2,,09/25/2014
19707,DE,4.2,,12/21/2010
19701,DE,4.2,36800.0,01/28/2009
19938,DE,4.2,27300.0,6/1/2010
19720,DE,4.2,37414.0,09/15/2009
19711,DE,4.2,,7/1/2009
19808,DE,4.2,37800.0,7/1/2007
19711,DE,4.2,36400.0,8/1/2009
19713,DE,4.2,38168.0,8/1/2009
19930,DE,4.2,,04/19/2011
19963,DE,4.2,,12/15/2011
19808,DE,4.2,9467.0,8/7/2007
19971,DE,4.2,35755.0,6/2/2010
19971,DE,4.2,63072.2,6/12/2009
19711,DE,4.2,19440.0,6/2/2010
19713,DE,4.2,31500.0,11/8/2010
19953,DE,4.2,17578.0,08/24/2011
19720,DE,4.2,21855.0,11/8/2010
19804,DE,4.2,68420.0,3/4/2011
19711,DE,4.2,30556.11,6/2/2010
19720,DE,4.2,29620.5,04/26/2011
19938,DE,4.2,17880.0,04/21/2011
19707,DE,4.2,42000.0,6/10/2011
19901,DE,4.2,31820.0,02/19/2010
19711,DE,4.2,33119.0,08/28/2009
19711,DE,4.2,32760.0,02/19/2010
19711,DE,4.2,,08/14/2009
19720,DE,4.2,36155.0,10/2/2009
19804,DE,4.2,36450.0,1/5/2010
19810,DE,4.2,30330.0,1/1/2009
19810,DE,4.2,29575.0,02/26/2009
19971,DE,4.2,35100.0,01/22/2009
19958,DE,4.2,,4/10/2008
19958,DE,4.2,,11/1/2009
19953,DE,4.2,38027.0,03/18/2010
19971,DE,4.2,,12/1/2008
19930,DE,4.2,17350.0,6/6/2012
19975,DE,4.22,,07/13/2010
19975,DE,4.224,35904.0,07/26/2010
19808,DE,4.226,17335.0,05/18/2009
19939,DE,4.23,,08/16/2013
19977,DE,4.23,,2/2/2010
19943,DE,4.23,,03/16/2011
19950,DE,4.23,,8/1/2011
19960,DE,4.23,,09/21/2011
19711,DE,4.23,,10/13/2011
19958,DE,4.23,,9/5/2012
19971,DE,4.23,,10/23/2012
19901,DE,4.23,,12/27/2012
19971,DE,4.23,,12/10/2012
19939,DE,4.23,30244.0,01/31/2011
19950,DE,4.23,26676.0,3/5/2012
19960,DE,4.23,27495.0,3/5/2012
19958,DE,4.23,26437.0,2/1/2013
19901,DE,4.23,14805.0,7/12/2013
19963,DE,4.23,23630.05,4/2/2012
19709,DE,4.247,21450.0,11/5/2009
19958,DE,4.25,,7/8/2013
19808,DE,4.262,33000.0,03/30/2011
19709,DE,4.27,37652.0,5/1/2009
19939,DE,4.3,,12/3/2010
19975,DE,4.3,,09/14/2010
19963,DE,4.3,,8/12/2010
19963,DE,4.3,26531.0,01/26/2011
19975,DE,4.3,28740.0,2/4/2011
19808,DE,4.32,,09/24/2014
19808,DE,4.32,,10/1/2014
19709,DE,4.32,,01/30/2013
19701,DE,4.32,,08/16/2013
19971,DE,4.32,,10/27/2010
19966,DE,4.32,,3/1/2010
19713,DE,4.32,,10/1/2011
19707,DE,4.32,,2/9/2012
19944,DE,4.32,,2/1/2012
19810,DE,4.32,,10/26/2012
19971,DE,4.32,,01/15/2013
19966,DE,4.32,30240.0,04/27/2010
19977,DE,4.32,22000.0,09/23/2011
19943,DE,4.32,29000.0,03/20/2012
19802,DE,4.32,9995.0,05/18/2009
19975,DE,4.32,21675.0,11/8/2010
19810,DE,4.32,14035.0,12/7/2011
19709,DE,4.32,32970.0,8/10/2012
19963,DE,4.32,30000.0,05/26/2010
19963,DE,4.32,30000.0,05/26/2010
19808,DE,4.36,,06/20/2011
19977,DE,4.36,,4/1/2010
19711,DE,4.37,34272.0,04/26/2011
19951,DE,4.37,22700.0,4/1/2011
19711,DE,4.37,46523.0,03/14/2010
19951,DE,4.37,20500.0,10/12/2010
19711,DE,4.375,32277.0,10/1/2010
19971,DE,4.375,25200.0,10/1/2010
19720,DE,4.4,38800.0,8/8/2008
19707,DE,4.4,38800.0,5/9/2008
19711,DE,4.4,,3/8/2011
19971,DE,4.4,41000.0,11/15/2007
19720,DE,4.4,11800.0,08/15/2008
19707,DE,4.4,29387.0,01/15/2009
19971,DE,4.4,35200.0,10/8/2007
19971,DE,4.4,25000.0,9/4/2008
19953,DE,4.4,,04/30/2008
19713,DE,4.41,,10/7/2014
19702,DE,4.41,,11/8/2014
19809,DE,4.41,,10/16/2012
19958,DE,4.41,,2/10/2011
19934,DE,4.41,25710.0,1/6/2011
19720,DE,4.41,,8/3/2012
19971,DE,4.41,21197.0,03/16/2012
19970,DE,4.41,13650.0,03/30/2011
19934,DE,4.41,24975.0,12/7/2011
19958,DE,4.41,30466.18,6/7/2011
19802,DE,4.41,35000.0,1/1/2009
19970,DE,4.41,34600.0,01/13/2010
19944,DE,4.416,20210.0,3/10/2011
19971,DE,4.42,,1/6/2014
19944,DE,4.42,35328.0,12/10/2009
19810,DE,4.44,26500.0,10/8/2010
19702,DE,4.44,,08/15/2011
19958,DE,4.44,,12/27/2011
19966,DE,4.44,,11/16/2011
19958,DE,4.44,29160.0,1/10/2012
19966,DE,4.44,28080.0,3/2/2012
19968,DE,4.48,,08/27/2014
19958,DE,4.488,20990.0,01/15/2009
19971,DE,4.5,,06/27/2014
19930,DE,4.5,,6/9/2014
19958,DE,4.5,,08/27/2014
19963,DE,4.5,,01/30/2013
19958,DE,4.5,,01/15/2014
19973,DE,4.5,,04/23/2014
19701,DE,4.5,,10/7/2014
19943,DE,4.5,,10/26/2010
19966,DE,4.5,,08/24/2010
19962,DE,4.5,,10/1/2009
19975,DE,4.5,30375.0,10/14/2010
19709,DE,4.5,,9/12/2011
19939,DE,4.5,,05/24/2012
19962,DE,4.5,32400.0,11/2/2009
19966,DE,4.5,29250.0,12/7/2010
19943,DE,4.5,30375.0,01/28/2011
19939,DE,4.5,31275.0,05/31/2012
19709,DE,4.5,28000.0,12/2/2011
19720,DE,4.5,,08/29/2010
19956,DE,4.5,,06/25/2010
19971,DE,4.5,,2/1/2010
19946,DE,4.51,18700.0,02/17/2011
19946,DE,4.51,29128.0,07/27/2011
19970,DE,4.546,36007.0,6/12/2009
19970,DE,4.546,37232.0,1/1/2009
19713,DE,4.548,19900.0,2/7/2011
19901,DE,4.549,40667.0,2/11/2009
19713,DE,4.55,29563.0,12/1/2009
19711,DE,4.55,47955.0,10/26/2011
19720,DE,4.55,54480.0,3/4/2011
19701,DE,4.55,50400.0,04/26/2011
19901,DE,4.55,,1/1/2009
19711,DE,4.56,,04/15/2013
19804,DE,4.56,,01/20/2012
19966,DE,4.56,,06/26/2012
19968,DE,4.56,29960.0,08/14/2009
19966,DE,4.56,28500.0,06/27/2012
19971,DE,4.59,,9/2/2013
19971,DE,4.59,,8/2/2013
19971,DE,4.59,,10/14/2014
19939,DE,4.59,,2/3/2012
19958,DE,4.59,,04/25/2012
19958,DE,4.59,29835.0,04/30/2012
19810,DE,4.6,,11/29/2012
19934,DE,4.6,,9/6/2012
19808,DE,4.6,,08/29/2012
19946,DE,4.6,,01/28/2013
19901,DE,4.6,,08/27/2012
19711,DE,4.6,,12/17/2012
19707,DE,4.6,,9/7/2012
19810,DE,4.6,,8/7/2012
19975,DE,4.6,,11/9/2010
19720,DE,4.6,37850.0,03/25/2010
19934,DE,4.6,,6/7/2010
19707,DE,4.6,,05/14/2012
19934,DE,4.6,27600.0,04/27/2010
19975,DE,4.6,35018.0,08/17/2011
19707,DE,4.6,36994.0,2/3/2011
19720,DE,4.6,42864.0,10/16/2003
19934,DE,4.62,,5/1/2010
19711,DE,4.62,,9/6/2011
19711,DE,4.62,34986.0,02/19/2010
19711,DE,4.62,35300.0,4/9/2012
19930,DE,4.65,24297.2,12/20/2010
19958,DE,4.672,53378.0,6/1/2008
19810,DE,4.68,,10/17/2013
19958,DE,4.68,,7/9/2012
19971,DE,4.69,37959.0,03/30/2010
19734,DE,4.7,,05/29/2014
19966,DE,4.7,,12/20/2010
19963,DE,4.7,,7/11/2011
19709,DE,4.7,,9/1/2011
19711,DE,4.7,,09/21/2011
19958,DE,4.7,,8/10/2012
19958,DE,4.7,,09/13/2012
19971,DE,4.7,,10/23/2012
19968,DE,4.7,,01/15/2013
19966,DE,4.7,26978.0,01/18/2011
19958,DE,4.7,28500.0,02/27/2013
19711,DE,4.7,24818.0,4/9/2012
19808,DE,4.7,41000.0,2/1/2008
19966,DE,4.725,31421.25,3/5/2010
19975,DE,4.725,30713.0,07/29/2010
19808,DE,4.725,24000.0,04/17/2008
19939,DE,4.725,18000.0,6/2/2010
19711,DE,4.725,34000.0,05/17/2011
19939,DE,4.725,37328.0,6/10/2009
19808,DE,4.73,41254.0,03/17/2010
19966,DE,4.73,,12/16/2009
19975,DE,4.73,,7/1/2010
19958,DE,4.73,,09/29/2011
19734,DE,4.73,,02/23/2012
19966,DE,4.73,,11/15/2012
19808,DE,4.73,24476.0,10/1/2011
19702,DE,4.75,,09/24/2014
19901,DE,4.75,,12/22/2010
19734,DE,4.75,,12/30/2010
19946,DE,4.75,,07/19/2011
19711,DE,4.75,,12/15/2009
19938,DE,4.752,41392.0,7/1/2009
19934,DE,4.752,25750.0,9/11/2009
19938,DE,4.752,11840.0,06/15/2010
19901,DE,4.752,13830.0,12/7/2011
19930,DE,4.752,18250.0,12/7/2011
19954,DE,4.77,,03/28/2014
19810,DE,4.8,,9/7/2012
19701,DE,4.8,,10/22/2012
19702,DE,4.8,,11/1/2012
19958,DE,4.8,,11/9/2012
19713,DE,4.8,,2/3/2013
19734,DE,4.8,,10/15/2013
19720,DE,4.8,,11/18/2013
19701,DE,4.8,,01/23/2014
19734,DE,4.8,,08/23/2012
19711,DE,4.8,,02/21/2013
19934,DE,4.8,40560.0,09/19/2006
19938,DE,4.8,,4/10/2007
19713,DE,4.8,45000.0,12/2/2006
19977,DE,4.8,,04/15/2009
19966,DE,4.8,,12/15/2008
19709,DE,4.8,42800.0,9/5/2008
19736,DE,4.8,45000.0,06/22/2007
19808,DE,4.8,42500.0,2/10/2009
19711,DE,4.8,,04/16/2012
19803,DE,4.8,,07/13/2012
19968,DE,4.8,,07/26/2012
19702,DE,4.8,,12/14/2012
19958,DE,4.8,,09/28/2012
19966,DE,4.8,,10/17/2012
19939,DE,4.8,,12/20/2012
19711,DE,4.8,,09/26/2012
19958,DE,4.8,,01/15/2013
19958,DE,4.8,,01/15/2013
19968,DE,4.8,25573.0,07/27/2012
19966,DE,4.8,30000.0,02/25/2013
19808,DE,4.8,39380.0,06/25/2003
19934,DE,4.8,63800.0,11/3/2006
19810,DE,4.8,36781.83,11/3/2006
19930,DE,4.8,15005.0,1/11/2007
19736,DE,4.8,46305.0,06/21/2007
19962,DE,4.8,35880.0,07/18/2007
19963,DE,4.8,81794.0,12/26/2007
19807,DE,4.8,48645.0,06/23/2008
19709,DE,4.8,13055.0,01/15/2009
19808,DE,4.8,15500.0,9/11/2009
19711,DE,4.8,72330.1,6/2/2010
19808,DE,4.8,12500.0,05/18/2009
19971,DE,4.8,18800.0,05/18/2009
19958,DE,4.8,37000.0,03/18/2009
19709,DE,4.8,38400.0,10/28/2008
19711,DE,4.8,25495.0,04/27/2012
19709,DE,4.8,38000.0,9/1/2008
19962,DE,4.8,40560.0,7/11/2007
19801,DE,4.8,,1/1/2009
19930,DE,4.8,26800.0,11/30/2006
19958,DE,4.8,,08/22/2008
19971,DE,4.8,39600.0,4/1/2008
19971,DE,4.8,39600.0,01/14/2009
19966,DE,4.81,,6/1/2011
19966,DE,4.81,24500.0,3/5/2012
19963,DE,4.83,34531.0,10/12/2010
19975,DE,4.83,,12/22/2011
19963,DE,4.83,11499.99,05/18/2011
19930,DE,4.86,,12/20/2010
19963,DE,4.86,36750.0,10/27/2011
19930,DE,4.86,19278.0,12/7/2011
19810,DE,4.9,,10/21/2014
19711,DE,4.9,,8/10/2012
19713,DE,4.9,,04/23/2013
19713,DE,4.9,,04/13/2013
19713,DE,4.9,,06/20/2013
19901,DE,4.9,,8/6/2013
19810,DE,4.9,,07/29/2013
19975,DE,4.9,,09/19/2014
19711,DE,4.9,,7/9/2010
19963,DE,4.9,26800.0,12/8/2010
19946,DE,4.9,44460.0,1/8/2010
19702,DE,4.9,41594.0,05/14/2009
19944,DE,4.9,32775.0,11/20/2006
19701,DE,4.9,24837.45,12/8/2009
19946,DE,4.9,40437.0,3/4/2011
19701,DE,4.92,,09/14/2009
19968,DE,4.928,37884.0,11/2/2009
19951,DE,4.93,,11/9/2009
19956,DE,4.935,22890.0,12/7/2011
19901,DE,4.935,32629.61,6/9/2011
19971,DE,4.94,,3/11/2013
19810,DE,4.94,39380.0,8/8/2009
19901,DE,4.94,,4/4/2011
19956,DE,4.94,38175.0,04/20/2011
19970,DE,4.94,,08/31/2011
19709,DE,4.94,,05/24/2012
19904,DE,4.94,,6/4/2012
19810,DE,4.94,32000.0,11/22/2010
19701,DE,4.94,38015.0,07/13/2010
19711,DE,4.95,,4/1/2011
19711,DE,4.95,28215.0,6/7/2011
19966,DE,4.995,23226.0,3/2/2012
19947,DE,4.995,13500.0,10/26/2012
19971,DE,5.0,,7/7/2014
19958,DE,5.0,,8/4/2014
19901,DE,5.0,,7/7/2014
19971,DE,5.0,,08/26/2014
19958,DE,5.0,,10/21/2014
19803,DE,5.0,,6/11/2013
19971,DE,5.0,,06/25/2013
19803,DE,5.0,,6/11/2013
19966,DE,5.0,,06/20/2013
19901,DE,5.0,,8/8/2013
19958,DE,5.0,,10/18/2013
19958,DE,5.0,,12/27/2013
19709,DE,5.0,,12/4/2013
19958,DE,5.0,,02/26/2014
19720,DE,5.0,,1/8/2015
19952,DE,5.0,,08/27/2014
19971,DE,5.0,,1/7/2014
19958,DE,5.0,,3/6/2015
19958,DE,5.0,,01/26/2015
19958,DE,5.0,,2/9/2015
19810,DE,5.0,,12/29/2010
19934,DE,5.0,44866.0,05/19/2008
19962,DE,5.0,,7/3/2008
19734,DE,5.0,45000.0,3/5/2007
19707,DE,5.0,,11/10/2009
19702,DE,5.0,45000.0,12/1/2006
19803,DE,5.0,43606.0,07/25/2008
19803,DE,5.0,47500.0,4/1/2007
19701,DE,5.0,45000.0,12/1/2006
19958,DE,5.0,,11/15/2011
19971,DE,5.0,,12/14/2011
19968,DE,5.0,,12/27/2011
19701,DE,5.0,51500.0,08/18/2006
19702,DE,5.0,38031.82,11/1/2006
19701,DE,5.0,16035.0,12/18/2006
19713,DE,5.0,25725.0,12/18/2006
19702,DE,5.0,34830.0,1/9/2007
19701,DE,5.0,30700.0,1/9/2007
19707,DE,5.0,43459.0,3/7/2007
19805,DE,5.0,6890.0,5/2/2007
19734,DE,5.0,33250.0,04/13/2007
19809,DE,5.0,74458.0,07/18/2007
19934,DE,5.0,13795.0,06/17/2008
19803,DE,5.0,28710.0,08/15/2008
19701,DE,5.0,47500.0,8/5/2006
19701,DE,5.0,45000.0,11/1/2006
19702,DE,5.0,45000.0,10/1/2006
19805,DE,5.0,45000.0,3/1/2007
19944,DE,5.0,,6/1/2008
19944,DE,5.0,49890.5,11/1/2006
19970,DE,5.0,,12/1/2008
19930,DE,5.01,8165.0,6/12/2009
19970,DE,5.01,40000.0,1/1/2006
19958,DE,5.016,,9/1/2011
19970,DE,5.04,,10/4/2012
19934,DE,5.04,,09/17/2009
19947,DE,5.04,,06/30/2009
19711,DE,5.04,,07/14/2009
19968,DE,5.04,,6/9/2011
19947,DE,5.04,39280.0,06/19/2009
19966,DE,5.04,28000.0,3/5/2012
19968,DE,5.04,24897.6,06/23/2011
19958,DE,5.04,30712.0,02/29/2012
19975,DE,5.04,25200.0,2/11/2009
19970,DE,5.04,17650.0,12/8/2009
19971,DE,5.04,15620.0,6/2/2010
19930,DE,5.04,20520.0,6/2/2010
19707,DE,5.04,29250.0,12/15/2010
19930,DE,5.04,14688.0,12/7/2011
19945,DE,5.04,,12/13/2009
19930,DE,5.04,35784.0,4/1/2010
19930,DE,5.04,39556.0,8/4/2009
19970,DE,5.04,40068.0,5/9/2009
19971,DE,5.04,37340.0,06/16/2009
19803,DE,5.049,11900.0,2/11/2009
19977,DE,5.06,,7/1/2010
19971,DE,5.06,,1/5/2011
19702,DE,5.06,37130.0,4/12/2011
19973,DE,5.06,,12/7/2011
19973,DE,5.06,24794.0,1/3/2012
19971,DE,5.06,50773.8,10/26/2011
19702,DE,5.06,41250.0,12/7/2011
19971,DE,5.06,24240.0,4/1/2011
19971,DE,5.06,29601.0,11/1/2010
19966,DE,5.075,37048.0,12/9/2009
19808,DE,5.075,12900.0,06/17/2008
19966,DE,5.08,,11/2/2009
19808,DE,5.08,40600.0,5/2/2008
19958,DE,5.1,,12/28/2014
19975,DE,5.1,,07/17/2013
19803,DE,5.1,,10/28/2013
19966,DE,5.1,,04/30/2014
19958,DE,5.1,,03/19/2014
19711,DE,5.1,,08/23/2010
19966,DE,5.1,,1/5/2012
19958,DE,5.1,,01/18/2012
19951,DE,5.1,,01/18/2012
19975,DE,5.1,,01/30/2012
19968,DE,5.1,,1/12/2012
19971,DE,5.1,,02/27/2012
19971,DE,5.1,,2/7/2012
19966,DE,5.1,,05/22/2012
19966,DE,5.1,,05/21/2012
19709,DE,5.1,,01/30/2013
19962,DE,5.1,41000.0,12/3/2008
19951,DE,5.1,33150.0,2/9/2012
19975,DE,5.1,21420.0,2/3/2012
19958,DE,5.1,21420.0,01/27/2012
19968,DE,5.1,33150.0,2/3/2012
19966,DE,5.1,33150.0,01/31/2012
19971,DE,5.1,33150.0,02/20/2012
19966,DE,5.1,33150.0,7/5/2012
19966,DE,5.1,33150.0,06/27/2012
19966,DE,5.1,23715.0,5/8/2012
19966,DE,5.1,30600.0,05/25/2012
19966,DE,5.1,23715.0,05/24/2012
19958,DE,5.1,35720.0,8/1/2008
19803,DE,5.1,38250.0,9/1/2008
19958,DE,5.11,,03/18/2008
19958,DE,5.112,41000.0,2/11/2009
19945,DE,5.118,18000.0,9/11/2009
19720,DE,5.12,,11/1/2011
19945,DE,5.12,40896.0,4/1/2009
19958,DE,5.13,,10/18/2011
19966,DE,5.13,,12/27/2011
19958,DE,5.13,,02/14/2012
19943,DE,5.13,,01/28/2012
19966,DE,5.13,,06/22/2012
19966,DE,5.13,33345.0,03/16/2012
19958,DE,5.13,33345.0,03/16/2012
19958,DE,5.13,33345.0,3/5/2012
19958,DE,5.13,32760.0,3/5/2012
19966,DE,5.13,22315.0,06/27/2012
19958,DE,5.13,22828.0,6/12/2012
19958,DE,5.13,32062.0,07/19/2012
19968,DE,5.16,,12/1/2009
19958,DE,5.16,41832.0,08/17/2009
19958,DE,5.16,36849.0,03/22/2011
19958,DE,5.16,,9/8/2009
19958,DE,5.17,,7/12/2013
19966,DE,5.17,,7/9/2013
19966,DE,5.17,,06/18/2013
19709,DE,5.17,46760.0,5/10/2010
19975,DE,5.17,,4/1/2011
19939,DE,5.17,,02/21/2012
19958,DE,5.17,,07/18/2012
19975,DE,5.17,16485.0,10/17/2011
19709,DE,5.18,35000.0,03/26/2010
19702,DE,5.18,,04/27/2011
19966,DE,5.18,,11/10/2011
19966,DE,5.18,,12/22/2011
19966,DE,5.18,,12/15/2011
19966,DE,5.18,,12/15/2011
19966,DE,5.18,,11/16/2011
19966,DE,5.18,,11/16/2011
19966,DE,5.18,,11/16/2011
19966,DE,5.18,,11/28/2011
19966,DE,5.18,,11/16/2011
19966,DE,5.18,,11/16/2011
19966,DE,5.18,,12/30/2011
19958,DE,5.18,,03/15/2012
19966,DE,5.18,28000.0,3/5/2012
19966,DE,5.18,28000.0,3/5/2012
19966,DE,5.18,28000.0,3/5/2012
19966,DE,5.18,28000.0,3/5/2012
19966,DE,5.18,28000.0,03/16/2012
19966,DE,5.18,32468.0,02/29/2012
19966,DE,5.18,33670.0,01/27/2012
19966,DE,5.18,24087.0,2/3/2012
19966,DE,5.18,24087.0,01/27/2012
19966,DE,5.18,33670.0,01/25/2012
19958,DE,5.18,33411.0,11/1/2012
19947,DE,5.184,40380.0,07/30/2009
19970,DE,5.184,31962.4,6/2/2010
19975,DE,5.184,39025.0,11/8/2010
19808,DE,5.2,,2/10/2014
19904,DE,5.2,,10/7/2013
19973,DE,5.2,,10/17/2013
19950,DE,5.2,,10/17/2013
19711,DE,5.2,,10/15/2013
19720,DE,5.2,,11/8/2013
19810,DE,5.2,,11/8/2013
19968,DE,5.2,,01/27/2014
19810,DE,5.2,,01/13/2014
19711,DE,5.2,,12/2/2013
19808,DE,5.2,,01/16/2014
19958,DE,5.2,,12/27/2013
19701,DE,5.2,,03/25/2014
19810,DE,5.2,,03/14/2014
19947,DE,5.2,,05/27/2014
19947,DE,5.2,,9/5/2014
19930,DE,5.2,,02/23/2015
19901,DE,5.2,40820.0,2/11/2009
19958,DE,5.2,,11/1/2010
19701,DE,5.2,41600.0,01/24/2008
19702,DE,5.2,38500.0,9/11/2008
19966,DE,5.2,59875.0,06/18/2008
19709,DE,5.2,45000.0,10/26/2007
19711,DE,5.2,41840.0,6/12/2006
19802,DE,5.2,47948.0,9/10/2008
19901,DE,5.2,,1/2/2009
19958,DE,5.2,,7/11/2012
19968,DE,5.2,,01/16/2013
19707,DE,5.2,29445.0,04/20/2007
19709,DE,5.2,12900.0,11/6/2007
19970,DE,5.2,19999.0,06/17/2008
19711,DE,5.2,18120.0,03/24/2008
19966,DE,5.2,52698.75,07/16/2008
19958,DE,5.2,54991.79,06/17/2008
19707,DE,5.2,32250.0,06/17/2008
19702,DE,5.2,55000.0,1/5/2009
19807,DE,5.2,20502.0,09/15/2009
19971,DE,5.2,36720.0,6/6/2011
19901,DE,5.2,40308.0,2/11/2009
19904,DE,5.2,40520.0,6/6/2008
19958,DE,5.2,,05/22/2008
19971,DE,5.2,30992.0,5/12/2010
19930,DE,5.23,,12/26/2013
19720,DE,5.23,,10/10/2012
19958,DE,5.25,,11/5/2014
19966,DE,5.25,,9/10/2014
19958,DE,5.25,,04/26/2013
19958,DE,5.25,,06/18/2013
19958,DE,5.25,,7/3/2013
19958,DE,5.25,,09/26/2013
19958,DE,5.25,,11/22/2013
19966,DE,5.25,,11/13/2013
19971,DE,5.25,,10/9/2013
19958,DE,5.25,,02/26/2014
19966,DE,5.25,,05/27/2014
19720,DE,5.25,,12/10/2014
19711,DE,5.25,,05/13/2010
19711,DE,5.25,46750.0,10/22/2009
19968,DE,5.25,,10/23/2007
19701,DE,5.25,46700.0,12/3/2009
19807,DE,5.25,44000.0,6/1/2008
19803,DE,5.25,44311.0,9/1/2009
19707,DE,5.25,42000.0,04/30/2008
19971,DE,5.25,,05/25/2012
19944,DE,5.25,59340.0,6/8/2006
19701,DE,5.25,24882.0,06/23/2008
19734,DE,5.25,37463.46,06/17/2008
19711,DE,5.25,27783.0,01/24/2011
19701,DE,5.25,17349.0,3/4/2011
19803,DE,5.25,17592.0,01/24/2011
19930,DE,5.25,11800.0,3/10/2011
19711,DE,5.25,45329.0,9/9/2010
19701,DE,5.25,35144.48,6/1/2009
19930,DE,5.25,52447.5,06/30/2009
19805,DE,5.25,,02/20/2008
19944,DE,5.25,51532.0,4/1/2006
19807,DE,5.26,42208.0,08/13/2009
19807,DE,5.26,30000.0,11/8/2010
19808,DE,5.28,,07/16/2013
19720,DE,5.28,,5/8/2013
19963,DE,5.28,,8/8/2014
19943,DE,5.28,,10/24/2012
19966,DE,5.28,,02/25/2013
19966,DE,5.28,,02/19/2013
19958,DE,5.28,,04/26/2013
19958,DE,5.28,,04/19/2013
19966,DE,5.28,,02/19/2013
19963,DE,5.28,,1/11/2011
19958,DE,5.28,,11/28/2011
19709,DE,5.28,,12/8/2011
19805,DE,5.28,,04/26/2012
19947,DE,5.28,,07/13/2012
19966,DE,5.28,,08/28/2012
19958,DE,5.28,,1/4/2013
19709,DE,5.28,,01/30/2013
19958,DE,5.28,,10/31/2012
19956,DE,5.28,37224.0,12/9/2009
19958,DE,5.28,34320.0,02/23/2012
19966,DE,5.28,21912.0,2/1/2013
19966,DE,5.28,30360.0,08/26/2013
19966,DE,5.28,18836.0,2/1/2013
19709,DE,5.28,29326.71,2/7/2012
19702,DE,5.29,43478.0,4/1/2010
19803,DE,5.29,18144.0,04/26/2011
19711,DE,5.29,31750.0,12/10/2010
19803,DE,5.29,41379.0,1/1/2010
19701,DE,5.3,,06/25/2014
19958,DE,5.3,,03/19/2014
19803,DE,5.3,,2/7/2014
19971,DE,5.3,,02/20/2014
19955,DE,5.3,36931.0,11/29/2010
19701,DE,5.3,35144.48,5/1/2008
19966,DE,5.3,,7/1/2008
19734,DE,5.3,,05/22/2012
19958,DE,5.31,,10/7/2014
19731,DE,5.32,,7/8/2014
19711,DE,5.32,,12/23/2013
19711,DE,5.32,36960.0,11/20/2010
19711,DE,5.32,,10/3/2011
19958,DE,5.32,,2/3/2012
19720,DE,5.32,,01/20/2012
19958,DE,5.32,,7/3/2012
19934,DE,5.32,,07/30/2012
19966,DE,5.32,,08/20/2012
19968,DE,5.32,,07/27/2012
19958,DE,5.32,34580.0,7/5/2012
19966,DE,5.32,33250.0,08/27/2012
19955,DE,5.32,14200.0,12/20/2011
19711,DE,5.32,13804.0,12/7/2011
19713,DE,5.35,,2/9/2011
19966,DE,5.355,21200.0,4/9/2012
19958,DE,5.36,,09/29/2014
19966,DE,5.36,,10/21/2014
19958,DE,5.36,,9/4/2013
19958,DE,5.36,,9/3/2013
19971,DE,5.36,,10/28/2013
19958,DE,5.36,,11/20/2013
19958,DE,5.36,,3/7/2014
19968,DE,5.36,,6/2/2014
19709,DE,5.39,,02/20/2013
19702,DE,5.4,,09/17/2014
19947,DE,5.4,,12/3/2013
19807,DE,5.4,,3/3/2015
19810,DE,5.4,,11/24/2010
19711,DE,5.4,,12/1/2010
19701,DE,5.4,44550.0,4/1/2008
19720,DE,5.4,,07/13/2006
19975,DE,5.4,39967.0,10/17/2008
19810,DE,5.4,45000.0,11/21/2006
19707,DE,5.4,45000.0,09/19/2007
19966,DE,5.4,,09/29/2011
19966,DE,5.4,,08/18/2011
19958,DE,5.4,,3/7/2012
19966,DE,5.4,38340.0,3/5/2012
19966,DE,5.4,37530.0,3/5/2012
19958,DE,5.4,37700.0,03/16/2012
19810,DE,5.4,40975.0,1/9/2007
19707,DE,5.4,15000.0,10/10/2007
19709,DE,5.4,20500.0,10/31/2007
19701,DE,5.4,22354.65,03/25/2008
19707,DE,5.4,45598.89,08/13/2008
19709,DE,5.4,31680.0,6/2/2010
19970,DE,5.4,8050.0,3/10/2011
19711,DE,5.4,29700.0,5/9/2011
19707,DE,5.4,42120.0,6/1/2008
19806,DE,5.4,,04/27/2009
19970,DE,5.4,34830.0,2/10/2010
19970,DE,5.41,,02/21/2012
19805,DE,5.425,54250.0,04/27/2009
19805,DE,5.425,28800.0,02/26/2010
19958,DE,5.46,42588.0,11/2/2009
19944,DE,5.46,32656.84,11/10/2010
19958,DE,5.46,,10/4/2010
19966,DE,5.46,,4/5/2012
19947,DE,5.46,35000.0,04/27/2010
19958,DE,5.46,29800.0,08/26/2010
19944,DE,5.46,24160.0,10/27/2011
19958,DE,5.46,,11/3/2009
19966,DE,5.47,,7/1/2011
19966,DE,5.472,35100.0,3/5/2012
19968,DE,5.5,,08/20/2014
19810,DE,5.5,,11/18/2014
19901,DE,5.5,,11/5/2014
19968,DE,5.5,,10/13/2014
19958,DE,5.5,,12/18/2014
19958,DE,5.5,,12/18/2014
19958,DE,5.5,,07/21/2014
19707,DE,5.5,,08/28/2014
19966,DE,5.5,,9/10/2014
19958,DE,5.5,,10/10/2014
19966,DE,5.5,,10/2/2014
19943,DE,5.5,,8/11/2014
19958,DE,5.5,,06/18/2013
19958,DE,5.5,,07/24/2013
19958,DE,5.5,,08/28/2013
19958,DE,5.5,,09/26/2013
19958,DE,5.5,,09/13/2013
19958,DE,5.5,,10/11/2013
19966,DE,5.5,,09/25/2013
19958,DE,5.5,,8/9/2013
19958,DE,5.5,,7/5/2013
19958,DE,5.5,,10/7/2013
19966,DE,5.5,,11/7/2013
19958,DE,5.5,,11/19/2013
19966,DE,5.5,,12/6/2013
19958,DE,5.5,,01/16/2014
19958,DE,5.5,,1/6/2014
19966,DE,5.5,,01/14/2014
19958,DE,5.5,,01/14/2014
19966,DE,5.5,,12/27/2013
19958,DE,5.5,,02/27/2014
19958,DE,5.5,,04/22/2014
19958,DE,5.5,,03/19/2014
19958,DE,5.5,,4/11/2014
19966,DE,5.5,,02/14/2014
19958,DE,5.5,,03/21/2014
19958,DE,5.5,,05/22/2014
19968,DE,5.5,,04/29/2014
19958,DE,5.5,,05/13/2014
19958,DE,5.5,,05/13/2014
19958,DE,5.5,,06/18/2014
19958,DE,5.5,,06/18/2014
19810,DE,5.5,,11/7/2014
19702,DE,5.5,,3/3/2015
19904,DE,5.5,,12/22/2014
19966,DE,5.5,,01/22/2015
19968,DE,5.5,,12/23/2014
19971,DE,5.5,,3/6/2015
19958,DE,5.5,,03/17/2015
19958,DE,5.5,,3/6/2015
19958,DE,5.5,,03/29/2015
19958,DE,5.5,,02/23/2015
19958,DE,5.5,,2/10/2015
19958,DE,5.5,,01/19/2015
19958,DE,5.5,,2/9/2015
19958,DE,5.5,,2/9/2015
19958,DE,5.5,,2/9/2015
19958,DE,5.5,,01/26/2015
19958,DE,5.5,,01/15/2015
19958,DE,5.5,,01/16/2015
19958,DE,5.5,,01/15/2015
19930,DE,5.5,30000.0,09/21/2010
19702,DE,5.5,40975.0,5/12/2010
19968,DE,5.5,,12/9/2014
19968,DE,5.5,,12/26/2014
19968,DE,5.5,,11/20/2014
19930,DE,5.5,28224.0,08/24/2011
19707,DE,5.52,43459.0,06/28/2010
19707,DE,5.52,42413.0,06/21/2010
19709,DE,5.52,,01/19/2011
19960,DE,5.52,,1/3/2012
19977,DE,5.52,38500.0,10/1/2010
19960,DE,5.52,28372.8,01/18/2012
19707,DE,5.52,22000.0,01/24/2011
19720,DE,5.52,74154.0,04/26/2011
19707,DE,5.52,32674.0,8/4/2011
19734,DE,5.52,25704.0,6/10/2011
19971,DE,5.52,26245.0,07/28/2011
19806,DE,5.52,9160.0,05/27/2011
19901,DE,5.52,31000.0,3/2/2011
19977,DE,5.52,,05/30/2010
19707,DE,5.52,31530.0,10/30/2009
19806,DE,5.52,35880.0,9/1/2010
19971,DE,5.52,35880.0,05/20/2010
19734,DE,5.54,38500.0,7/1/2010
19709,DE,5.54,40500.0,07/17/2009
19971,DE,5.55,,2/2/2011
19711,DE,5.55,,11/24/2010
19711,DE,5.55,,5/12/2011
19975,DE,5.55,,04/28/2011
19713,DE,5.55,,12/7/2011
19702,DE,5.55,,12/29/2011
19958,DE,5.55,31912.5,1/6/2011
19975,DE,5.55,29156.5,5/9/2011
19801,DE,5.55,18350.0,12/7/2011
19971,DE,5.55,29807.0,12/5/2011
19711,DE,5.55,31500.0,6/7/2011
19958,DE,5.55,,10/4/2010
19950,DE,5.56,,05/18/2010
19709,DE,5.59,46117.5,9/1/2007
19701,DE,5.59,10900.0,02/20/2008
19958,DE,5.6,,1/12/2011
19701,DE,5.6,,07/18/2007
19701,DE,5.6,45360.0,03/27/2009
19934,DE,5.6,,1/6/2009
19947,DE,5.6,,01/20/2010
19807,DE,5.6,40450.0,02/24/2009
19711,DE,5.6,43800.0,4/1/2007
19808,DE,5.6,44972.0,12/24/2006
19934,DE,5.6,44212.0,09/24/2008
19810,DE,5.6,9100.0,11/3/2006
19711,DE,5.6,34050.0,5/2/2007
19930,DE,5.6,29886.0,05/17/2007
19701,DE,5.6,6930.0,07/27/2007
19808,DE,5.6,57800.0,1/9/2008
19713,DE,5.6,29500.0,08/15/2005
19808,DE,5.6,26221.0,11/8/2010
19701,DE,5.6,22961.6,8/7/2009
19808,DE,5.6,17460.0,10/1/2010
19709,DE,5.6,40000.0,9/10/2010
19930,DE,5.6,44800.0,6/8/2007
19808,DE,5.6,51430.0,10/1/2009
19808,DE,5.6,46140.0,10/14/2009
19971,DE,5.61,,11/18/2014
19958,DE,5.61,,11/13/2014
19966,DE,5.61,,10/21/2014
19958,DE,5.61,,09/29/2014
19966,DE,5.61,,10/7/2014
19966,DE,5.61,,09/19/2014
19973,DE,5.61,,01/18/2013
19951,DE,5.61,,12/6/2013
19958,DE,5.61,,12/16/2013
19968,DE,5.61,,2/4/2014
19958,DE,5.61,,4/10/2014
19966,DE,5.61,,1/9/2015
19971,DE,5.61,,12/2/2014
19968,DE,5.61,,12/23/2014
19970,DE,5.64,,06/13/2013
19958,DE,5.64,,08/28/2013
19966,DE,5.64,,11/7/2013
19958,DE,5.64,,10/5/2011
19963,DE,5.64,,3/1/2012
19808,DE,5.64,,05/24/2012
19971,DE,5.64,,09/24/2012
19966,DE,5.64,,09/28/2012
19970,DE,5.64,,10/12/2012
19958,DE,5.64,34473.6,02/29/2012
19966,DE,5.64,35250.0,2/1/2013
19963,DE,5.64,23474.0,10/31/2012
19975,DE,5.66,,08/14/2013
19943,DE,5.67,45077.0,01/26/2009
19966,DE,5.68,53960.0,8/1/2009
19966,DE,5.68,20000.0,6/2/2010
19709,DE,5.684,47282.2,5/1/2007
19709,DE,5.684,28100.0,06/23/2008
19958,DE,5.7,,12/2/2011
19968,DE,5.7,,11/10/2011
19966,DE,5.7,,3/1/2012
19904,DE,5.7,,6/4/2012
19966,DE,5.7,36660.0,1/5/2012
19958,DE,5.7,37440.0,3/2/2012
19904,DE,5.7,20691.0,10/31/2012
19958,DE,5.72,,9/10/2014
19966,DE,5.72,,10/7/2014
19975,DE,5.72,,11/11/2013
19808,DE,5.72,,06/27/2014
19734,DE,5.72,,12/10/2014
19943,DE,5.74,,11/8/2013
19702,DE,5.74,,10/10/2012
19807,DE,5.75,,05/21/2013
19940,DE,5.75,,01/28/2011
19958,DE,5.75,38812.5,05/20/2010
19940,DE,5.75,39774.0,07/27/2011
19943,DE,5.76,,01/18/2013
19958,DE,5.76,,06/29/2012
19958,DE,5.76,,04/16/2013
19971,DE,5.76,,4/5/2013
19966,DE,5.76,,4/3/2013
19808,DE,5.76,,2/8/2013
19808,DE,5.76,,03/18/2013
19977,DE,5.76,,02/21/2013
19963,DE,5.76,33000.0,11/22/2010
19801,DE,5.76,,12/1/2011
19958,DE,5.76,,6/11/2012
19971,DE,5.76,,04/27/2012
19958,DE,5.76,,05/25/2012
19701,DE,5.76,,8/3/2012
19958,DE,5.76,,01/21/2013
19966,DE,5.76,,12/27/2012
19958,DE,5.76,,10/17/2012
19970,DE,5.76,,01/16/2013
19958,DE,5.76,19066.0,2/1/2013
19966,DE,5.76,23839.0,2/1/2013
19963,DE,5.76,23930.0,10/26/2011
19971,DE,5.76,29975.0,09/30/2011
19968,DE,5.775,46068.0,08/14/2009
19970,DE,5.775,16632.0,6/2/2010
19970,DE,5.775,45600.0,05/13/2009
19904,DE,5.78,,01/27/2015
19968,DE,5.78,,1/5/2010
19966,DE,5.78,,06/22/2012
19962,DE,5.78,,10/21/2014
19958,DE,5.79,,10/7/2014
19709,DE,5.8,,05/14/2010
19971,DE,5.8,41600.0,04/28/2011
19958,DE,5.83,,01/14/2014
19958,DE,5.83,,11/10/2011
19810,DE,5.85,26290.0,6/2/2010
19707,DE,5.875,20150.0,12/7/2011
19901,DE,5.88,,11/12/2014
19720,DE,5.88,,08/15/2014
19734,DE,5.88,,09/17/2014
19702,DE,5.88,30741.52,11/12/2010
19934,DE,5.88,41672.04,10/22/2009
19975,DE,5.88,46452.0,12/17/2009
19945,DE,5.88,,07/22/2009
19803,DE,5.88,42548.0,9/4/2009
19711,DE,5.88,49999.0,08/15/2009
19709,DE,5.88,,03/28/2011
19707,DE,5.88,39622.5,02/26/2011
19971,DE,5.88,,05/25/2012
19945,DE,5.88,,10/3/2012
19958,DE,5.88,,7/1/2012
19945,DE,5.88,45570.0,08/31/2009
19970,DE,5.88,31200.0,2/11/2009
19711,DE,5.88,17592.0,10/1/2010
19971,DE,5.88,25776.0,8/10/2012
19803,DE,5.88,45360.0,6/2/2010
19934,DE,5.88,6560.0,11/8/2010
19975,DE,5.88,22460.0,01/24/2011
19702,DE,5.88,32445.0,12/7/2011
19711,DE,5.88,,7/9/2010
19964,DE,5.88,,12/24/2009
19970,DE,5.88,47275.0,10/14/2008
19970,DE,5.88,,07/29/2009
19709,DE,5.9,,2/1/2009
19971,DE,5.9,,3/2/2011
19711,DE,5.92,,02/22/2011
19971,DE,5.92,31500.0,12/7/2011
19966,DE,5.928,32010.0,02/29/2012
19966,DE,5.93,,08/18/2011
19971,DE,5.94,,08/28/2014
19711,DE,5.94,,1/3/2010
19702,DE,5.94,36000.0,09/26/2010
19810,DE,5.94,33800.0,10/1/2011
19702,DE,5.94,110779.2,09/21/2011
19711,DE,5.94,22125.0,12/7/2011
19810,DE,5.94,46000.0,07/29/2009
19711,DE,5.945,40000.0,9/9/2010
19711,DE,5.95,,04/19/2010
19808,DE,5.95,20674.77,11/6/2008
19971,DE,5.96,63000.0,04/17/2008
19971,DE,5.964,18862.0,05/27/2008
19971,DE,5.98,,12/3/2013
19968,DE,5.98,,4/11/2011
19971,DE,5.98,,12/7/2011
19947,DE,5.98,,03/14/2011
19970,DE,5.98,35820.0,9/3/2010
19947,DE,5.98,35880.0,10/5/2011
19968,DE,5.98,29720.6,5/4/2011
19963,DE,5.98,29070.0,8/10/2012
19975,DE,6.0,,08/27/2014
19971,DE,6.0,,7/7/2014
19975,DE,6.0,,07/31/2013
19958,DE,6.0,,07/25/2013
19958,DE,6.0,,09/30/2013
19958,DE,6.0,,02/20/1997
19968,DE,6.0,,04/22/2014
19958,DE,6.0,,02/28/2014
19958,DE,6.0,,02/21/2014
19970,DE,6.0,,08/29/2013
19970,DE,6.0,,5/1/2014
19970,DE,6.0,,03/19/2014
19720,DE,6.0,,07/30/2014
19968,DE,6.0,,01/21/2015
19958,DE,6.0,,12/23/2014
19901,DE,6.0,,12/8/2014
19808,DE,6.0,,12/23/2014
19968,DE,6.0,,3/9/2015
19958,DE,6.0,,03/28/2015
19958,DE,6.0,,01/21/2015
19977,DE,6.0,,7/9/2012
19734,DE,6.0,44969.0,9/6/2007
19701,DE,6.0,47171.0,10/10/2007
19701,DE,6.0,,7/10/2007
19709,DE,6.0,49500.0,10/12/2006
19709,DE,6.0,48000.0,1/2/2009
19943,DE,6.0,48220.0,02/23/2009
19810,DE,6.0,48000.0,04/30/2008
19707,DE,6.0,,09/30/2011
19963,DE,6.0,,09/29/2011
19804,DE,6.0,,2/8/2012
19709,DE,6.0,,12/30/2011
19709,DE,6.0,,11/30/2012
19970,DE,6.0,,11/21/2014
19701,DE,6.0,41672.04,07/21/2006
19807,DE,6.0,29977.0,7/12/2006
19808,DE,6.0,13367.0,7/12/2006
19711,DE,6.0,32385.88,7/12/2006
19901,DE,6.0,42413.0,08/20/2007
19734,DE,6.0,19750.0,09/26/2007
19701,DE,6.0,16035.0,10/31/2007
19803,DE,6.0,33500.0,06/23/2008
19971,DE,6.0,32000.0,01/15/2009
19709,DE,6.0,22535.0,09/15/2009
19958,DE,6.0,13100.0,2/10/2009
19943,DE,6.0,10000.0,9/11/2009
19709,DE,6.0,,6/1/2009
19807,DE,6.0,49500.0,5/12/2006
19702,DE,6.0,,1/1/2003
19808,DE,6.0,,7/1/2008
19958,DE,6.0,49500.0,10/1/2008
19971,DE,6.0,,8/4/2008
19934,DE,6.02,,5/2/2009
19809,DE,6.02,,9/1/2011
19934,DE,6.02,46354.0,06/22/2009
19958,DE,6.02,,10/14/2009
19950,DE,6.05,,4/9/2014
19709,DE,6.075,30222.4,04/28/2010
19975,DE,6.08,,08/13/2008
19977,DE,6.08,33605.0,09/15/2009
19966,DE,6.09,36781.83,01/21/2010
19966,DE,6.09,28435.0,01/25/2011
19709,DE,6.1,47992.5,6/1/2009
19958,DE,6.105,,11/28/2011
19958,DE,6.105,28388.0,3/2/2012
19904,DE,6.105,38900.0,3/6/2012
19971,DE,6.11,23434,5/4/2013
19971,DE,6.11,,08/30/2012
19970,DE,6.11,,03/14/2011
19810,DE,6.11,,03/14/2011
19904,DE,6.11,,12/1/2011
19808,DE,6.11,,10/6/2011
19975,DE,6.11,,11/16/2011
19958,DE,6.11,,01/14/2012
19970,DE,6.11,,2/3/2012
19904,DE,6.11,,12/15/2011
19702,DE,6.11,,04/27/2012
19810,DE,6.11,,08/24/2012
19958,DE,6.11,,09/13/2012
19904,DE,6.11,30244.5,12/30/2011
19958,DE,6.11,39715.0,02/28/2012
19975,DE,6.11,29966.7,11/18/2011
19966,DE,6.12,,3/8/2013
19711,DE,6.12,,11/18/2013
19938,DE,6.12,,1/4/2011
19971,DE,6.12,,11/14/2014
19938,DE,6.12,44009.0,2/1/2011
19810,DE,6.125,12900.0,8/7/2008
19702,DE,6.15,,09/24/2013
19807,DE,6.15,45638.51,10/19/2009
19711,DE,6.16,35032.42,02/13/2012
19966,DE,6.18,,05/17/2013
19711,DE,6.2,49600.0,1/9/2009
19803,DE,6.2,62000.0,6/7/2010
19803,DE,6.2,36447.5,12/7/2011
19938,DE,6.21,,11/25/2009
19803,DE,6.21,32000.0,6/12/2009
19711,DE,6.235,40682.0,07/28/2011
19808,DE,6.24,,05/17/2013
19720,DE,6.24,,05/23/2013
19952,DE,6.24,,8/2/2013
19930,DE,6.24,,12/26/2013
19803,DE,6.24,,6/2/2014
19958,DE,6.24,,12/30/2011
19707,DE,6.24,,07/31/2012
19711,DE,6.24,,07/31/2012
19971,DE,6.24,,1/4/2013
19958,DE,6.24,29640.0,3/5/2012
19958,DE,6.24,39780.0,7/11/2012
19711,DE,6.24,49637.0,2/1/2010
19706,DE,6.25,,3/3/2015
19808,DE,6.25,,1/9/2015
19713,DE,6.25,,09/16/2011
19966,DE,6.27,,08/29/2011
19958,DE,6.27,,11/14/2011
19958,DE,6.27,,04/25/2012
19966,DE,6.27,39715.0,02/29/2012
19958,DE,6.27,39715.0,3/5/2012
19971,DE,6.27,26344.0,07/13/2012
19701,DE,6.28,,11/24/2014
19970,DE,6.3,,3/12/2014
19958,DE,6.3,,5/5/2014
19805,DE,6.3,,04/27/2010
19701,DE,6.3,,07/24/2009
19947,DE,6.3,,07/23/2009
19947,DE,6.3,,01/25/2010
19711,DE,6.3,50120.0,11/16/2007
19975,DE,6.3,,2/9/2011
19947,DE,6.3,,8/4/2011
19971,DE,6.3,,11/10/2014
19947,DE,6.3,48825.0,01/27/2010
19711,DE,6.3,19990.0,9/11/2009
19971,DE,6.3,38366.0,8/7/2009
19971,DE,6.3,125920.0,6/2/2010
19971,DE,6.3,19549.0,6/2/2010
19809,DE,6.3,23500.0,10/26/2011
19953,DE,6.3,29835.0,3/4/2011
19971,DE,6.3,27000.0,11/8/2010
19701,DE,6.3,39720.0,6/2/2010
19963,DE,6.3,45360.0,12/15/2010
19808,DE,6.3,24000.0,10/1/2010
19806,DE,6.3,40713.75,12/15/2010
19713,DE,6.3,9079.16,12/7/2011
19806,DE,6.3,,10/1/2010
19971,DE,6.3,50400.0,02/16/2009
19953,DE,6.3,51408.0,01/22/2010
19963,DE,6.3,47250.0,11/1/2009
19971,DE,6.3,45600.0,09/30/2009
19971,DE,6.3,47880.0,07/20/2009
19971,DE,6.3,55440.0,05/26/2009
19971,DE,6.3,50400.0,3/1/2009
19963,DE,6.34,10573.94,10/31/2012
19968,DE,6.35,,3/11/2013
19963,DE,6.35,,10/22/2012
19947,DE,6.36,,11/12/2014
19713,DE,6.36,,9/8/2014
19955,DE,6.36,,01/13/2014
19971,DE,6.36,,10/24/2013
19808,DE,6.37,,08/15/2014
19720,DE,6.37,,10/7/2014
19904,DE,6.37,,2/12/2013
19970,DE,6.37,,11/30/2011
19930,DE,6.37,,05/24/2012
19947,DE,6.375,49833.0,09/28/2009
19947,DE,6.375,49833.0,09/28/2009
19709,DE,6.43,,7/1/2011
19734,DE,6.44,47753.0,07/24/2010
19702,DE,6.44,51716.0,12/22/2009
19711,DE,6.44,17250.0,08/24/2011
19709,DE,6.44,29975.0,09/19/2011
19734,DE,6.44,23520.0,9/8/2011
19711,DE,6.44,55750.0,3/9/2010
19709,DE,6.44,47751.0,04/23/2010
19947,DE,6.45,,9/1/2010
19901,DE,6.45,,6/1/2010
19947,DE,6.45,41344.0,9/3/2010
19901,DE,6.45,31397.71,9/8/2010
19709,DE,6.46,,8/10/2012
19711,DE,6.48,,9/10/2014
19711,DE,6.48,,05/31/2013
19938,DE,6.48,,08/20/2014
19720,DE,6.48,,02/19/2015
19970,DE,6.48,,10/1/2011
19971,DE,6.48,,11/28/2011
19971,DE,6.48,,10/16/2014
19960,DE,6.48,57079.53,02/23/2010
19701,DE,6.48,42000.0,04/28/2010
19930,DE,6.5,,11/5/2014
19958,DE,6.5,,12/9/2014
19720,DE,6.5,,2/10/2014
19958,DE,6.5,,07/16/2014
19958,DE,6.5,,09/24/2013
19711,DE,6.5,,09/30/2013
19958,DE,6.5,,10/18/2013
19958,DE,6.5,,10/28/2013
19960,DE,6.5,,1/2/2014
19958,DE,6.5,,12/27/2013
19958,DE,6.5,,03/24/2014
19701,DE,6.5,,11/4/2013
19966,DE,6.5,,1/9/2015
19701,DE,6.5,,5/8/2014
19711,DE,6.5,,11/7/2014
19973,DE,6.5,,02/23/2015
19971,DE,6.5,,3/9/2015
19958,DE,6.5,,1/6/2015
19958,DE,6.5,,2/9/2015
19901,DE,6.5,,03/21/2013
19960,DE,6.5,,11/17/2009
19810,DE,6.5,,01/20/2012
19947,DE,6.58,,8/9/2012
19945,DE,6.58,,07/25/2011
19973,DE,6.58,,11/12/2010
19958,DE,6.58,,8/1/2012
19968,DE,6.58,,01/31/2013
19973,DE,6.58,44999.96,01/28/2011
19973,DE,6.58,,2/5/2008
19970,DE,6.6,,6/5/2014
19701,DE,6.6,,12/18/2014
19808,DE,6.6,47494.87,04/14/2006
19964,DE,6.6,31080.0,09/27/2004
19808,DE,6.6,26428.0,04/20/2006
19956,DE,6.6,49995.0,12/1/2009
19702,DE,6.63,,04/15/2013
19958,DE,6.63,,04/25/2012
19958,DE,6.63,28509.0,04/30/2012
19711,DE,6.65,45000.0,11/24/2010
19958,DE,6.67,45022.5,3/8/2010
19971,DE,6.67,75904.0,8/7/2009
19711,DE,6.67,,04/23/2010
19971,DE,6.67,55271.0,1/5/2009
19703,DE,6.72,,7/8/2013
19930,DE,6.72,,12/6/2012
19968,DE,6.72,,02/27/2015
19943,DE,6.72,,04/14/2009
19702,DE,6.72,63400.0,8/1/2008
19808,DE,6.72,38031.82,01/29/2010
19966,DE,6.72,,6/7/2011
19963,DE,6.72,,12/13/2012
19703,DE,6.72,,11/21/2012
19702,DE,6.72,50656.0,01/15/2009
19808,DE,6.72,14949.0,03/14/2011
19966,DE,6.72,46700.0,6/6/2012
19958,DE,6.73,,05/13/2013
19709,DE,6.74,42500.0,8/1/2010
19709,DE,6.74,23353.0,09/19/2011
19703,DE,6.75,,3/3/2015
19709,DE,6.75,33087.3,10/27/2010
19963,DE,6.75,47250.0,12/20/2010
19970,DE,6.75,,2/1/2012
19709,DE,6.75,21643.91,10/26/2011
19963,DE,6.75,34288.8,12/7/2011
19966,DE,6.76,,05/13/2014
19711,DE,6.77,,04/23/2010
19711,DE,6.8,41775.0,09/29/2009
19934,DE,6.8,57800.0,4/1/2008
19901,DE,6.8,53720.0,6/1/2009
19934,DE,6.8,30000.0,04/17/2008
19971,DE,6.8,19488.0,04/15/2009
19901,DE,6.8,20500.0,04/28/2010
19716,DE,6.8,,12/1/2008
19958,DE,6.82,,4/9/2010
19971,DE,6.84,,1/10/2012
19971,DE,6.84,,03/15/2012
19971,DE,6.84,20750.0,11/22/2010
19711,DE,6.84,46858.0,08/17/2011
19975,DE,6.85,,10/2/2014
19709,DE,6.86,,10/28/2014
19701,DE,6.86,,10/27/2014
19720,DE,6.86,,09/19/2014
19968,DE,6.86,,07/30/2012
19958,DE,6.88,52632.0,06/22/2009
19958,DE,6.88,52288.0,8/11/2009
19958,DE,6.88,,07/28/2009
19958,DE,6.88,,8/6/2009
19970,DE,6.89,,11/6/2013
19709,DE,6.89,44750.0,03/18/2011
19709,DE,6.9,38600.0,05/14/2009
19701,DE,6.9,,5/6/2011
19801,DE,6.9,,09/19/2011
19807,DE,6.9,43051.5,05/18/2009
19944,DE,6.9,20628.0,12/22/2010
19709,DE,6.9,40000.0,02/28/2011
19701,DE,6.9,28000.0,12/7/2011
19944,DE,6.9,63800.0,04/19/2010
19947,DE,6.91,,12/11/2009
19968,DE,6.93,,03/31/2011
19711,DE,6.96,,4/2/2013
19709,DE,6.96,,8/3/2012
19958,DE,7.0,,07/21/2014
19958,DE,7.0,,08/20/2014
19971,DE,7.0,,09/13/2013
19975,DE,7.0,,08/30/2013
19958,DE,7.0,,1/6/2014
19958,DE,7.0,,3/12/2014
19713,DE,7.0,,12/18/2013
19975,DE,7.0,,12/23/2014
19720,DE,7.0,,3/3/2015
19946,DE,7.0,,11/3/2014
19701,DE,7.0,,12/3/2014
19901,DE,7.0,64816.0,5/9/2008
19711,DE,7.0,60886.0,12/30/2009
19707,DE,7.0,62698.0,6/12/2009
19901,DE,7.0,,12/1/2007
19711,DE,7.0,,10/25/2010
19946,DE,7.0,,08/30/2012
19707,DE,7.0,31900.0,6/2/2010
19711,DE,7.0,30240.0,12/8/2009
19711,DE,7.0,30492.0,07/28/2011
19808,DE,7.02,,08/21/2014
19713,DE,7.02,,04/16/2014
19966,DE,7.02,,01/16/2015
19701,DE,7.02,,10/7/2014
19709,DE,7.02,58000.0,7/2/2008
19709,DE,7.02,21000.0,09/16/2008
19707,DE,7.02,19420.0,6/2/2010
19966,DE,7.03,,05/13/2011
19966,DE,7.03,36626.3,6/3/2011
19806,DE,7.04,13685.0,12/7/2011
19934,DE,7.05,,09/28/2012
19944,DE,7.05,,2/1/2011
19958,DE,7.05,,04/28/2011
19958,DE,7.05,,09/29/2011
19966,DE,7.05,,07/14/2011
19966,DE,7.05,,10/11/2011
19971,DE,7.05,,10/31/2011
19947,DE,7.05,,1/5/2012
19950,DE,7.05,,12/30/2011
19958,DE,7.05,,10/6/2011
19945,DE,7.05,,05/17/2012
19966,DE,7.05,,06/21/2012
19968,DE,7.05,,2/1/2013
19958,DE,7.05,,11/12/2012
19963,DE,7.05,,11/19/2012
19958,DE,7.05,35955.0,05/19/2011
19958,DE,7.05,41537.5,11/2/2011
19958,DE,7.05,35180.0,02/29/2012
19950,DE,7.05,36250.0,3/5/2012
19947,DE,7.05,29847.0,3/5/2012
19945,DE,7.05,28200.0,05/21/2012
19963,DE,7.05,23976.0,08/22/2013
19944,DE,7.05,32400.0,12/20/2011
19802,DE,7.095,22463.2,6/2/2010
19802,DE,7.1,63146.0,06/29/2009
19962,DE,7.1,51500.0,11/1/2009
19711,DE,7.128,59982.0,07/13/2009
19934,DE,7.128,49896.0,2/2/2011
19934,DE,7.128,26700.0,6/2/2010
19734,DE,7.128,19181.0,11/5/2009
19962,DE,7.128,10221.0,10/1/2010
19934,DE,7.128,60928.0,4/1/2009
19711,DE,7.13,,8/1/2009
19734,DE,7.13,63000.0,4/1/2009
19971,DE,7.14,,07/23/2013
19958,DE,7.14,,04/23/2014
19810,DE,7.14,,1/8/2014
19977,DE,7.14,,10/18/2010
19977,DE,7.14,35059.1,01/21/2011
19971,DE,7.2,,07/18/2013
19973,DE,7.2,60000.0,11/24/2010
19958,DE,7.2,,9/3/2010
19973,DE,7.2,,11/12/2010
19947,DE,7.2,59400.0,11/14/2008
19720,DE,7.2,55228.0,10/16/2008
19975,DE,7.2,55727.0,9/5/2008
19707,DE,7.2,56800.0,01/13/2009
19808,DE,7.2,54000.0,2/6/2009
19702,DE,7.2,55440.0,5/1/2009
19808,DE,7.2,54000.0,7/1/2009
19973,DE,7.2,,11/7/2010
19962,DE,7.2,21000.0,08/29/2011
19711,DE,7.2,,5/12/2008
19941,DE,7.2,,5/9/2011
19711,DE,7.2,,01/13/2012
19711,DE,7.2,,07/16/2012
19701,DE,7.2,,8/3/2012
19707,DE,7.2,,11/27/2012
19958,DE,7.2,,10/31/2012
19958,DE,7.2,36864.0,5/9/2011
19973,DE,7.2,45000.0,01/26/2011
19941,DE,7.2,46500.0,10/5/2011
19962,DE,7.2,37440.0,3/2/2012
19711,DE,7.2,23389.0,06/17/2008
19966,DE,7.2,64294.0,08/15/2008
19711,DE,7.2,32550.0,06/17/2008
19709,DE,7.2,114323.7,2/11/2009
19975,DE,7.2,32850.0,10/3/2008
19808,DE,7.2,52563.0,9/11/2009
19711,DE,7.2,35324.01,01/15/2009
19720,DE,7.2,36000.0,2/11/2009
19971,DE,7.2,39487.0,2/11/2009
19971,DE,7.2,24900.0,2/11/2009
19809,DE,7.2,29963.0,2/11/2009
19707,DE,7.2,57037.0,6/12/2009
19966,DE,7.2,29325.31,2/11/2009
19971,DE,7.2,19300.0,12/8/2009
19702,DE,7.2,33746.5,01/27/2010
19973,DE,7.2,28612.0,05/27/2011
19711,DE,7.2,,10/3/2008
19806,DE,7.2,,8/11/2010
19707,DE,7.2,59760.0,06/19/2006
19971,DE,7.2,59400.0,10/17/2008
19971,DE,7.2,63200.0,06/27/2008
19809,DE,7.2,,1/2/2009
19973,DE,7.2,,3/5/2010
19971,DE,7.2,56885.0,04/24/2009
19966,DE,7.2,12127.5,6/6/2012
19701,DE,7.21,,1/8/2014
19707,DE,7.22,,09/29/2008
19709,DE,7.242,61194.0,3/5/2008
19709,DE,7.242,8004.0,4/9/2008
19711,DE,7.25,,07/18/2013
19966,DE,7.26,,5/5/2013
19702,DE,7.28,,01/16/2014
19711,DE,7.28,,12/2/2013
19810,DE,7.28,,12/11/2013
19953,DE,7.29,,12/3/2013
19966,DE,7.3,,05/25/2013
19954,DE,7.31,,11/14/2011
19971,DE,7.31,,07/25/2008
19944,DE,7.35,,10/15/2013
19810,DE,7.35,,12/10/2014
19930,DE,7.35,,01/18/2013
19701,DE,7.35,61858.0,12/7/2009
19711,DE,7.35,61985.0,5/1/2009
19711,DE,7.35,63005.0,05/14/2009
19904,DE,7.35,35200.0,05/30/2012
19971,DE,7.35,,03/14/2012
19904,DE,7.35,35200.0,8/9/2013
19956,DE,7.35,67000.0,5/4/2009
19711,DE,7.35,29347.0,12/22/2010
19953,DE,7.35,29900.0,12/22/2010
19701,DE,7.35,36633.27,12/22/2010
19953,DE,7.35,60528.0,09/24/2009
19709,DE,7.36,57295.0,2/1/2010
19734,DE,7.36,,3/9/2012
19734,DE,7.36,40736.0,12/8/2009
19971,DE,7.36,19213.0,6/2/2010
19709,DE,7.36,18775.0,03/30/2011
19701,DE,7.38,,6/2/2009
19947,DE,7.38,,11/16/2009
19947,DE,7.38,,11/29/2009
19701,DE,7.38,17365.0,03/31/2010
19701,DE,7.38,14248.0,11/8/2010
19904,DE,7.4,60000.0,04/15/2009
19975,DE,7.4,,2/9/2011
19947,DE,7.4,,1/3/2011
19734,DE,7.4,58144.0,4/1/2009
19904,DE,7.4,,12/1/2008
19711,DE,7.4,58200.0,2/1/2008
19701,DE,7.4,53595.0,9/9/2010
19808,DE,7.4,,08/19/2011
19966,DE,7.4,,12/30/2011
19947,DE,7.4,45900.0,1/5/2011
19975,DE,7.4,41292.0,03/28/2011
19966,DE,7.4,32560.0,01/27/2012
19711,DE,7.4,18700.0,03/24/2008
19971,DE,7.4,62560.0,6/1/2009
19930,DE,7.42,,05/28/2014
19709,DE,7.42,16464.0,12/7/2011
19971,DE,7.43,,12/19/2014
19904,DE,7.43,,1/1/2012
19701,DE,7.5,,01/16/2014
19971,DE,7.5,,08/28/2014
19701,DE,7.5,,1/8/2014
19958,DE,7.5,,06/27/2014
19958,DE,7.5,,07/30/2014
19968,DE,7.5,,08/28/2014
19934,DE,7.5,,5/3/2013
19720,DE,7.5,,3/7/2013
19958,DE,7.5,,8/1/2013
19904,DE,7.5,,7/5/2013
19713,DE,7.5,,08/14/2013
19939,DE,7.5,,9/9/2013
19971,DE,7.5,,12/20/2013
19958,DE,7.5,,12/27/2013
19958,DE,7.5,,2/10/2014
19958,DE,7.5,,06/18/2014
19701,DE,7.5,,10/30/2014
19709,DE,7.5,,01/13/2015
19713,DE,7.5,,6/11/2014
19713,DE,7.5,,06/27/2014
19734,DE,7.5,,3/3/2015
19713,DE,7.5,,12/10/2014
19945,DE,7.5,,01/22/2015
19958,DE,7.5,,03/28/2015
19934,DE,7.5,,6/9/2010
19947,DE,7.5,,6/9/2010
19975,DE,7.5,,12/26/2014
19947,DE,7.5,44000.0,6/3/2010
19971,DE,7.52,,08/29/2012
19703,DE,7.524,36092.0,6/12/2009
19951,DE,7.524,22000.0,01/27/2010
19702,DE,7.524,18750.0,6/2/2010
19951,DE,7.524,60000.0,6/1/2009
19702,DE,7.524,63000.0,6/1/2009
19703,DE,7.524,63000.0,1/1/2009
19970,DE,7.534,41273.0,9/11/2009
19970,DE,7.534,60208.0,4/1/2009
19943,DE,7.55,,2/10/2011
19803,DE,7.56,,06/25/2014
19958,DE,7.56,,08/20/2014
19707,DE,7.56,,7/2/2014
19938,DE,7.56,,05/29/2014
19958,DE,7.56,,3/7/2014
19952,DE,7.56,,08/27/2014
19958,DE,7.56,,11/10/2014
19711,DE,7.56,54180.0,08/13/2009
19952,DE,7.56,54810.0,9/5/2008
19711,DE,7.56,,2/5/2010
19810,DE,7.56,60480.0,11/7/2008
19713,DE,7.56,,11/18/2014
19934,DE,7.56,30000.0,08/15/2008
19952,DE,7.56,43500.0,11/6/2008
19810,DE,7.56,28000.0,2/11/2009
19710,DE,7.56,25913.85,11/5/2009
19807,DE,7.56,40564.0,09/23/2008
19809,DE,7.56,15930.0,09/15/2009
19711,DE,7.56,39700.0,02/19/2009
19958,DE,7.56,33670.0,6/2/2010
19711,DE,7.56,11800.0,6/2/2010
19934,DE,7.56,19246.0,12/15/2010
19807,DE,7.56,59224.0,08/26/2008
19934,DE,7.56,,01/23/2010
19809,DE,7.56,60480.0,4/1/2009
19958,DE,7.56,59346.0,7/10/2009
19956,DE,7.56,63000.0,11/28/2009
19970,DE,7.58,,11/15/2010
19709,DE,7.59,61885.0,2/1/2010
19709,DE,7.59,52346.25,1/6/2010
19975,DE,7.59,45000.0,04/27/2010
19971,DE,7.59,14900.0,03/31/2010
19709,DE,7.59,49350.0,3/10/2011
19734,DE,7.59,20139.0,07/27/2011
19971,DE,7.59,63073.0,5/8/2009
19963,DE,7.6,60040.0,04/15/2009
19977,DE,7.6,58520.0,11/20/2008
19734,DE,7.6,56429.0,05/20/2010
19934,DE,7.6,62370.0,7/1/2008
19709,DE,7.6,61992.0,10/1/2008
19934,DE,7.6,51308.62,11/18/2009
19963,DE,7.6,,3/4/2009
19710,DE,7.6,68040.0,1/1/2009
19966,DE,7.6,,10/5/2011
19966,DE,7.6,57585.0,2/9/2008
19958,DE,7.6,,02/14/2012
19958,DE,7.6,49177.0,3/2/2012
19966,DE,7.6,49020.0,03/16/2012
19966,DE,7.6,33194.81,03/24/2008
19977,DE,7.6,,10/27/2008
19938,DE,7.616,63000.0,3/1/2009
19711,DE,7.65,,10/17/2013
19975,DE,7.65,,10/17/2013
19971,DE,7.65,,01/16/2014
19971,DE,7.65,,01/17/2015
19970,DE,7.668,27000.0,11/6/2008
19970,DE,7.668,61600.0,8/2/2008
19958,DE,7.67,,06/21/2010
19701,DE,7.68,,4/2/2013
19975,DE,7.68,,1/4/2013
19963,DE,7.7,,04/30/2014
19946,DE,7.7,46440.0,10/1/2010
19734,DE,7.7,43000.0,05/15/2008
19966,DE,7.7,,8/4/2009
19958,DE,7.7,61920.0,2/9/2009
19807,DE,7.74,62694.0,06/28/2009
19709,DE,7.74,45279.0,12/30/2010
19958,DE,7.74,65155.0,05/18/2009
19807,DE,7.74,36207.0,6/2/2010
19709,DE,7.74,20280.0,12/7/2011
19946,DE,7.74,41542.2,12/7/2011
19971,DE,7.75,,08/13/2014
19943,DE,7.75,,3/2/2011
19943,DE,7.755,52346.25,03/28/2011
19968,DE,7.76,,3/4/2013
19968,DE,7.76,,01/28/2013
19901,DE,7.77,,07/28/2011
19904,DE,7.77,41958.0,02/23/2012
19943,DE,7.775,44591.0,03/16/2011
19938,DE,7.776,52685.0,9/11/2009
19958,DE,7.79,39261.6,8/4/2011
19971,DE,7.79,16940.0,07/27/2011
19709,DE,7.8,,04/17/2014
19971,DE,7.8,,01/13/2014
19977,DE,7.8,60000.0,02/19/2010
19975,DE,7.8,,07/15/2010
19958,DE,7.8,,12/9/2010
19701,DE,7.8,62000.0,7/1/2009
19701,DE,7.8,62400.0,1/1/2008
19710,DE,7.8,,7/1/2009
19709,DE,7.8,58746.0,2/1/2008
19977,DE,7.8,,02/18/2009
19709,DE,7.8,,03/18/2008
19709,DE,7.8,64350.0,1/1/2009
19966,DE,7.8,59734.0,09/22/2008
19707,DE,7.8,63180.0,10/22/2009
19702,DE,7.8,59734.0,10/2/2008
19807,DE,7.8,64526.0,2/5/2009
19711,DE,7.8,63850.0,01/26/2009
19963,DE,7.8,,12/7/2009
19709,DE,7.8,21823.0,3/4/2008
19701,DE,7.8,46440.0,03/31/2008
19720,DE,7.8,47250.0,02/20/2008
19808,DE,7.8,22000.0,03/24/2008
19709,DE,7.8,79335.0,4/9/2008
19707,DE,7.8,40800.0,6/12/2009
19709,DE,7.8,31535.0,6/12/2009
19966,DE,7.8,21828.0,09/23/2008
19702,DE,7.8,35000.0,11/6/2008
19807,DE,7.8,54969.84,05/18/2009
19707,DE,7.8,58200.0,6/12/2009
19707,DE,7.8,27194.0,6/12/2009
19711,DE,7.8,15328.0,04/27/2010
19707,DE,7.8,31294.0,8/7/2009
19807,DE,7.8,32760.0,05/18/2009
19711,DE,7.8,38370.0,9/11/2009
19701,DE,7.8,60590.0,02/17/2010
19701,DE,7.8,28380.0,6/2/2010
19707,DE,7.8,63360.0,10/1/2010
19901,DE,7.8,59734.0,2/11/2009
19711,DE,7.8,62400.0,1/8/2008
19807,DE,7.8,63000.0,02/16/2009
19720,DE,7.82,62400.0,01/18/2008
19707,DE,7.82,63000.0,06/18/2008
19734,DE,7.82,22408.55,02/20/2008
19720,DE,7.82,30741.52,02/20/2008
19970,DE,7.82,35133.0,09/23/2008
19707,DE,7.82,32070.0,06/23/2008
19707,DE,7.82,10000.0,08/15/2008
19901,DE,7.84,,1/8/2015
19701,DE,7.875,62400.0,02/15/2008
19702,DE,7.875,63000.0,2/8/2008
19702,DE,7.875,12900.0,4/9/2008
19701,DE,7.875,51742.0,4/9/2008
19707,DE,7.875,44640.0,06/17/2008
19711,DE,7.92,,3/11/2013
19943,DE,7.92,,11/15/2013
19709,DE,7.92,63000.0,6/1/2009
19730,DE,7.92,21000.0,06/13/2011
19971,DE,7.92,,12/10/2012
19803,DE,7.92,,01/29/2013
19971,DE,7.92,,12/4/2012
19709,DE,7.92,51526.0,02/26/2010
19709,DE,7.92,36754.0,9/11/2009
19711,DE,7.92,,02/24/2010
19709,DE,7.92,63000.0,4/1/2009
19709,DE,7.95,,9/8/2014
19958,DE,7.95,,01/14/2014
19901,DE,7.98,59850.0,08/28/2009
19943,DE,7.98,63192.0,01/26/2009
19901,DE,7.98,64441.0,04/14/2009
19945,DE,7.98,64242.0,01/22/2009
19943,DE,7.98,,04/25/2009
19904,DE,7.98,,12/5/2008
19963,DE,7.98,,03/24/2011
19967,DE,7.98,,3/9/2012
19958,DE,7.98,53865.0,2/9/2010
19945,DE,7.98,30469.0,6/12/2009
19930,DE,7.98,58163.0,6/12/2009
19971,DE,7.98,23030.8,9/11/2009
19901,DE,7.98,26520.0,12/8/2009
19977,DE,7.98,17500.0,6/2/2010
19971,DE,7.98,28895.0,6/2/2010
19971,DE,7.98,15549.5,01/24/2011
19963,DE,7.98,43730.4,08/17/2011
19930,DE,7.98,63441.0,01/15/2008
19970,DE,7.98,,09/20/2008
19958,DE,7.98,,2/1/2010
19971,DE,7.98,63441.0,3/9/2009
19971,DE,7.98,63441.0,7/10/2009
19971,DE,7.98,53945.0,10/22/2009
19939,DE,7.99,,06/18/2012
19971,DE,7.99,,06/25/2012
19709,DE,7.99,,11/21/2012
19971,DE,7.99,30761.0,7/5/2012
19968,DE,7.995,59734.0,9/4/2009
19930,DE,8.0,,12/20/2013
19975,DE,8.0,,07/23/2013
19971,DE,8.0,,08/30/2013
19966,DE,8.0,,11/8/2013
19720,DE,8.0,,3/6/2014
19713,DE,8.0,63600.0,08/28/2009
19968,DE,8.0,,07/20/2009
19977,DE,8.0,63840.0,6/4/2009
19947,DE,8.0,,12/1/2009
19975,DE,8.0,64960.0,1/1/2008
19707,DE,8.0,66300.0,01/14/2009
19711,DE,8.0,64124.0,11/1/2008
19711,DE,8.0,,06/19/2009
19808,DE,8.0,81600.0,08/13/2009
19953,DE,8.0,,02/17/2012
19947,DE,8.0,49840.0,10/23/2009
19975,DE,8.0,26600.0,3/3/2008
19711,DE,8.0,49645.0,6/12/2009
19710,DE,8.0,57726.73,9/11/2009
19808,DE,8.0,35000.0,12/7/2011
19710,DE,8.0,62400.0,01/21/2009
19971,DE,8.0,63120.0,06/29/2009
19944,DE,8.05,63920.0,03/23/2009
19711,DE,8.05,62400.0,01/15/2008
19971,DE,8.05,,7/9/2010
19904,DE,8.05,,05/17/2011
19968,DE,8.05,37000.0,06/23/2011
19711,DE,8.05,26082.0,02/20/2008
19958,DE,8.05,,9/8/2008
19971,DE,8.054,22498.5,07/25/2011
19904,DE,8.064,60000.0,10/19/2011
19953,DE,8.085,39617.0,5/7/2012
19702,DE,8.09,,10/7/2014
19701,DE,8.09,,12/10/2014
19711,DE,8.09,,8/3/2012
19711,DE,8.1,,08/20/2014
19803,DE,8.1,,9/10/2014
19951,DE,8.12,,08/14/2014
19971,DE,8.14,,05/31/2012
19958,DE,8.14,,12/8/2008
19702,DE,8.16,,4/2/2014
19971,DE,8.16,,01/17/2015
19968,DE,8.16,44810.0,4/8/2010
19958,DE,8.17,56259.0,12/9/2009
19971,DE,8.17,19827.0,06/16/2009
19971,DE,8.17,,9/8/2008
19939,DE,8.19,43570.8,01/31/2011
19939,DE,8.19,,11/22/2010
19973,DE,8.19,,11/5/2010
19973,DE,8.19,42843.14,5/9/2011
19707,DE,8.206,63980.0,1/1/2009
19707,DE,8.208,31485.0,9/11/2009
19709,DE,8.25,,8/8/2014
19734,DE,8.25,,8/8/2014
19966,DE,8.25,,08/21/2014
19958,DE,8.25,,10/29/2014
19947,DE,8.25,,6/7/2013
19958,DE,8.25,,7/3/2013
19939,DE,8.25,,11/19/2013
19958,DE,8.25,,12/27/2013
19930,DE,8.25,,2/4/2014
19933,DE,8.25,,02/19/2014
19958,DE,8.25,,02/28/2014
19970,DE,8.25,,2/4/2014
19713,DE,8.25,,11/18/2014
19701,DE,8.25,,07/30/2014
19707,DE,8.25,,12/3/2014
19734,DE,8.25,,11/18/2014
19971,DE,8.25,,12/19/2014
19940,DE,8.25,,12/18/2014
19971,DE,8.25,,02/23/2015
19971,DE,8.25,67500.0,09/19/2008
19968,DE,8.28,,04/28/2011
19958,DE,8.28,,8/3/2011
19809,DE,8.28,43000.0,05/16/2011
19958,DE,8.28,38088.0,09/30/2011
19958,DE,8.28,67800.0,2/3/2009
19934,DE,8.32,,12/27/2013
19809,DE,8.32,,12/30/2013
19701,DE,8.33,,6/3/2013
19709,DE,8.33,,06/20/2013
19933,DE,8.33,,12/10/2013
19803,DE,8.33,,12/30/2013
19933,DE,8.33,,09/18/2014
19711,DE,8.33,,12/27/2010
19810,DE,8.36,,05/16/2013
19734,DE,8.36,,5/8/2012
19720,DE,8.385,25135.0,11/8/2010
19977,DE,8.4,53340.0,9/9/2010
19958,DE,8.4,63000.0,9/1/2010
19901,DE,8.4,,12/23/2010
19734,DE,8.4,62540.0,3/6/2008
19720,DE,8.4,63000.0,8/1/2009
19709,DE,8.4,59340.0,2/10/2010
19711,DE,8.4,,03/24/2009
19953,DE,8.4,,02/25/2011
19810,DE,8.4,,12/10/2014
19734,DE,8.4,17150.0,4/9/2008
19958,DE,8.4,35800.0,01/15/2009
19807,DE,8.4,69513.0,6/2/2010
19711,DE,8.4,19044.4,09/21/2011
19901,DE,8.4,18840.0,12/7/2011
19953,DE,8.4,18900.0,12/7/2011
19711,DE,8.4,67490.0,08/28/2009
19711,DE,8.4,,09/20/2010
19958,DE,8.4,63000.0,9/9/2008
19709,DE,8.41,,12/9/2010
19807,DE,8.41,63000.0,07/24/2009
19952,DE,8.42,,12/9/2014
19971,DE,8.42,,2/4/2014
19901,DE,8.46,,05/22/2013
19963,DE,8.46,,3/1/2013
19977,DE,8.46,,12/23/2009
19977,DE,8.46,,01/20/2011
19958,DE,8.46,,7/1/2011
19939,DE,8.46,,10/14/2011
19709,DE,8.46,,06/20/2011
19963,DE,8.46,,09/15/2011
19943,DE,8.46,,09/18/2011
19711,DE,8.46,,08/29/2011
19944,DE,8.46,,08/18/2011
19963,DE,8.46,,09/15/2011
19971,DE,8.46,,05/29/2012
19939,DE,8.46,39865.37,10/27/2011
19963,DE,8.46,14332.0,12/2/2011
19963,DE,8.46,30000.0,7/12/2013
19711,DE,8.46,40459.5,09/30/2011
19930,DE,8.48,42608.0,09/22/2011
19958,DE,8.5,,7/2/2013
19701,DE,8.5,,3/11/2015
19720,DE,8.5,,08/20/2014
19962,DE,8.5,66500.0,10/17/2008
19971,DE,8.5,,8/10/2012
19808,DE,8.5,,11/30/2012
19971,DE,8.5,31280.0,03/20/2013
19973,DE,8.51,,05/31/2011
19960,DE,8.51,,7/7/2011
19973,DE,8.51,45698.7,7/8/2011
19977,DE,8.528,38532.0,2/11/2009
19958,DE,8.53,,03/31/2014
19701,DE,8.53,,12/3/2014
19966,DE,8.58,,09/26/2013
19971,DE,8.58,,01/16/2014
19958,DE,8.58,,6/11/2012
19958,DE,8.58,38181.0,06/15/2012
19958,DE,8.6,,1/6/2014
19934,DE,8.6,59409.0,3/1/2010
19709,DE,8.6,,9/5/2011
19709,DE,8.6,49350.0,3/10/2011
19934,DE,8.61,19241.0,3/10/2011
19809,DE,8.61,41212.5,6/9/2011
19977,DE,8.61,,6/1/2010
19808,DE,8.64,,09/20/2013
19971,DE,8.64,,11/25/2013
19971,DE,8.64,,12/19/2012
19960,DE,8.64,47150.0,11/30/2010
19971,DE,8.64,,06/19/2012
19711,DE,8.64,,6/1/2012
19966,DE,8.64,,9/12/2012
19958,DE,8.64,,1/4/2013
19958,DE,8.64,,1/4/2013
19958,DE,8.64,,1/4/2013
19958,DE,8.64,,1/4/2013
19958,DE,8.64,,1/2/2013
19966,DE,8.64,34171.0,03/22/2013
19960,DE,8.64,28848.75,03/16/2011
19711,DE,8.64,31536.0,10/31/2012
19968,DE,8.67,,06/14/2013
19977,DE,8.7,,12/23/2009
19958,DE,8.7,,12/1/2009
19934,DE,8.71,64000.0,03/25/2009
19711,DE,8.712,69300.0,6/1/2009
19711,DE,8.712,24480.0,03/31/2010
19934,DE,8.712,14266.0,04/28/2010
19958,DE,8.74,,10/21/2011
19975,DE,8.74,15595.0,04/26/2011
19958,DE,8.74,46846.4,02/17/2012
19975,DE,8.74,32775.0,12/31/2009
19963,DE,8.75,60000.0,9/9/2010
19963,DE,8.75,,05/18/2010
19933,DE,8.8,,02/19/2015
19947,DE,8.8,,12/22/2014
19709,DE,8.82,,10/1/2014
19720,DE,8.82,,08/27/2014
19709,DE,8.82,,09/19/2014
19933,DE,8.82,,11/14/2014
19960,DE,8.82,,9/10/2014
19711,DE,8.82,,08/23/2011
19930,DE,8.82,,10/31/2011
19702,DE,8.82,24101.75,2/11/2009
19711,DE,8.82,45952.0,4/2/2012
19702,DE,8.84,65464.0,11/26/2008
19971,DE,8.84,15850.0,03/30/2011
19971,DE,8.84,54454.0,12/1/2009
19709,DE,8.88,,08/16/2011
19709,DE,8.88,,10/10/2011
19966,DE,8.88,,02/27/2012
19966,DE,8.88,38805.0,02/29/2012
19709,DE,8.88,45000.0,09/30/2011
19709,DE,8.88,37000.0,1/11/2012
19971,DE,8.89,,3/1/2011
19944,DE,8.91,,7/10/2014
19970,DE,8.93,,01/17/2012
19709,DE,8.93,,8/3/2012
19707,DE,8.97,,10/28/2011
19958,DE,9.0,,11/11/2013
19709,DE,9.0,,11/20/2013
19709,DE,9.0,,6/11/2014
19701,DE,9.0,,3/4/2015
19977,DE,9.0,,11/18/2014
19709,DE,9.0,,07/30/2014
19701,DE,9.0,,3/4/2015
19904,DE,9.0,,08/20/2014
19709,DE,9.0,,08/27/2014
19971,DE,9.0,,03/29/2015
19716,DE,9.0,55680.0,02/19/2010
19956,DE,9.0,73800.0,9/1/2008
19963,DE,9.0,,4/10/2011
19709,DE,9.0,,11/18/2009
19803,DE,9.0,,12/5/2011
19709,DE,9.0,45000.0,4/2/2012
19956,DE,9.0,75400.0,9/4/2008
19716,DE,9.0,,6/11/2009
19702,DE,9.03,,12/1/2010
19960,DE,9.03,,12/11/2009
19971,DE,9.03,13214.0,10/1/2010
19702,DE,9.03,23625.0,9/8/2011
19971,DE,9.03,57792.0,12/1/2009
19977,DE,9.1,67340.0,8/12/2010
19977,DE,9.1,,6/8/2010
19956,DE,9.12,,09/18/2014
19971,DE,9.12,,02/27/2012
19734,DE,9.12,61534.5,6/12/2009
19958,DE,9.165,51889.0,5/3/2011
19973,DE,9.165,52698.0,2/1/2011
19977,DE,9.165,27082.5,04/29/2011
19977,DE,9.17,,01/20/2010
19958,DE,9.17,,12/1/2010
19973,DE,9.17,,1/3/2011
19956,DE,9.17,,10/20/2011
19968,DE,9.17,,2/1/2013
19962,DE,9.18,,7/9/2014
19971,DE,9.18,,10/1/2013
19939,DE,9.18,,11/21/2014
19971,DE,9.18,,1/4/2013
19901,DE,9.18,,12/12/2012
19901,DE,9.18,27540.0,7/12/2013
19734,DE,9.2,,03/16/2012
19971,DE,9.2,,08/18/2011
19971,DE,9.2,48484.0,9/7/2011
19958,DE,9.22,,07/29/2010
19950,DE,9.225,47047.0,03/26/2012
19709,DE,9.24,73920.0,05/15/2009
19975,DE,9.24,,2/9/2011
19968,DE,9.24,,11/21/2014
19971,DE,9.24,46026.0,9/11/2009
19709,DE,9.24,28190.0,12/8/2009
19971,DE,9.24,78540.0,2/3/2009
19930,DE,9.36,54000.0,10/3/2008
19971,DE,9.36,73950.0,5/1/2009
19968,DE,9.4,,02/19/2013
19958,DE,9.4,,02/19/2013
19709,DE,9.4,,8/3/2011
19970,DE,9.4,,09/13/2012
19973,DE,9.45,,6/9/2014
19701,DE,9.45,51792.17,12/28/2010
19809,DE,9.45,,12/17/2010
19808,DE,9.45,64290.0,10/15/2004
19904,DE,9.45,38552.8,12/7/2011
19701,DE,9.45,31760.0,12/5/2011
19971,DE,9.5,,11/20/2013
19971,DE,9.5,,05/22/2013
19980,DE,9.5,,9/5/2012
19809,DE,9.52,,1/8/2015
19709,DE,9.54,,07/15/2014
19805,DE,9.56,,10/7/2014
19943,DE,9.6,,01/13/2014
19934,DE,9.6,,12/11/2012
19958,DE,9.6,,09/13/2012
19701,DE,9.6,76800.0,1/1/2008
19953,DE,9.6,,08/28/2008
19930,DE,9.6,63830.0,08/28/2008
19958,DE,9.62,,04/22/2014
19950,DE,9.64,,5/3/2011
19939,DE,9.66,,10/25/2010
19953,DE,9.66,,12/21/2011
19939,DE,9.66,51547.34,10/27/2010
19734,DE,9.675,36660.0,6/2/2010
19734,DE,9.675,76046.0,6/5/2009
19701,DE,9.72,,07/24/2014
19952,DE,9.72,,8/7/2014
19720,DE,9.8,,10/2/2012
19904,DE,9.8,,3/5/2012
19720,DE,9.8,,11/12/2012
19930,DE,9.81,,12/29/2014
19810,DE,9.84,,01/15/2011
19968,DE,9.84,,8/6/2012
19968,DE,9.84,44742.0,02/21/2013
19977,DE,9.87,,9/12/2011
19973,DE,9.87,,01/27/2012
19977,DE,9.87,52000.07,02/27/2012
19701,DE,9.88,,11/11/2013
19707,DE,9.88,70240.0,10/8/2010
19707,DE,9.88,22400.0,03/28/2011
19975,DE,9.9,,05/29/2014
19958,DE,9.9,,9/10/2014
19958,DE,9.9,,8/4/2014
19734,DE,9.9,,6/3/2014
19968,DE,9.9,,3/6/2015
19707,DE,9.99,,01/20/2011
19707,DE,9.99,33200.0,04/21/2011
19709,DE,10.0,,06/25/2014
19709,DE,10.0,,08/14/2014
19951,DE,10.0,,04/23/2014
19904,DE,10.0,,03/25/2013
19734,DE,10.0,,10/17/2014
19734,DE,10.0,,09/19/2014
19734,DE,10.0,74395.0,5/1/2006
19707,DE,10.0,79500.0,12/6/2008
19707,DE,10.0,10500.0,6/12/2009
19904,DE,10.0,33500.0,12/3/2013
19802,DE,10.0,73000.0,08/25/2008
19973,DE,10.0,,11/4/2010
19720,DE,10.0,92640.0,4/2/2007
19803,DE,10.0,78000.0,6/1/2008
19707,DE,10.0,63400.0,03/21/2008
19720,DE,10.0,72500.0,9/1/2008
19904,DE,10.0,65065.0,08/19/2010
19947,DE,10.05,,12/3/2013
19975,DE,10.06,103750.0,07/16/2010
19707,DE,10.08,,9/4/2014
19702,DE,10.08,,3/5/2015
19711,DE,10.08,,10/18/2014
19904,DE,10.08,,01/28/2011
19904,DE,10.08,,09/20/2011
19970,DE,10.08,,5/1/2012
19904,DE,10.08,55632.33,2/1/2011
19975,DE,10.08,19000.0,8/4/2011
19944,DE,10.08,79632.0,8/10/2009
19945,DE,10.08,83200.0,04/20/2010
19970,DE,10.08,24275.0,12/22/2010
19701,DE,10.13,,03/17/2011
19971,DE,10.14,,10/14/2014
19901,DE,10.14,,10/24/2014
19711,DE,10.14,,06/26/2014
19701,DE,10.175,28435.0,12/7/2011
19810,DE,10.18,,07/25/2014
19701,DE,10.18,57800.0,10/7/2010
19964,DE,10.233,,6/7/2004
19952,DE,10.26,,2/10/2015
19958,DE,10.26,,8/10/2012
19958,DE,10.26,43095.0,08/20/2012
19734,DE,10.3,,01/24/2008
19810,DE,10.32,,12/29/2011
19971,DE,10.34,,1/11/2011
19904,DE,10.34,,12/17/2010
19904,DE,10.34,42739.51,09/30/2011
19971,DE,10.34,,12/1/2010
19958,DE,10.35,,8/4/2011
19958,DE,10.35,81000.0,11/20/2008
19958,DE,10.35,49784.0,8/5/2011
19958,DE,10.35,,1/9/2009
19734,DE,10.36,,07/22/2014
19958,DE,10.36,67340.0,3/2/2012
19709,DE,10.4,,07/30/2014
19806,DE,10.4,,7/6/2014
19958,DE,10.4,,3/7/2014
19956,DE,10.4,,11/27/2013
19956,DE,10.4,,2/4/2014
19709,DE,10.4,,02/19/2014
19947,DE,10.4,,05/27/2014
19709,DE,10.44,74458.0,5/1/2010
19709,DE,10.44,46512.0,5/9/2011
19966,DE,10.5,,06/28/2013
19702,DE,10.5,,11/19/2010
19734,DE,10.53,,2/7/2014
19709,DE,10.54,,01/16/2014
19707,DE,10.56,,10/17/2014
19958,DE,10.56,,01/15/2014
19968,DE,10.56,,3/1/2013
19701,DE,10.6,,02/20/2015
19707,DE,10.64,,1/8/2015
19734,DE,10.71,,11/11/2013
19966,DE,10.75,,7/10/2013
19711,DE,10.75,,04/27/2012
19734,DE,10.78,,06/20/2014
19901,DE,10.78,,10/30/2013
19803,DE,10.78,,02/27/2013
19901,DE,10.8,,09/24/2014
19958,DE,10.8,,5/1/2014
19968,DE,10.8,,01/24/2011
19966,DE,10.81,,11/2/2010
19966,DE,10.81,53676.0,01/31/2011
19958,DE,10.9,74802.0,4/1/2010
19939,DE,10.92,,8/7/2014
19930,DE,10.92,,12/16/2014
19958,DE,10.92,67872.0,03/16/2011
19975,DE,11.0,,07/28/2014
19971,DE,11.0,,06/25/2014
19904,DE,11.0,,10/2/2014
19971,DE,11.0,,9/9/2013
19971,DE,11.0,,01/21/2015
19701,DE,11.0,,02/15/2011
19709,DE,11.0,,02/20/2009
19971,DE,11.0,88300.0,12/30/2005
19946,DE,11.0,88172.0,8/6/2008
19709,DE,11.04,,02/17/2011
19975,DE,11.1,54623.1,03/16/2011
19971,DE,11.11,111140.0,4/3/2009
19952,DE,11.13,,4/9/2014
19971,DE,11.13,,04/15/2014
19970,DE,11.2,67580.0,11/30/2011
19970,DE,11.2,33425.0,09/27/2013
19963,DE,11.22,,10/17/2013
19709,DE,11.25,,04/15/2013
19956,DE,11.27,,11/27/2014
19809,DE,11.27,,03/21/2013
19966,DE,11.27,78890.0,3/5/2012
19904,DE,11.28,,06/13/2011
19966,DE,11.28,,11/10/2011
19904,DE,11.28,58481.9,06/20/2011
19966,DE,11.3,,11/22/2010
19968,DE,11.34,61193.95,8/12/2011
19966,DE,11.44,,06/28/2013
19977,DE,11.44,,10/16/2012
19709,DE,11.52,,11/11/2011
19938,DE,11.52,,5/4/2012
19962,DE,11.52,,11/8/2012
19938,DE,11.52,50269.0,2/1/2013
19709,DE,11.52,45000.0,02/17/2012
19702,DE,11.55,,09/19/2014
19968,DE,11.61,,8/9/2011
19958,DE,11.63,,10/16/2014
19709,DE,11.66,,09/30/2011
19973,DE,11.73,,07/15/2013
19946,DE,11.75,,06/22/2011
19968,DE,11.75,62238.08,8/1/2011
19946,DE,11.75,62275.0,8/12/2011
19952,DE,11.76,,3/6/2013
19904,DE,11.76,52400.0,7/12/2012
19904,DE,11.76,52400.0,8/9/2013
19702,DE,11.88,,12/9/2010
19707,DE,11.88,63322.47,6/1/2010
19707,DE,11.88,28917.0,10/1/2010
19711,DE,11.88,14500.0,09/23/2011
19963,DE,11.97,70223.0,12/22/2011
19934,DE,11.97,91684.0,05/27/2009
19805,DE,11.985,57186.0,08/28/2013
19971,DE,12.0,,10/21/2014
19958,DE,12.0,,01/24/2014
19901,DE,12.0,,10/13/2014
19736,DE,12.0,98428.0,06/20/2008
19707,DE,12.0,79000.0,04/27/2009
19709,DE,12.0,84000.0,05/25/2006
19958,DE,12.025,16422.0,4/12/2011
19958,DE,12.04,,01/13/2015
19943,DE,12.1,,10/2/2014
19711,DE,12.15,,03/31/2014
19707,DE,12.16,81794.0,4/6/2011
19707,DE,12.16,48465.9,12/7/2011
19968,DE,12.18,67355.0,01/19/2011
19904,DE,12.22,,08/30/2012
19947,DE,12.22,,09/29/2011
19804,DE,12.22,,7/11/2012
19968,DE,12.22,,2/1/2013
19975,DE,12.22,13770.0,6/6/2012
19947,DE,12.22,101847.0,08/28/2013
19711,DE,12.25,37375.0,12/4/2013
19977,DE,12.3,,10/11/2010
19939,DE,12.5,,08/27/2014
19968,DE,12.5,,04/24/2013
19711,DE,12.5,,10/24/2013
19968,DE,12.5,,05/28/2014
19971,DE,12.5,,01/28/2015
19971,DE,12.5,,3/9/2015
19958,DE,12.5,,3/9/2015
19958,DE,12.5,,02/23/2015
19968,DE,12.54,,10/28/2010
19956,DE,12.54,,3/1/2011
19803,DE,12.6,,02/28/2014
19939,DE,12.6,67032.0,02/25/2011
19977,DE,12.6,60871.25,1/6/2011
19958,DE,12.65,,6/11/2014
19958,DE,12.72,,1/6/2014
19707,DE,12.72,,12/16/2011
19720,DE,12.72,,02/15/2012
19971,DE,12.75,,07/14/2014
19930,DE,12.83,,7/12/2012
19943,DE,12.9,,11/8/2013
19933,DE,12.9,,10/1/2010
19933,DE,12.9,30500.0,2/3/2011
19968,DE,12.96,71202.0,4/8/2010
19945,DE,13.0,,07/25/2014
19734,DE,13.0,,10/24/2012
19973,DE,13.16,78170.0,05/18/2011
19711,DE,13.2,,06/25/2014
19971,DE,13.2,,12/6/2012
19971,DE,13.2,115600.0,12/10/2007
19713,DE,13.3,,02/22/2011
19707,DE,13.5,,9/9/2014
19946,DE,13.5,,12/19/2014
19808,DE,13.5,,6/11/2011
19973,DE,13.6,,05/17/2011
19971,DE,13.69,,2/3/2011
19971,DE,13.69,13770.0,6/6/2012
19934,DE,13.72,,11/12/2014
19707,DE,13.75,,08/15/2014
19709,DE,13.77,,05/29/2014
19975,DE,13.8,105000.0,11/1/2010
19904,DE,13.86,88000.0,08/28/2009
19930,DE,13.86,,04/19/2011
19904,DE,13.86,88000.0,02/18/2009
19901,DE,14.0,,08/22/2014
19958,DE,14.0,,12/9/2014
19810,DE,14.0,,05/24/2012
19975,DE,14.0,48212.0,1/11/2011
19975,DE,14.0,,07/27/2010
19709,DE,14.1,,7/8/2011
19952,DE,14.4,,07/23/2013
19941,DE,14.4,90000.0,01/21/2011
19709,DE,14.4,,06/24/2011
19711,DE,14.4,,8/10/2012
19971,DE,14.4,,06/21/2012
19966,DE,14.4,,11/9/2012
19977,DE,14.52,77004.08,1/6/2011
19934,DE,14.56,,2/6/2014
19944,DE,14.56,104758.5,6/1/2010
19960,DE,14.57,,12/1/2011
19958,DE,14.58,,01/23/2015
19958,DE,14.62,75156.25,12/15/2010
19808,DE,14.72,17973.0,04/26/2011
19808,DE,14.72,94208.0,4/1/2010
19975,DE,14.8,74500.0,07/29/2010
19734,DE,14.85,,11/13/2014
19977,DE,14.85,,7/7/2010
19966,DE,14.88,,06/22/2012
19958,DE,15.0,,08/21/2014
19947,DE,15.0,,10/23/2013
19901,DE,15.0,104000.0,3/3/2007
19958,DE,15.08,94250.0,1/1/2010
19970,DE,15.12,,09/19/2014
19939,DE,15.12,99338.4,02/25/2011
19947,DE,15.55,88635.0,12/11/2009
19963,DE,15.58,,10/11/2010
19963,DE,15.58,,10/11/2010
19805,DE,15.6,122510.0,2/11/2009
19963,DE,15.64,90000.0,3/2/2011
19963,DE,15.64,,10/11/2010
19803,DE,15.75,141583.6,06/20/2007
19970,DE,15.95,,01/24/2014
19966,DE,15.98,,07/18/2012
19975,DE,15.98,,8/3/2012
19709,DE,16.12,,09/19/2014
19971,DE,16.2,,7/11/2014
19707,DE,16.2,22744.8,09/21/2011
19707,DE,16.2,79151.96,10/1/2010
19707,DE,16.215,,10/24/2011
19943,DE,16.23,,06/17/2014
19971,DE,16.24,,12/16/2014
19971,DE,16.32,,09/25/2013
19975,DE,16.33,135643.0,12/31/2009
19934,DE,16.43,,12/11/2013
19901,DE,16.8,,02/27/2013
19709,DE,16.83,,03/26/2013
19707,DE,16.83,,3/8/2013
19944,DE,16.875,30900.0,8/10/2012
19720,DE,16.88,,3/1/2010
19944,DE,16.88,,3/10/2011
19956,DE,16.92,,03/16/2012
19930,DE,17.1,,03/30/2011
19901,DE,17.25,,11/12/2014
19958,DE,17.28,,7/2/2013
19707,DE,17.28,,12/23/2014
19971,DE,17.43,166216.66,03/22/2010
19702,DE,17.55,73920.0,12/8/2011
19939,DE,17.64,93844.8,01/31/2011
19709,DE,18.0,,2/7/2014
19971,DE,18.0,,3/8/2015
19720,DE,18.0,,9/1/2011
19950,DE,18.0,,05/24/2012
19950,DE,18.0,78646.0,6/12/2012
19930,DE,18.1,90945.0,4/3/2012
19960,DE,18.15,,03/17/2015
19707,DE,18.2,,1/10/2015
19709,DE,18.72,91604.37,11/15/2012
19946,DE,18.8,90442.68,02/25/2011
19711,DE,18.9,134740.0,08/28/2009
19711,DE,18.9,,06/29/2009
19734,DE,19.0,,08/21/2008
19953,DE,19.11,,08/19/2013
19720,DE,19.11,,11/12/2012
19805,DE,19.32,,12/29/2011
19701,DE,19.35,,10/25/2010
19975,DE,19.95,153615.0,7/1/2009
19975,DE,19.95,153615.0,7/1/2009
19944,DE,20.0,173812.0,10/16/2009
19975,DE,20.025,185400.0,7/1/2008
19970,DE,20.09,,10/23/2012
19975,DE,20.16,,2/9/2011
19803,DE,20.35,133840.0,09/13/2004
19707,DE,20.7,45975.0,6/6/2012
19707,DE,20.7,25154.0,12/7/2011
19707,DE,20.7,36502.0,12/7/2011
19707,DE,20.7,121680.0,09/14/2010
19707,DE,20.7,121680.0,11/8/2010
19707,DE,20.7,121680.0,7/7/2010
19707,DE,20.7,121680.0,10/20/2010
19904,DE,20.94,,08/14/2013
19958,DE,21.0,,09/28/2012
19939,DE,21.42,,11/21/2014
19975,DE,21.6,,2/7/2013
19975,DE,21.6,,01/14/2013
19971,DE,21.6,,12/12/2007
19947,DE,21.855,118880.59,12/10/2010
19947,DE,21.89,,05/13/2011
19934,DE,22.04,77920.0,08/15/2013
19947,DE,22.464,22960.0,3/3/2011
19963,DE,22.54,,6/1/2011
19901,DE,22.7,273000.0,3/1/2011
19971,DE,22.8,177200.0,05/26/2008
19702,DE,23.0,150897.0,12/23/2009
19958,DE,23.0,160000.0,8/1/2007
19734,DE,23.52,,12/30/2013
19901,DE,23.76,,01/31/2011
19971,DE,24.0,252879.0,12/11/2006
19801,DE,24.0,196331.0,1/1/2009
19709,DE,24.2,,10/7/2014
19941,DE,24.3,152820.0,01/21/2011
19941,DE,24.3,152820.0,01/21/2011
19973,DE,24.5,,11/14/2014
19940,DE,24.75,,4/9/2012
19952,DE,24.8,192696.0,10/1/2008
19975,DE,25.025,185400.0,5/1/2008
19952,DE,25.2,86520.0,12/18/2014
19958,DE,25.22,,11/7/2014
19810,DE,25.3,,04/23/2012
19713,DE,25.48,197176.8,05/23/2011
19930,DE,25.48,,6/10/2011
19930,DE,25.48,30051.0,08/28/2013
19720,DE,25.6,198624.68,11/1/2009
19706,DE,27.0,109793.0,12/14/2011
19939,DE,28.06,,02/26/2013
19803,DE,28.435,52127.0,04/30/2012
19803,DE,28.44,134540.0,11/14/2011
19901,DE,28.52,137085.0,01/24/2012
19977,DE,28.7,,5/11/2011
19973,DE,28.88,,7/3/2013
19702,DE,29.0,137200.0,1/1/2003
19702,DE,30.0,180260.0,1/1/2003
19956,DE,30.0,250000.0,08/28/2008
19720,DE,30.55,,09/19/2013
19709,DE,30.96,,09/30/2014
19930,DE,31.5,,10/8/2014
19971,DE,31.68,,03/19/2013
19975,DE,32.76,228992.0,11/29/2009
19946,DE,34.0,,10/17/2011
19975,DE,34.32,184813.0,01/31/2011
19977,DE,35.0,297500.0,2/8/2008
19720,DE,35.0,490000.0,1/1/2008
19973,DE,35.04,167560.0,2/1/2012
19711,DE,35.7,,11/7/2013
19975,DE,35.7,223500.0,07/19/2011
19808,DE,36.0,251790.0,07/19/2008
19803,DE,37.8,298613.7,10/23/2008
19804,DE,39.2,284200.0,10/1/2007
19804,DE,39.2,280280.0,5/1/2008
19947,DE,39.48,183600.0,12/27/2011
19707,DE,40.365,313643.0,09/15/2008
19880,DE,40.5,,9/6/2012
19973,DE,40.5,243000.0,6/1/2010
19973,DE,40.5,56358.0,6/6/2011
19933,DE,41.86,,12/31/2010
19956,DE,42.0,500000.0,4/4/2007
19973,DE,42.57,,09/29/2014
19707,DE,42.58,344400.0,1/9/2009
19805,DE,42.7,347520.0,12/29/2009
19971,DE,43.35,,01/16/2013
19963,DE,43.52,,08/17/2012
19968,DE,45.0,,04/24/2013
19901,DE,46.53,,09/14/2012
19805,DE,46.7,508116.0,04/27/2006
19709,DE,47.52,,1/2/2013
19958,DE,48.0,423207.0,10/4/2007
19720,DE,48.0,384000.0,05/16/2008
19904,DE,48.02,,10/16/2012
19904,DE,48.02,,10/16/2012
19904,DE,48.02,,10/16/2012
19904,DE,48.02,,10/16/2012
19977,DE,48.88,,03/19/2013
19801,DE,49.28,,08/27/2014
19975,DE,49.35,,4/12/2012
19971,DE,49.35,63120.0,08/28/2013
19939,DE,49.5,,07/31/2013
19801,DE,49.68,490000.0,09/22/2010
19709,DE,49.82,,04/16/2013
19971,DE,49.896,,11/29/2011
19940,DE,49.92,,3/6/2013
19804,DE,49.92,274000.0,12/1/2011
19966,DE,49.95,309375.0,2/2/2012
19713,DE,49.98,,06/25/2014
19947,DE,49.98,,10/16/2013
19709,DE,49.98,158000,3/4/2015
19901,DE,50.0,135700.0,05/19/2014
19952,DE,50.0,160800,01/22/2015
19801,DE,50.0,,12/16/2008
19707,DE,50.4,335000.0,4/1/2011
19720,DE,50.4,399200.0,6/1/2010
19904,DE,50.76,,9/12/2013
19947,DE,51.0,,10/12/2012
19808,DE,51.48,473000.0,04/30/2010
19901,DE,51.66,299628.0,7/1/2010
19801,DE,51.85,,12/30/2013
19904,DE,56.4,,9/12/2013
19720,DE,56.7,456714.21,10/1/2009
19973,DE,57.12,,3/9/2011
19720,DE,58.6,456823.92,9/1/2009
19945,DE,58.99,,10/22/2012
19971,DE,60.0,495000.0,7/7/2010
19720,DE,62.6,500000.0,09/17/2008
19941,DE,63.0,,8/10/2010
19971,DE,64.4,,11/7/2008
19808,DE,64.6,500000.0,12/1/2008
19709,DE,65.47,500000.0,08/17/2009
19810,DE,65.8,425584.8,4/1/2010
19709,DE,67.375,500000.0,9/1/2008
19970,DE,68.4,458000.0,5/7/2012
19707,DE,69.42,574000.0,1/9/2009
19706,DE,72.0,490000.0,8/1/2008
19963,DE,72.38,384615.0,11/15/2011
19963,DE,72.38,384614.0,04/26/2012
19945,DE,73.32,,11/10/2011
19801,DE,75.0,472834.0,05/13/2011
19802,DE,75.0,492515.3,6/1/2006
19938,DE,76.0,559413.0,09/20/2011
19720,DE,78.75,,06/30/2011
19713,DE,82.35,,12/13/2013
19956,DE,89.01,534060.0,7/1/2010
19720,DE,90.77,,9/8/2011
19956,DE,97.92,479800.0,2/10/2012
19956,DE,99.84,,08/14/2013
19950,DE,103.0,,11/18/2014
19950,DE,103.0,272200.0,11/18/2014
19963,DE,104.48,,12/21/2012
19804,DE,107.1,776475.0,04/23/2010
19807,DE,107.16,,02/13/2012
19701,DE,107.25,,11/7/2014
19947,DE,108.9,648000.0,07/29/2011
19904,DE,109.8,,12/19/2013
19973,DE,115.12,,04/13/2013
19734,DE,124.8,,10/8/2012
19807,DE,142.87,928655.0,10/23/2009
19963,DE,150.0,,08/30/2010
19963,DE,151.2,680400.0,10/19/2011
19963,DE,151.34,,09/26/2011
19901,DE,183.3,,12/12/2011
19720,DE,184.8,,9/10/2012
19801,DE,197.47,1001206.36,3/4/2011
19803,DE,199.0,,10/28/2011
19809,DE,207.0,,06/24/2014
19938,DE,207.74,,6/1/2011
19947,DE,213.85,,02/28/2013
19711,DE,229.5,,10/9/2014
19801,DE,230.6,,12/30/2013
19967,DE,242.0,,12/27/2011
19947,DE,249.1,,02/28/2013
19709,DE,306.0,,1/5/2012
19947,DE,332.0,,12/20/2013
19702,DE,341.608,2383225.0,1/1/2002
19801,DE,357.0,,9/9/2011
19930,DE,460.0,,2/12/2012
19706,DE,500.57,,04/24/2013
19803,DE,526.24,3762616.0,4/1/2010
19804,DE,548.1,,1/6/2014
19720,DE,777.0,2300000.0,12/30/2013
19716,DE,849.42,4600000.0,11/8/2010
19801,DE,971.35,,12/4/2013
19801,DE,976.25,,12/4/2013
19963,DE,1200.0,8000000,3/1/2011
19933,DE,1580.0,,07/20/2011
19803,DE,1662.0,9500000.0,07/26/2011
19947,DE,4000.0,14000000.0,08/21/2013
19901,DE,10000.0,50000000.0,6/10/2011
19963,DE,15030.0,50000000.0,12/12/2012
