Zipcode,State,Size,Cost,Date,Latitude,Longitude,Solar Radiation - Annual Average (kWh/m2/day),County,INCITS,Cost/size,Annual generated kWh
47468,IN,0;01,,06/21/2013,39.25,-86.41,3;99,Monroe,55081,0,79;58196721
47408,IN,0;02,,12/31/2005,39.16,-86.52,4,Monroe,55081,0,159;5628415
47408,IN,0;02,,12/31/2009,39.16,-86.52,4,Monroe,55081,0,159;5628415
47401,IN,0;02,,06/21/2011,39.16,-86.52,4;02,Monroe,55081,0,160;3606557
47401,IN,0;02,,06/21/2011,39.16,-86.52,4;02,Monroe,55081,0,160;3606557
47408,IN,0;02,,1-1-2005,39.16,-86.52,4,Monroe,55081,0,159;5628415
47403,IN,0;04,,06/21/2010,39.16,-86.52,4;02,Monroe,55081,0,320;7213115
47401,IN,0;06,,06/21/2011,39.16,-86.52,4;02,Monroe,55081,0,481;0819672
47408,IN,0;06,,06/21/2010,39.16,-86.52,4,Monroe,55081,0,478;6885246
47408,IN,0;12,,06/21/2011,39.16,-86.52,4,Monroe,55081,0,957;3770492
47408,IN,0;13,,12/31/2009,39.16,-86.52,4,Monroe,55081,0,1037;15847
47715,IN,0;47,,06/21/2012,37.98,-87.54,4;12,Vanderburgh,18163,0,3862;218579
47401,IN,0;53,5900,05/15/2008,39.16,-86.52,4;02,Monroe,55081,11132;07547,4249;557377
47401,IN,0;66,,12/31/2009,39.16,-86.52,4;02,Monroe,55081,0,5291;901639
46542,IN,0;66,23075;77,05/14/2007,41.41,-85.84,3;58,Kosciusko,18085,34963;28788,4712;688525
47532,IN,0;72,,06/21/2011,38.22,-86.86,4;08,Dubois,18037,0,5859;147541
46901,IN,0;864,,2-11-2010,40.47,-86.13,3;7,Howard,48227,0,6376;131148
46774,IN,0;9,5715;17,03/14/2011,41.06,-85.02,3;6,Allen,39003,6350;188889,6462;295082
46550,IN,0;9,13778;52,08/25/2011,41.44,-85.98,3;58,Elkhart,18039,15309;46667,6426;393443
47401,IN,1,,06/21/2012,39.16,-86.52,4;02,Monroe,55081,0,8018;032787
46321,IN,1;02,5800,06/20/2009,41.54,-87.50,3;63,Lake,47095,5686;27451,7384;967213
47306,IN,1;04,25084,05/28/2008,40.19,-85.39,3;7,Delaware,42045,24119;23077,7674;972678
47167,IN,1;05,,2-1-2011,38.60,-86.09,4;08,Washington,55131,0,8544;590164
47115,IN,1;05,,01/25/2011,38.33,-86.21,4;08,Harrison,54033,0,8544;590164
47150,IN,1;05,,12/20/2010,38.30,-85.82,4;03,Floyd,51063,0,8439;877049
47111,IN,1;05,,9-1-2010,38.45,-85.66,4;04,Clark,55019,0,8460;819672
47126,IN,1;05,,12/30/2010,38.53,-85.76,4;04,Clark,55019,0,8460;819672
47150,IN,1;05,,03/19/2010,38.30,-85.82,4;03,Floyd,51063,0,8439;877049
47130,IN,1;05,,10/23/2010,38.30,-85.72,4;02,Clark,55019,0,8418;934426
47165,IN,1;05,,5-5-2010,38.49,-86.01,4;08,Washington,55131,0,8544;590164
47125,IN,1;05,,01/19/2011,38.46,-86.27,4;09,Washington,55131,0,8565;532787
47129,IN,1;05,,5-4-2011,38.31,-85.76,4;02,Clark,55019,0,8418;934426
47115,IN,1;05,,4-9-2010,38.33,-86.21,4;08,Harrison,54033,0,8544;590164
47170,IN,1;05,,04/13/2010,38.68,-85.78,4;05,Scott,51169,0,8481;762295
47150,IN,1;05,,5-12-2011,38.30,-85.82,4;03,Floyd,51063,0,8439;877049
47112,IN,1;05,,08/25/2010,38.21,-86.12,4;08,Harrison,54033,0,8544;590164
47164,IN,1;05,,04/21/2011,38.40,-86.11,4;08,Harrison,54033,0,8544;590164
47150,IN,1;05,,8-12-2011,38.30,-85.82,4;03,Floyd,51063,0,8439;877049
47201,IN,1.075,,06/21/2011,39.21,-85.91,4,Bartholomew,18005,0,8576502;732
47025,IN,1.075,,01/20/2010,39.10,-84.86,3;99,Dearborn,18029,0,8555061;475
47201,IN,1.075,,6-6-2011,39.21,-85.91,4,Bartholomew,18005,0,8576502;732
47006,IN,1.075,,05/16/2011,39.29,-85.21,3;95,Ripley,29181,0,8469296;448
47281,IN,1;11,,7-6-2011,38.80,-86.05,4;05,Jackson,55053,0,8966;434426
47408,IN,1;17,,2-11-2009,39.16,-86.52,4,Monroe,55081,0,9334;42623
47408,IN,1;2,,12/31/2009,39.16,-86.52,4,Monroe,55081,0,9573;770492
47408,IN,1;2,,06/21/2010,39.16,-86.52,4,Monroe,55081,0,9573;770492
47408,IN,1;2,,12/31/2009,39.16,-86.52,4,Monroe,55081,0,9573;770492
47408,IN,1;2,,06/21/2010,39.16,-86.52,4,Monroe,55081,0,9573;770492
47712,IN,1;22,,06/21/2013,37.98,-87.54,4;15,Vanderburgh,18163,0,10098;33333
46526,IN,1;36,6800,11-1-2005,41.57,-85.83,3;57,Elkhart,18039,5000,9683;868852
46304,IN,1;36,,06/27/2009,41.60,-87.05,3;57,Porter,18127,0,9683;868852
46342,IN,1;38,,7-9-2010,41.53,-87.26,3;7,Lake,47095,0,10184;09836
47138,IN,1;4,,03/31/2011,38.65,-85.61,4;03,Scott,51169,0,11253;1694
47170,IN,1;41,,10-11-2011,38.68,-85.78,4;05,Scott,51169,0,11389;79508
47532,IN,1;47,,03/14/2012,38.22,-86.86,4;08,Dubois,18037,0,11962;42623
47341,IN,1;48,,9-2-2011,39.95,-84.91,3;76,Wayne,54099,0,11099;19126
47401,IN,1;5,,12/31/2008,39.16,-86.52,4;02,Monroe,55081,0,12027;04918
47401,IN,1;5,,12/31/2009,39.16,-86.52,4;02,Monroe,55081,0,12027;04918
47201,IN,1;5,,06/21/2011,39.21,-85.91,4,Bartholomew,18005,0,11967;21311
47401,IN,1;5,18500,5-12-2009,39.16,-86.52,4;02,Monroe,55081,12333;33333,12027;04918
47201,IN,1;6,,05/18/2008,39.21,-85.91,4,Bartholomew,18005,0,12765;02732
47130,IN,1;62,,7-7-2010,38.30,-85.72,4;02,Clark,55019,0,12989;21311
47401,IN,1;68,,06/21/2010,39.16,-86.52,4;02,Monroe,55081,0,13470;29508
47401,IN,1;68,,6-1-2010,39.16,-86.52,4;02,Monroe,55081,0,13470;29508
47201,IN,1.715,,6-8-2011,39.21,-85.91,4,Bartholomew,18005,0,13682513;66
47403,IN,1;75,,12/31/2009,39.16,-86.52,4;02,Monroe,55081,0,14031;55738
47995,IN,1;8,,01/30/2008,40.75,-87.04,3;73,White,47185,0,13391;31148
47401,IN,1;88,,06/21/2010,39.16,-86.52,4;02,Monroe,55081,0,15073;90164
47405,IN,1;88,,06/21/2011,39.16,-86.52,4;01,Monroe,55081,0,15036;40437
47401,IN,1;88,,06/27/2010,39.16,-86.52,4;02,Monroe,55081,0,15073;90164
46947,IN,1;88,9400,7-1-2011,40.75,-86.35,3;67,Cass,48067,5000,13761;49727
46947,IN,1;88,9400,7-1-2011,40.75,-86.35,3;67,Cass,48067,5000,13761;49727
46947,IN,1;88,9400,7-1-2011,40.75,-86.35,3;67,Cass,48067,5000,13761;49727
46970,IN,1;88,9400,7-1-2011,40.75,-86.06,3;65,Miami,39109,5000,13686;50273
46970,IN,1;88,9400,7-1-2011,40.75,-86.06,3;65,Miami,39109,5000,13686;50273
46947,IN,1;88,9400,7-1-2011,40.75,-86.35,3;67,Cass,48067,5000,13761;49727
46970,IN,1;88,9400,7-1-2011,40.75,-86.06,3;65,Miami,39109,5000,13686;50273
46947,IN,1;88,9400,7-1-2011,40.75,-86.35,3;67,Cass,48067,5000,13761;49727
46947,IN,1;88,9400,7-1-2011,40.75,-86.35,3;67,Cass,48067,5000,13761;49727
46970,IN,1;88,9400,7-1-2011,40.75,-86.06,3;65,Miami,39109,5000,13686;50273
46970,IN,1;88,9400,7-1-2011,40.75,-86.06,3;65,Miami,39109,5000,13686;50273
46911,IN,1;88,9400,7-1-2011,40.60,-85.92,3;65,Miami,39109,5000,13686;50273
46970,IN,1;88,9400,7-1-2011,40.75,-86.06,3;65,Miami,39109,5000,13686;50273
47401,IN,1;89,,12/31/2007,39.16,-86.52,4;02,Monroe,55081,0,15154;08197
47401,IN,1;89,,1-1-2007,39.16,-86.52,4;02,Monroe,55081,0,15154;08197
46902,IN,1;92,,7-12-2007,40.47,-86.13,3;73,Howard,48227,0,14284;06557
47401,IN,1;98,,7-12-2007,39.16,-86.52,4;02,Monroe,55081,0,15875;70492
47725,IN,2,,06/21/2013,37.98,-87.54,4;13,Vanderburgh,18163,0,16474;86339
47201,IN,2,,06/21/2013,39.21,-85.91,4,Bartholomew,18005,0,15956;28415
47712,IN,2,,06/21/2011,37.98,-87.54,4;15,Vanderburgh,18163,0,16554;64481
47712,IN,2,,06/21/2013,37.98,-87.54,4;15,Vanderburgh,18163,0,16554;64481
47712,IN,2,,06/21/2013,37.98,-87.54,4;15,Vanderburgh,18163,0,16554;64481
47714,IN,2,,06/21/2013,37.98,-87.54,4;12,Vanderburgh,18163,0,16434;97268
47714,IN,2,,06/21/2013,37.98,-87.54,4;12,Vanderburgh,18163,0,16434;97268
47401,IN,2,,06/21/2012,39.16,-86.52,4;02,Monroe,55081,0,16036;06557
47405,IN,2,12000,04/30/2011,39.16,-86.52,4;01,Monroe,55081,6000,15996;17486
46218,IN,2,,09/15/2011,39.77,-86.14,3;88,Marion,54049,0,15477;59563
47712,IN,2,7000,5-3-2012,37.98,-87.54,4;15,Vanderburgh,18163,3500,16554;64481
47906,IN,2.016,25000,8-1-2008,40.44,-86.91,3;76,Tippecanoe,18157,12;40079365,15118898;36
47408,IN,2;07,,06/21/2012,39.16,-86.52,4,Monroe,55081,0,16514;7541
47401,IN,2;08,,06/21/2013,39.16,-86.52,4;02,Monroe,55081,0,16677;5082
47025,IN,2;1,,5-5-2010,39.10,-84.86,3;99,Dearborn,18029,0,16712;21311
47712,IN,2;12,20800,7-12-2011,37.98,-87.54,4;15,Vanderburgh,18163,9811;320755,17547;9235
47401,IN,2;2,,06/21/2011,39.16,-86.52,4;02,Monroe,55081,0,17639;67213
47401,IN,2;2,,1-11-2012,39.16,-86.52,4;02,Monroe,55081,0,17639;67213
47401,IN,2;2,,09/22/2009,39.16,-86.52,4;02,Monroe,55081,0,17639;67213
47714,IN,2;2,20800,06/26/2011,37.98,-87.54,4;12,Vanderburgh,18163,9454;545455,18078;46995
46204,IN,2;2,96858,9-6-2006,39.77,-86.14,3;88,Marion,54049,44026;36364,17025;35519
47117,IN,2;22,,8-2-2011,38.12,-85.97,4;04,Harrison,54033,0,17888;59016
47401,IN,2;3,,06/21/2013,39.16,-86.52,4;02,Monroe,55081,0,18441;47541
46526,IN,2;3,11500,12-4-2010,41.57,-85.83,3;57,Elkhart,18039,5000,16377;13115
47401,IN,2;3,16000,5-1-2009,39.16,-86.52,4;02,Monroe,55081,6956;521739,18441;47541
47401,IN,2;32,,07/21/2011,39.16,-86.52,4;02,Monroe,55081,0,18601;83607
46077,IN,2;34,,8-1-2008,39.95,-86.27,3;87,Boone,54005,0,18062;11475
47404,IN,2;35,,06/21/2012,39.16,-86.52,4;01,Monroe,55081,0,18795;50546
47404,IN,2;35,,12-9-2011,39.16,-86.52,4;01,Monroe,55081,0,18795;50546
46526,IN,2;35,14824;67,4-5-2012,41.57,-85.83,3;57,Elkhart,18039,6308;370213,16733;15574
47408,IN,2;37,,2-7-2010,39.16,-86.52,4,Monroe,55081,0,18908;19672
47513,IN,2;4,,06/21/2012,38.31,-86.69,4;06,Dubois,18037,0,19434;7541
47408,IN,2;4,,06/21/2010,39.16,-86.52,4,Monroe,55081,0,19147;54098
46992,IN,2;4,,10/15/2008,40.79,-85.82,3;62,Wabash,18169,0,17328;52459
47408,IN,2;4,,2-2-2010,39.16,-86.52,4,Monroe,55081,0,19147;54098
47711,IN,2;44,20800,10/24/2011,37.98,-87.54,4;11,Vanderburgh,18163,8524;590164,20002
47714,IN,2;44,20800,11/29/2011,37.98,-87.54,4;12,Vanderburgh,18163,8524;590164,20050;66667
47714,IN,2;44,20800,11/29/2011,37.98,-87.54,4;12,Vanderburgh,18163,8524;590164,20050;66667
47714,IN,2;44,20800,12-10-2011,37.98,-87.54,4;12,Vanderburgh,18163,8524;590164,20050;66667
47720,IN,2;44,20800,1-10-2012,37.98,-87.54,4;15,Vanderburgh,18163,8524;590164,20196;66667
47401,IN,2;45,,06/21/2013,39.16,-86.52,4;02,Monroe,55081,0,19644;18033
46208,IN,2;45,,5-9-2011,39.77,-86.14,3;88,Marion,54049,0,18960;05464
47408,IN,2;45,,07/21/2011,39.16,-86.52,4,Monroe,55081,0,19546;44809
47803,IN,2;45,,7-1-2011,39.47,-87.38,3;97,Vigo,18167,0,19399;84973
47401,IN,2;45,,07/21/2011,39.16,-86.52,4;02,Monroe,55081,0,19644;18033
46992,IN,2;46,12300,10/20/2008,40.79,-85.82,3;62,Wabash,18169,5000,17761;7377
47403,IN,2;5,,06/21/2012,39.16,-86.52,4;02,Monroe,55081,0,20045;08197
46979,IN,2;5,,9-10-2009,40.41,-86.27,3;74,Howard,48227,0,18648;9071
46571,IN,2;5,12500,09/25/2006,41.53,-85.54,3;57,Lagrange,0,5000,17801;22951
47201,IN,2;52,,06/21/2010,0,0,0,0,18005,0,0
47201,IN,2;52,17500,9-8-2010,39.21,-85.91,4,Bartholomew,18005,6944;444444,20104;91803
47712,IN,2;55,,06/21/2013,39.21,-85.91,4,Bartholomew,18163,0,20344;2623
47713,IN,2;55,,06/21/2013,37.98,-87.54,4;15,Vanderburgh,18163,0,21107;17213
47714,IN,2;55,,06/21/2013,37.98,-87.54,4;12,Vanderburgh,18163,0,20954;59016
47356,IN,2;61,,4-2-2012,37.98,-87.54,4;12,Vanderburgh,51089,0,21447;63934
47403,IN,2.675,,12/31/2009,40.05,-85.54,3;77,Henry,55081,0,20114392;08
47403,IN,2.675,,1-3-2010,39.16,-86.52,4;02,Monroe,55081,0,21448237;7
47401,IN,2;76,,3-10-2010,39.16,-86.52,4;02,Monroe,55081,0,22129;77049
47639,IN,2;76,19680,04/20/2010,39.16,-86.52,4;02,Monroe,47053,7130;434783,22129;77049
47403,IN,2;8,,12/31/2008,38.20,-87.57,4;14,Gibson,55081,0,23120;65574
47401,IN,2;8,,06/21/2011,39.16,-86.52,4;02,Monroe,55081,0,22450;4918
47403,IN,2;8,,12/31/2008,39.16,-86.52,4;02,Monroe,55081,0,22450;4918
47403,IN,2;8,,12/31/2008,39.16,-86.52,4;02,Monroe,55081,0,22450;4918
47403,IN,2;8,,12/31/2008,39.16,-86.52,4;02,Monroe,55081,0,22450;4918
47403,IN,2;8,,12/31/2008,39.16,-86.52,4;02,Monroe,55081,0,22450;4918
47403,IN,2;8,,12/31/2008,39.16,-86.52,4;02,Monroe,55081,0,22450;4918
47403,IN,2;8,,12/31/2008,39.16,-86.52,4;02,Monroe,55081,0,22450;4918
47403,IN,2;8,,12/31/2008,39.16,-86.52,4;02,Monroe,55081,0,22450;4918
47403,IN,2;8,,12/31/2008,39.16,-86.52,4;02,Monroe,55081,0,22450;4918
47403,IN,2;8,,12/31/2008,39.16,-86.52,4;02,Monroe,55081,0,22450;4918
47403,IN,2;8,,12/31/2008,39.16,-86.52,4;02,Monroe,55081,0,22450;4918
47403,IN,2;8,,12/31/2008,39.16,-86.52,4;02,Monroe,55081,0,22450;4918
47401,IN,2;82,,06/21/2010,39.16,-86.52,4;02,Monroe,55081,0,22610;85246
47307,IN,2;82,,08/23/2011,39.16,-86.52,4;02,Monroe,0,0,22610;85246
47720,IN,2;82,21900,4-5-2011,40.19,-85.39,0,0,18163,7765;957447,0
47532,IN,2;88,,06/21/2012,0,0,4;15,Vanderburgh,18037,0,23838;68852
47620,IN,2;88,,06/21/2012,37.98,-87.54,4;08,Dubois,18129,0,23436;59016
47404,IN,2;94,,06/21/2011,38.22,-86.86,4;15,Posey,55081,0,24335;32787
47302,IN,2;94,,12/14/2011,37.93,-87.89,4;01,Monroe,42045,0,23514;37705
47404,IN,2;94,,08/15/2011,39.16,-86.52,3;74,Delaware,55081,0,21931;11475
47408,IN,3,,06/21/2013,40.19,-85.39,4;01,Monroe,55081,0,23994;2623
47401,IN,3,,06/21/2013,39.16,-86.52,4,Monroe,55081,0,23934;42623
47201,IN,3,,06/21/2013,39.16,-86.52,4;02,Monroe,18005,0,24054;09836
47546,IN,3,,12/31/2008,39.16,-86.52,4,Bartholomew,18037,0,23934;42623
47401,IN,3,,06/21/2012,39.21,-85.91,4;06,Dubois,55081,0,24293;44262
47404,IN,3,,06/21/2013,38.39,-86.93,4;02,Monroe,55081,0,24054;09836
47424,IN,3,,06/21/2013,39.16,-86.52,4;01,Monroe,51079,0,23994;2623
47630,IN,3,,02/20/2013,39.16,-86.52,4;01,Greene,18173,0,23994;2623
46220,IN,3,,7-9-2011,39.02,-86.93,4;11,Warrick,54049,0,24592;62295
47401,IN,3,,2-2-2009,37.94,-87.40,3;87,Marion,55081,0,23156;55738
47546,IN,3,34662;5,09/24/2008,39.77,-86.14,4;02,Monroe,18037,11554;16667,24054;09836
46131,IN,3,36720,02/17/2009,39.16,-86.52,4;06,Dubois,56019,12240,24293;44262
47240,IN,3,36220,10/23/2008,38.39,-86.93,3;96,Johnson,47039,12073;33333,23695;08197
46150,IN,3,30729;6,6-1-2009,39.49,-86.05,3;93,Decatur,20165,10243;2,23515;57377
47712,IN,3,27250,11-3-2009,39.34,-85.48,3;88,Rush,18163,9083;333333,23216;39344
47882,IN,3,31121;93,6-8-2008,39.57,-85.63,4;15,Vanderburgh,47163,10373;97667,24831;96721
47201,IN,3,29200,01/14/2010,37.98,-87.54,4;06,Sullivan,18005,9733;333333,24293;44262
47433,IN,3;02,11500,3-9-2013,39.09,-87.40,4,Bartholomew,21187,3807;94702,24093;98907
47630,IN,3;06,,06/21/2013,39.21,-85.91,3;99,Owen,18173,0,24352;08197
47715,IN,3;06,12000,8-8-2014,39.35,-86.66,4;11,Warrick,18163,3921;568627,25084;47541
47630,IN,3;06,13900,06/26/2013,37.94,-87.40,4;12,Vanderburgh,18173,4542;48366,25145;5082
47401,IN,3;08,,06/21/2011,37.98,-87.54,4;11,Warrick,55081,0,25248;42623
46220,IN,3;08,,7-7-2011,37.94,-87.40,4;02,Monroe,54049,0,24695;54098
46582,IN,3;08,,7-6-2010,39.16,-86.52,3;87,Marion,18085,0,23774;06557
46107,IN,3;12,,5-9-2014,39.77,-86.14,3;59,Kosciusko,54049,0,22340;39344
46236,IN,3;12,,04/24/2014,41.23,-85.85,3;91,Marion,54049,0,24331;7377
47006,IN,3;15,,06/16/2010,39.71,-86.08,3;86,Marion,29181,0,24251;55738
46582,IN,3;15,15750,07/31/2010,39.77,-86.14,3;95,Ripley,18085,5000,24817;0082
46526,IN,3;15,15750,08/25/2010,39.29,-85.21,3;59,Kosciusko,18039,5000,22555;20492
46205,IN,3;16,,11/29/2011,41.23,-85.85,3;57,Elkhart,54049,0,22500;7541
46901,IN,3;22,,04/21/2010,41.57,-85.83,3;88,Marion,48227,0,24918;92896
46947,IN,3;22,,05/13/2011,39.77,-86.14,3;7,Howard,48067,0,23762;89617
47401,IN,3;25,,12/31/2009,40.47,-86.13,3;67,Cass,55081,0,23789;8224
47401,IN,3;25,,03/18/2009,40.75,-86.35,4;02,Monroe,55081,0,26058;60656
47711,IN,3;25,,06/21/2013,39.16,-86.52,4;02,Monroe,18163,0,26058;60656
46526,IN,3;36,,8-12-2010,39.16,-86.52,4;11,Vanderburgh,18039,0,27543;7377
47905,IN,3;36,16800,1-5-2009,37.98,-87.54,3;57,Elkhart,18157,5000,23924;85246
47401,IN,3;4,,06/21/2011,41.57,-85.83,3;75,Tippecanoe,55081,0,25430;32787
47408,IN,3;4,,06/21/2011,40.41,-86.87,4;02,Monroe,55081,0,27261;31148
46219,IN,3;42,,7-3-2014,39.16,-86.52,4,Monroe,54049,0,27285;2459
47408,IN,3;42,,03/24/2011,39.16,-86.52,3;88,Marion,55081,0,26466;68852
46516,IN,3;45,17250,12/22/2010,39.77,-86.14,4,Monroe,18039,5000,27524;59016
47201,IN,3;5,,06/21/2011,39.16,-86.52,3;56,Elkhart,18005,0,24851;91257
47408,IN,3.525,,06/21/2011,41.68,-85.96,4,Bartholomew,55081,0,28122950;82
47401,IN,3.525,,06/21/2011,39.21,-85.91,4,Monroe,55081,0,28122950;82
47401,IN,3.525,,06/21/2011,39.16,-86.52,4;02,Monroe,55081,0,28263565;57
47408,IN,3.525,,5-5-2010,39.16,-86.52,4;02,Monroe,55081,0,28263565;57
47401,IN,3.525,,9-1-2011,39.16,-86.52,4,Monroe,55081,0,28122950;82
47401,IN,3.525,,08/18/2011,39.16,-86.52,4;02,Monroe,55081,0,28263565;57
47713,IN,3;57,,06/21/2013,39.16,-86.52,4;02,Monroe,18163,0,28624;37705
47712,IN,3;57,,06/21/2013,39.16,-86.52,4;12,Vanderburgh,18163,0,29336;42623
47712,IN,3;57,16950,07/17/2013,37.98,-87.54,4;15,Vanderburgh,18163,4747;89916,29550;04098
47401,IN,3;6,,06/21/2011,37.98,-87.54,4;15,Vanderburgh,55081,0,29798;36066
47630,IN,3;6,,10-1-2013,37.98,-87.54,4;02,Monroe,18173,0,28864;91803
46516,IN,3;6,,05/19/2011,39.16,-86.52,4;11,Warrick,18039,0,29511;14754
47401,IN,3;68,,06/21/2012,37.94,-87.40,3;56,Elkhart,55081,0,26130;01093
47401,IN,3;69,,06/21/2010,41.68,-85.96,4;02,Monroe,55081,0,29586;54098
47401,IN,3;69,,4-1-2010,39.16,-86.52,4;02,Monroe,55081,0,29586;54098
47714,IN,3.825,16000,7-5-2013,39.16,-86.52,4;02,Monroe,18163,4;183006536,30668975;41
47714,IN,3.825,15995,8-4-2014,39.16,-86.52,4;12,Vanderburgh,18163,4;181699346,31431885;25
47408,IN,3;84,,06/21/2011,37.98,-87.54,4;12,Vanderburgh,55081,0,31555;14754
47408,IN,3;84,19200,10/26/2011,37.98,-87.54,4,Monroe,55081,5000,30636;06557
47630,IN,3;85,12500,01/25/2015,39.16,-86.52,4,Monroe,18173,3246;753247,30715;84699
46001,IN,3;9,14000,2-3-2013,39.16,-86.52,4;11,Warrick,51113,3589;74359,31970;40984
47408,IN,3;9,,7-7-1909,37.94,-87.40,3;74,Madison,55081,0,29092;29508
47401,IN,3;91,,06/21/2012,40.25,-85.67,4,Monroe,55081,0,31194;53552
47390,IN,3;92,22814,11/15/2010,39.16,-86.52,4;02,Monroe,54083,5819;897959,31430;68852
47403,IN,4,,06/21/2009,39.16,-86.52,3;7,Randolph,55081,0,29519;12568
47408,IN,4,,06/21/2011,40.20,-84.81,4;02,Monroe,55081,0,32072;13115
47408,IN,4,,06/21/2012,39.16,-86.52,4,Monroe,55081,0,31912;56831
47408,IN,4,,06/21/2012,39.16,-86.52,4,Monroe,55081,0,31912;56831
47714,IN,4,,06/21/2012,39.16,-86.52,4,Monroe,18163,0,31912;56831
47403,IN,4,,4-5-2010,39.16,-86.52,4;12,Vanderburgh,55081,0,32869;94536
46038,IN,4,32427,03/19/2009,37.98,-87.54,4;02,Monroe,48193,8106;75,32072;13115
46204,IN,4;05,33000,03/19/2009,39.16,-86.52,3;85,Hamilton,54049,8148;148148,31099;79508
46106,IN,4;14,33150,06/17/2010,39.95,-86.02,3;88,Marion,56019,8007;246377,32038;62295
46226,IN,4;14,,09/29/2011,39.77,-86.14,3;96,Johnson,54049,0,32699;21311
46217,IN,4;16,,04/29/2014,39.51,-86.16,3;87,Marion,54049,0,32110;42623
47448,IN,4;16,,06/21/2013,39.77,-86.14,3;91,Marion,55009,0,32442;31694
46229,IN,4;2,,06/18/2009,39.77,-86.14,4;03,Brown,54049,0,33759;5082
46208,IN,4;2,,05/18/2011,39.20,-86.23,3;88,Marion,54049,0,32502;95082
46975,IN,4;2,22000,6-5-2009,39.77,-86.14,3;88,Marion,42057,5238;095238,32502;95082
46311,IN,4;25,,12/30/2011,39.77,-86.14,3;63,Fulton,47095,0,30770;69672
47150,IN,4;29,40000,3-3-2010,41.06,-86.19,3;68,Lake,51063,9324;009324,31488;13115
46075,IN,4;3,15000,10/13/1997,41.50,-87.50,4;03,Floyd,54005,3488;372093,34563;30601
47433,IN,4;32,,06/21/2012,38.30,-85.82,3;85,Boone,21187,0,33173;11475
47408,IN,4;32,,12-6-2013,39.99,-86.34,3;99,Owen,55081,0,34379;40984
47720,IN,4;32,,07/16/2010,39.35,-86.66,4,Monroe,18163,0,34465;57377
47408,IN,4;32,,06/21/2013,39.16,-86.52,4;15,Vanderburgh,55081,0,35758;03279
47408,IN,4;32,,06/21/2013,37.98,-87.54,4,Monroe,55081,0,34465;57377
47401,IN,4;4,,12/31/2009,39.16,-86.52,4,Monroe,55081,0,35103;82514
46628,IN,4;4,,8-1-2010,39.16,-86.52,4;02,Monroe,0,0,35279;34426
46628,IN,4;4,22000,07/29/2010,39.16,-86.52,3;58,St Joseph,0,5000,31417;9235
47404,IN,4;4,32000,04/21/2010,41.67,-86.26,0,0,55081,7272;727273,0
47401,IN,4;41,,06/21/2013,0,0,3;58,St Joseph,55081,0,31489;32787
47401,IN,4;41,,05/24/2013,41.67,-86.26,0,0,55081,0,0
47403,IN,4;42,,06/21/2010,0,0,4;01,Monroe,55081,0,35351;54645
47401,IN,4;42,,06/21/2013,39.16,-86.52,4;02,Monroe,55081,0,35439;70492
47532,IN,4;44,,06/21/2012,39.16,-86.52,4;02,Monroe,18037,0,35600;06557
46617,IN,4.465,,03/19/2012,39.16,-86.52,4;02,Monroe,0,0,35800516;39
47449,IN,4;5,,06/21/2013,39.16,-86.52,4;02,Monroe,51079,0,36081;14754
47712,IN,4;5,,06/21/2013,39.16,-86.52,4;08,Dubois,18163,0,36619;67213
47404,IN,4;5,,06/21/2010,38.22,-86.86,3;57,St Joseph,55081,0,32042;21311
47401,IN,4;5,,06/21/2013,41.67,-86.26,0,0,55081,0,0
47403,IN,4;5,,06/21/2013,0,0,4;01,Greene,55081,0,35991;39344
47408,IN,4;5,,11-1-2013,38.92,-87.01,4;15,Vanderburgh,55081,0,37247;95082
47401,IN,4;5,,12/26/2013,37.98,-87.54,4;01,Monroe,55081,0,35991;39344
46151,IN,4;5,39200,12-3-2010,39.16,-86.52,4;02,Monroe,54065,8711;111111,36081;14754
47408,IN,4;5,,06/21/2013,39.16,-86.52,4;02,Monroe,55081,0,36081;14754
47401,IN,4;5,,06/21/2013,39.16,-86.52,4,Monroe,55081,0,35901;63934
47712,IN,4;5,37287;5,03/31/2010,39.16,-86.52,4;02,Monroe,18163,8286;111111,36081;14754
47408,IN,4;56,,06/21/2013,39.16,-86.52,3;95,Morgan,55081,0,35925;57377
47403,IN,4;6,,06/21/2010,39.42,-86.42,4,Monroe,55081,0,36699;45355
47401,IN,4;6,,06/21/2012,39.16,-86.52,4;02,Monroe,55081,0,36882;95082
47403,IN,4;6,,10/22/2010,39.16,-86.52,4;15,Vanderburgh,55081,0,38075;68306
46637,IN,4;68,,05/23/2007,37.98,-87.54,4,Monroe,0,0,37337;70492
46617,IN,4;7,29028;7,02/20/2012,39.16,-86.52,4;02,Monroe,0,6176;319149,37684;7541
46701,IN,4;8,,4-3-2006,39.16,-86.52,4;02,Monroe,40103,0,38486;55738
46714,IN,4;8,,10/28/2011,39.16,-86.52,4;02,Monroe,38103,0,38486;55738
46241,IN,4;86,,08/30/2010,39.16,-86.52,3;57,St Joseph,54049,0,34605;59016
47125,IN,4;88,,12/31/2011,41.67,-86.26,0,0,55131,0,0
47401,IN,4.896,,12-1-2008,0,0,3;57,St Joseph,55081,0,34861927;87
47408,IN,4;9,,07/21/2011,41.67,-86.26,0,0,55081,0,0
47401,IN,4;9,,7-7-1909,0,0,3;59,Noble,55081,0,35085;87432
46106,IN,4;95,,10/31/2009,41.39,-85.41,3;59,Wells,56019,0,35443;89344
46410,IN,4;95,27500,3-7-2009,40.74,-85.17,3;92,Marion,47095,5555;555556,38701;96721
47638,IN,5,,06/21/2013,39.77,-86.14,4;09,Washington,18129,0,40788;25137
47404,IN,5,,12/31/2008,38.46,-86.27,4;02,Monroe,55081,0,40090;16393
47401,IN,5,,06/21/2012,39.16,-86.52,4,Monroe,55081,0,39890;71038
47401,IN,5,,06/21/2012,39.16,-86.52,4;02,Monroe,55081,0,40090;16393
47408,IN,5,,06/21/2013,39.16,-86.52,3;96,Johnson,55081,0,39491;80328
47401,IN,5,,06/21/2013,39.51,-86.16,3;71,Lake,55081,0,36998;63388
47448,IN,5,,06/21/2013,41.47,-87.32,4;17,Posey,55009,0,41586;06557
47203,IN,5,,06/21/2013,38.07,-87.77,4;01,Monroe,18005,0,39990;43716
46563,IN,5,,04/23/2013,39.16,-86.52,4;02,Monroe,54051,0,40090;16393
47201,IN,5,5000,10/15/2012,39.16,-86.52,4;02,Monroe,18005,1000,40090;16393
46383,IN,5,13000,01/15/2013,39.16,-86.52,4,Monroe,18127,2600,39890;71038
46747,IN,5,,07/16/2010,39.16,-86.52,4;02,Monroe,36101,0,40090;16393
46526,IN,5,,08/20/2009,39.16,-86.52,4;03,Brown,18039,0,40189;89071
46205,IN,5,,10-6-2009,39.20,-86.23,3;95,Bartholomew,54049,0,39392;0765
47401,IN,5,12000,10-8-2012,39.21,-85.91,3;62,Marshall,55081,2400,36101;0929
46507,IN,5,30000,1-1-2012,41.34,-86.31,4,Bartholomew,18039,6000,39890;71038
47401,IN,5,,08/21/2013,39.21,-85.91,3;65,Porter,55081,0,36400;27322
46278,IN,5,,06/21/2013,41.47,-87.05,3;59,Steuben,54049,0,35801;91257
46902,IN,5,36760,05/30/2008,41.53,-85.08,3;57,Elkhart,48227,7352,35602;45902
46805,IN,5,30612;78,04/28/2008,41.57,-85.83,3;88,Marion,39003,6122;556,38693;98907
46747,IN,5;04,25000,6-4-2010,39.77,-86.14,4;02,Monroe,36101,4960;31746,40410;88525
47374,IN,5;17,,05/14/2012,39.16,-86.52,3;55,Elkhart,54099,0,36606;70765
46996,IN,5;17,,3-3-2011,41.72,-85.81,4;02,Monroe,51155,0,41453;22951
47240,IN,5;2,,7-2-2014,39.16,-86.52,3;87,Marion,47039,0,40138;03279
47638,IN,5;2,29995,01/29/2013,39.77,-86.14,3;73,Howard,18129,5768;269231,38686;01093
47403,IN,5;2,,01/22/2013,40.47,-86.13,3;6,Allen,55081,0,37337;70492
47408,IN,5;2,,08/31/2012,41.07,-85.13,3;59,Steuben,55081,0,37233;98907
46526,IN,5;25,,5-12-2010,41.53,-85.08,3;78,Wayne,18039,0,39581;55738
46544,IN,5;28,27000,07/13/2010,39.82,-84.88,3;66,Pulaski,0,5113;636364,38544
46383,IN,5.355,,10-10-2011,41.05,-86.60,3;93,Decatur,18127,0,41975299;18
47933,IN,5;39,,3-3-2011,39.34,-85.48,4;17,Posey,51121,0,44829;77869
47408,IN,5;4,,06/21/2011,38.07,-87.77,4;02,Monroe,55081,0,43297;37705
47408,IN,5;4,,07/13/2011,39.16,-86.52,4,Monroe,55081,0,43081;96721
47638,IN,5;46,,12/14/2012,39.16,-86.52,3;57,Elkhart,18129,0,38877;88525
46567,IN,5;46,27300,08/25/2009,41.57,-85.83,3;59,St Joseph,18085,5000,39095;68852
46507,IN,5;46,25000,9-1-2009,41.66,-86.16,0,0,18039,4578;754579,0
47401,IN,5;49,,06/21/2012,0,0,3;65,Porter,55081,0,39967;5
47401,IN,5;49,,11/30/2012,41.47,-87.05,3;85,Montgomery,55081,0,42157;5
47408,IN,5;5,,06/21/2012,40.04,-86.89,4,Monroe,55081,0,43879;78142
47468,IN,5;5,,06/21/2012,39.16,-86.52,4,Monroe,55081,0,43879;78142
47401,IN,5;5,,06/21/2012,39.16,-86.52,4;17,Posey,55081,0,45744;67213
47403,IN,5;5,,06/21/2012,38.07,-87.77,3;58,Kosciusko,55081,0,39272;40437
46567,IN,5;5,,8-12-2009,41.42,-85.74,3;55,Elkhart,18085,0,38943;30601
46507,IN,5;5,,6-11-2009,41.72,-85.81,4;02,Monroe,18039,0,44099;18033
47408,IN,5;5,33000,09/30/2011,39.16,-86.52,4;02,Monroe,55081,6000,44099;18033
47401,IN,5;52,,11-3-2012,39.16,-86.52,4,Monroe,55081,0,44039;34426
46516,IN,5;52,27600,11/18/2011,39.16,-86.52,3;99,Monroe,18039,5000,43929;2459
47408,IN,5;58,,8-3-2012,39.25,-86.41,4;02,Monroe,55081,0,44740;62295
47403,IN,5.635,,06/21/2011,39.16,-86.52,4;02,Monroe,55081,0,45181614;75
47401,IN,5.635,,06/21/2011,39.16,-86.52,3;58,Kosciusko,55081,0,40236363;39
47401,IN,5.635,34000,12-2-2011,41.42,-85.74,3;55,Elkhart,55081,6;033717835,39899187;16
47403,IN,5.635,,07/15/2011,41.72,-85.81,4,Monroe,55081,0,44956830;6
46385,IN,5;64,,8-11-2011,39.16,-86.52,4;02,Monroe,18127,0,45221;70492
46528,IN,5;64,52954,04/26/2012,39.16,-86.52,3;56,Elkhart,18039,9389;007092,40047;08197
46385,IN,5;64,34328;04,8-12-2011,41.68,-85.96,4,Monroe,18127,6086;531915,44996;72131
46526,IN,5;64,34437;18,8-1-2012,39.16,-86.52,4;02,Monroe,18039,6105;882979,45221;70492
46526,IN,5;64,29500,08/27/2012,39.16,-86.52,4;02,Monroe,18039,5230;496454,45221;70492
47532,IN,5;76,,06/21/2013,39.16,-86.52,4;02,Monroe,18037,0,46183;86885
47401,IN,5.775,,07/23/2014,39.16,-86.52,4;02,Monroe,55081,0,46304139;34
46055,IN,5;8,25000,11/30/2010,39.16,-86.52,3;68,Porter,54029,4310;344828,42571;36612
46526,IN,5;8,27000,05/20/2010,41.47,-87.05,3;55,Elkhart,18039,4655;172414,41067;48634
46550,IN,5;8,89334,2-12-2009,41.57,-85.83,3;68,Porter,18039,15402;41379,42571;36612
46055,IN,5;88,26930,1-4-2011,41.47,-87.05,3;57,Elkhart,54029,4579;931973,41868;4918
46733,IN,5;88,37926,11-1-2010,41.57,-85.83,3;57,Elkhart,55001,6450,41868;4918
46550,IN,5;88,29400,11/16/2009,41.57,-85.83,4;08,Dubois,18039,5000,47849;70492
47620,IN,6,,06/21/2012,38.22,-86.86,4;02,Monroe,18129,0,48108;19672
47421,IN,6,,06/21/2013,39.16,-86.52,3;85,Hancock,47099,0,46073;77049
47401,IN,6,,06/21/2012,39.90,-85.93,3;57,Elkhart,55081,0,42722;95082
47421,IN,6,,06/21/2012,41.57,-85.83,3;58,Elkhart,47099,0,42842;62295
47433,IN,6,,06/21/2013,41.44,-85.98,3;85,Hancock,21187,0,46073;77049
47401,IN,6,,06/21/2013,39.90,-85.93,3;58,Adams,55081,0,42842;62295
47401,IN,6,,06/21/2013,40.83,-84.92,3;58,Elkhart,55081,0,42842;62295
47630,IN,6,,06/21/2013,41.44,-85.98,4;15,Posey,18173,0,49663;93443
46563,IN,6,,04/23/2014,37.93,-87.89,4;02,Lawrence,54051,0,48108;19672
47401,IN,6,,07/26/2013,38.86,-86.49,4;02,Monroe,55081,0,48108;19672
47620,IN,6,,12/28/2012,39.16,-86.52,4;02,Lawrence,18129,0,48108;19672
46552,IN,6,,09/17/2010,38.86,-86.49,3;99,Owen,0,0,47749;18033
47630,IN,6,,06/21/2012,39.35,-86.66,4;02,Monroe,18173,0,48108;19672
47630,IN,6,78161,9-1-2005,39.16,-86.52,4;02,Monroe,18173,13026;83333,48108;19672
47601,IN,6;02,,09/14/2013,39.16,-86.52,4;11,Warrick,18173,0,49349;19672
46550,IN,6;05,44565;6,02/17/2009,37.94,-87.40,3;62,Marshall,18039,7366;214876,43682;3224
47532,IN,6;1,,6-12-2012,41.34,-86.31,4;02,Monroe,18037,0,48910
47532,IN,6;11,,06/21/2012,39.16,-86.52,4;15,Posey,18037,0,50574;43989
47630,IN,6;12,24900,03/15/2013,37.93,-87.89,3;59,St Joseph,18173,4068;627451,43821;54098
46160,IN,6;24,,03/25/2014,41.70,-86.51,0,0,55009,0,0
46947,IN,6;3,50000,9-1-2009,0,0,4;11,Warrick,48067,7936;507937,51644;5082
46543,IN,6;3,,9-4-2009,37.94,-87.40,4;11,Warrick,18039,0,51644;5082
46550,IN,6;3,,10-11-2010,37.94,-87.40,4;1,Warrick,18039,0,51518;85246
46543,IN,6;3,31500,9-10-2009,38.04,-87.27,3;58,Elkhart,18039,5000,44984;7541
46947,IN,6;3,31500,10-2-2009,41.44,-85.98,4;08,Dubois,48067,5000,51267;54098
46032,IN,6;35,,3-11-2010,38.22,-86.86,4;08,Dubois,48193,0,51674;42623
46550,IN,6;4,,12-6-2010,38.22,-86.86,4;11,Warrick,18039,0,52464;2623
46151,IN,6;44,,11-11-2010,37.94,-87.40,3;99,Brown,54065,0,51250;78689
46526,IN,6;44,,09/20/2010,39.37,-86.25,3;67,Cass,18039,0,47140;44809
46151,IN,6;44,32200,11-5-2010,40.75,-86.35,3;57,Elkhart,54065,5000,45855;96721
46528,IN,6;44,40000,05/16/2012,41.52,-85.69,3;58,Elkhart,18039,6211;180124,45984;4153
47421,IN,6;62,,06/21/2013,41.44,-85.98,3;57,Elkhart,47099,0,47137;65574
47403,IN,6;72,,06/21/2012,41.52,-85.69,3;67,Cass,55081,0,49190;03279
47601,IN,6;72,21900,04/20/2015,40.75,-86.35,3;86,Hamilton,18173,3258;928571,51736;65574
47403,IN,6;72,,01/23/2012,39.96,-86.10,3;58,Elkhart,55081,0,47983;7377
47401,IN,6;75,,06/21/2013,41.44,-85.98,3;95,Morgan,55081,0,53179;30328
47119,IN,6;76,,06/17/2013,39.42,-86.42,3;57,Elkhart,51063,0,48134;52459
47634,IN,6;84,,06/21/2012,41.57,-85.83,3;95,Morgan,21215,0,53888;36066
46528,IN,6;88,,11/28/2011,39.42,-86.42,3;55,Elkhart,18039,0,48714;53552
46628,IN,6;9,,7-6-2010,41.57,-85.83,4;02,Lawrence,0,0,55324;42623
47401,IN,7,,06/21/2012,38.86,-86.49,4;02,Monroe,55081,0,56126;22951
47708,IN,7,59780,04/21/2009,39.16,-86.52,4;1,Warrick,18163,8540,57243;1694
47708,IN,7,59780,5-1-2009,38.04,-87.27,4;02,Monroe,18163,8540,56126;22951
47006,IN,7;02,,6-6-2014,39.16,-86.52,4;02,Monroe,29181,0,56286;59016
46526,IN,7;05,41850,12/19/2011,39.16,-86.52,4;08,Floyd,18039,5936;170213,57370;81967
47708,IN,7;06,,06/21/2013,38.31,-85.86,4;1,Spencer,18163,0,57733;82514
47712,IN,7;2,24900,04/20/2015,37.91,-87.20,3;55,Elkhart,18163,3458;333333,50980;32787
46703,IN,7;2,,12/17/2009,41.57,-85.83,3;58,St Joseph,36101,0,51411;14754
46256,IN,7;28,,05/13/2014,41.67,-86.26,0,0,54049,0,0
47712,IN,7;28,25500,12-12-2014,0,0,4;02,Monroe,18163,3502;747253,58371;27869
47401,IN,7;35,,06/21/2011,39.16,-86.52,4;12,Vanderburgh,55081,0,60398;52459
47401,IN,7;35,,7-7-1909,37.98,-87.54,4;12,Vanderburgh,55081,0,60398;52459
47974,IN,7;4,,05/26/2011,37.98,-87.54,3;95,Ripley,18165,0,58300;27322
47408,IN,7;5,,11/25/2013,39.29,-85.21,3;57,Elkhart,55081,0,53403;68852
47630,IN,7;5,17500,07/21/2014,41.57,-85.83,4;12,Vanderburgh,18173,2333;333333,61631;14754
46214,IN,7;54,,04/25/2013,37.98,-87.54,4;15,Vanderburgh,54049,0,62411;01093
46526,IN,7;56,37800,7-11-2012,37.98,-87.54,3;57,Steuben,18039,5000,53830;91803
46526,IN,7;56,12500,7-11-2012,41.64,-85.00,3;86,Marion,18039,1653;439153,58203;7377
46723,IN,7;56,37800,07/17/2010,39.77,-86.14,4;15,Vanderburgh,21235,5000,62576;55738
46383,IN,7;7,35000,1-7-2013,37.98,-87.54,4;02,Monroe,18127,4545;454545,61738;85246
46554,IN,7;75,35955;79,5-9-2012,39.16,-86.52,4;02,Monroe,0,4639;456774,62139;7541
47401,IN,7;8,,8-2-2012,39.16,-86.52,3;94,Vermillion,55081,0,61296;06557
46797,IN,7;8,14048;35,9-9-2009,40.05,-87.43,4,Monroe,39003,1801;070513,62229;5082
47348,IN,7;8,38000,12-12-2012,39.16,-86.52,4;11,Warrick,18009,4871;794872,63940;81967
47401,IN,7;82,,06/21/2012,37.94,-87.40,3;88,Marion,55081,0,60517;39891
46975,IN,7;84,,6-2-2013,39.77,-86.14,3;57,Elkhart,42057,0,55824;65574
47401,IN,8,,06/21/2013,41.57,-85.83,3;57,Elkhart,55081,0,56963;93443
46996,IN,8,,08/21/2012,41.57,-85.83,3;59,Whitley,51155,0,57283;06011
47201,IN,8,10500,12/15/2013,41.23,-85.32,3;65,Porter,18005,1312;5,58240;43716
46526,IN,8,11800,07/29/2011,41.47,-87.05,3;59,St Joseph,18039,1475,57283;06011
47601,IN,8,,11/26/2012,41.53,-86.43,0,0,18173,0,0
47579,IN,8;06,23000,04/21/2015,0,0,4;02,Monroe,21215,2853;598015,64625;34426
46723,IN,8;1,,06/15/2010,39.16,-86.52,3;6,Allen,21235,0,58160;65574
47711,IN,8;16,,06/21/2013,41.12,-84.85,3;66,Blackford,18163,0,59568
47711,IN,8;16,32640,8-2-2013,40.45,-85.37,4;02,Monroe,18163,4000,65427;14754
46637,IN,8;2,,8-4-2008,39.16,-86.52,3;63,Fulton,0,0,59369;34426
46545,IN,8;2,41000,07/17/2008,41.06,-86.19,4;02,Monroe,0,5000,65747;86885
46962,IN,8;28,,04/30/2010,39.16,-86.52,3;66,Pulaski,18169,0,60444
47933,IN,8;28,51634;43,4-7-2011,41.05,-86.60,4,Bartholomew,51121,6236;042271,66059;01639
47401,IN,8;32,,06/21/2012,39.21,-85.91,3;57,Elkhart,55081,0,59242;4918
46761,IN,8;4,49845;69,09/26/2011,41.57,-85.83,4;1,Warrick,0,5934;010714,68691;80328
47638,IN,8;46,,04/28/2012,38.04,-87.27,4;09,Spencer,18129,0,69013;72131
47638,IN,8;46,,06/21/2012,38.11,-86.92,3;59,Whitley,18129,0,60576;83607
47460,IN,8;5,,10-5-2013,41.23,-85.32,4;11,Vanderburgh,21187,0,69679;09836
47638,IN,8;58,,06/21/2012,37.98,-87.54,4;11,Vanderburgh,18129,0,70334;90164
47638,IN,8;58,36650,11-12-2012,37.98,-87.54,3;57,St Joseph,18129,4271;561772,61093;81967
47630,IN,8;58,,06/21/2013,41.67,-86.26,0,0,18173,0,0
47630,IN,8;67,34000,7-7-2014,0,0,3;61,St Joseph,18173,3921;568627,62426;36885
47611,IN,8;9,76200,01/16/2009,41.66,-86.16,0,0,21215,8561;797753,0
47601,IN,8.925,34800,11/26/2012,0,0,3;59,Wabash,18173,3;899159664,63906413;93
47725,IN,8.925,35250,08/28/2014,41.00,-85.77,3;85,Montgomery,18163,3;949579832,68534733;61
47725,IN,8;96,29000,12/17/2014,40.04,-86.89,4;02,Monroe,18163,3236;607143,71841;57377
47136,IN,9,,06/21/2012,39.16,-86.52,3;58,Lagrange,54033,0,64263;93443
47601,IN,9,,06/21/2012,41.64,-85.41,0,0,18173,0,0
47611,IN,9,,12/31/2009,0,0,4;17,Posey,21215,0,74854;91803
47460,IN,9,,06/21/2013,38.07,-87.77,4;17,Posey,21187,0,74854;91803
46229,IN,9,,09/15/2014,38.07,-87.77,3;99,Owen,54049,0,71623;77049
47611,IN,9,71250,01/23/2009,39.28,-86.76,4;17,Posey,21215,7916;666667,74854;91803
46526,IN,9;03,,12-4-2012,38.07,-87.77,4;17,Posey,18039,0,75104;43443
47725,IN,9;18,36800,01/25/2013,38.07,-87.77,4;11,Warrick,18163,4008;714597,75253;42623
47635,IN,9;18,35800,8-1-2014,37.94,-87.40,4;11,Warrick,21215,3899;782135,75253;42623
47714,IN,9;18,34995,07/22/2014,37.94,-87.40,4;1,Spencer,18163,3812;091503,75070;32787
47725,IN,9;36,,06/21/2013,38.01,-87.03,4;1,Warrick,18163,0,76542;29508
47356,IN,9;36,,12/18/2013,38.04,-87.27,4;13,Vanderburgh,51089,0,77102;36066
47114,IN,9;4,,6-3-2010,37.98,-87.54,4;13,Vanderburgh,54033,0,77431;85792
46750,IN,9;6,,11-11-2011,37.98,-87.54,4;08,Harrison,18069,0,78121;96721
47537,IN,9;75,,05/30/2013,38.23,-85.98,4;1,Warrick,21215,0,79731;55738
47537,IN,9;75,,06/21/2013,38.04,-87.27,4;1,Spencer,21215,0,79731;55738
47401,IN,9;8,,06/21/2013,38.01,-87.03,3;99,Owen,55081,0,77990;32787
47401,IN,9;8,,11/17/2013,39.28,-86.76,3;88,Marion,55081,0,75840;21858
46614,IN,9;9,,7-12-2011,39.77,-86.14,4;1,Spencer,0,0,80958;19672
47468,IN,10,,12/27/2013,38.01,-87.03,3;57,Elkhart,55081,0,71204;91803
47905,IN,10,,12/16/2010,41.57,-85.83,4;13,Vanderburgh,18157,0,82374;31694
46556,IN,10,,07/20/2011,37.98,-87.54,4;12,Spencer,0,0,82174;86339
46530,IN,10,50000,9-11-2010,37.88,-87.05,4;12,Vanderburgh,0,5000,82174;86339
46565,IN,10,54322;32,06/25/2012,37.98,-87.54,4;13,Vanderburgh,0,5432;232,82374;31694
46528,IN,10,16701;1,9-2-2011,37.98,-87.54,3;77,Henry,18039,1670;11,75193;98907
46803,IN,10,112476,09/17/2012,40.05,-85.54,4;1,Harrison,39003,11247;6,81775;95628
46208,IN,10,,06/21/2013,38.28,-86.06,3;58,Huntington,54049,0,71404;37158
47631,IN,10,81250,06/24/2010,40.88,-85.50,4;05,Spencer,18129,8125,80778;68852
46208,IN,10,28900,04/28/2013,38.10,-87.03,4;05,Spencer,54049,2890,80778;68852
47905,IN,10;12,55000,12/20/2010,38.10,-87.03,4;02,Monroe,18157,5434;782609,81142;4918
47406,IN,10;34,,06/21/2011,39.16,-86.52,4;02,Monroe,55081,0,82906;45902
47408,IN,10;34,,06/21/2012,39.16,-86.52,3;59,St Joseph,55081,0,74038;35519
46528,IN,10;34,57975,6-7-2012,41.67,-86.26,0,0,18039,5606;866538,0
46540,IN,10;34,75000,1-1-2012,0,0,3;99,Monroe,18039,7253;384913,82287;7541
46526,IN,10;34,62775,12/16/2011,39.25,-86.41,3;75,Tippecanoe,18039,6071;083172,77338;11475
46939,IN,10;34,60000,1-1-2012,40.41,-86.87,3;55,St Joseph,42057,5802;70793,73213;4153
46970,IN,10;5,,11-6-2013,41.70,-86.24,0,0,39109,0,0
46703,IN,10;63,56552,06/25/2009,0,0,3;59,St Joseph,36101,5320;037629,76114;86612
46901,IN,10;75,85200,4-11-2009,41.73,-86.13,0,0,48227,7925;581395,0
47713,IN,10;8,,06/21/2013,0,0,3;56,Lagrange,18163,0,76685;90164
47713,IN,10;8,83250,5-1-2010,41.67,-85.57,0,0,18163,7708;333333,0
47713,IN,10;8,85750,5-4-2010,0,0,3;55,Elkhart,18163,7939;814815,76470;4918
47630,IN,11,,06/21/2013,41.57,-85.83,3;59,Allen,18173,0,78764;20765
47630,IN,11,80000,12-7-2007,41.07,-85.13,3;88,Marion,18173,7272;727273,85126;77596
47710,IN,11;22,,06/21/2013,39.77,-86.14,4;17,Posey,18163,0,93319;13115
47710,IN,11;22,39183,7-8-2013,38.12,-87.93,3;88,Marion,18163,3492;245989,86829;31148
46701,IN,11;25,83731;26,11-7-2011,39.77,-86.14,3;75,Tippecanoe,40103,7442;778667,84144;46721
46975,IN,11;28,,12/29/2011,40.41,-86.87,4;01,Monroe,42057,0,90218;42623
47630,IN,11;34,32000,04/20/2015,39.16,-86.52,4,Monroe,18173,2821;869489,90472;13115
47143,IN,11;4,,03/31/2011,39.16,-86.52,3;55,Elkhart,55019,0,80718;85246
46526,IN,11;52,57000,1-1-2012,41.57,-85.83,3;56,Elkhart,18039,4947;916667,81798;29508
46975,IN,11;76,,4-2-2013,41.67,-85.70,3;57,Elkhart,42057,0,83736;98361
46901,IN,12,,02/28/2014,41.57,-85.83,3;64,Fulton,48227,0,87121;31148
47532,IN,12,,06/21/2013,41.01,-86.41,3;65,Miami,18037,0,87360;65574
47635,IN,12;32,37500,04/20/2015,40.75,-86.06,3;57,Steuben,21215,3043;831169,87724;45902
46516,IN,12;88,64400,11/18/2010,41.64,-85.00,3;7,Howard,18039,5000,95051;5847
46550,IN,12;9,,01/26/2011,40.47,-86.13,4;12,Vanderburgh,18039,0,106005;5738
47802,IN,13;4,104000,9-1-2009,37.98,-87.54,4;12,Vanderburgh,18167,7761;19403,110114;3169
47720,IN,13;44,45500,10/23/2014,37.98,-87.54,4;12,Vanderburgh,18163,3385;416667,110443;0164
47331,IN,13;68,195000,05/15/2007,37.98,-87.54,4;11,Warrick,54019,14254;38596,112142;3607
47725,IN,14,,06/21/2012,37.94,-87.40,4;11,Warrick,18163,0,114765;5738
47803,IN,14;1,85160,05/31/2010,37.94,-87.40,4;12,Vanderburgh,18167,6039;716312,115866;5574
47725,IN,14;3,52350,9-7-2012,37.98,-87.54,4;12,Vanderburgh,18163,3660;839161,117510;0546
47725,IN,14;4,,06/21/2013,37.98,-87.54,3;59,Noble,18163,0,103109;5082
47523,IN,14;56,49850,07/22/2012,41.39,-85.41,3;63,Fulton,21215,3423;763736,105416;7869
47601,IN,15,45000,10/23/2014,41.06,-86.19,4;11,Warrick,18173,3000,122963;1148
46975,IN,15;04,,08/28/2012,37.94,-87.40,4;03,Clark,42057,0,120891;1913
46041,IN,15;04,,4-6-2013,38.48,-85.76,3;57,Elkhart,42035,0,107092;1967
47201,IN,15;44,69480,09/15/2011,41.57,-85.83,3;63,Fulton,18005,4500,111788;1311
46356,IN,15;68,,09/17/2013,41.06,-86.19,3;7,Howard,47095,0,115714;9727
46975,IN,15;68,,11-1-2013,40.47,-86.13,4;08,Dubois,42057,0,127599;2131
46975,IN,15;68,,1-1-2013,38.22,-86.86,4;12,Spencer,42057,0,128850;1858
46975,IN,15;68,,6-1-2013,37.88,-87.05,3;56,Elkhart,42057,0,111336;5683
47950,IN,15;68,,08/29/2013,41.68,-85.96,3;58,Elkhart,47185,0,111962;0546
46975,IN,15;68,,2-1-2013,41.44,-85.98,4,Vigo,42057,0,125097;2678
46033,IN,15;68,131000,9-2-2010,39.47,-87.38,4;15,Vanderburgh,48193,8354;591837,129788;4153
47630,IN,15.696,,05/17/2012,37.98,-87.54,3;84,Fayette,18173,0,120215921;3
46947,IN,16,,5-5-2014,39.65,-85.14,4;13,Vanderburgh,48067,0,131798;9071
46962,IN,16,,5-1-2014,37.98,-87.54,3;97,Vigo,18169,0,126692;8962
46056,IN,16;64,,12/15/2011,39.47,-87.38,4;13,Vanderburgh,51113,0,137070;8634
47523,IN,16;8,,06/21/2012,37.98,-87.54,4;13,Vanderburgh,21215,0,138388;8525
47630,IN,17,,06/21/2012,37.98,-87.54,4;07,Spencer,18173,0,138001;9126
46725,IN,17,,5-4-2012,38.16,-86.98,4;1,Warrick,21235,0,139019;1257
47630,IN,17.085,69190,10/25/2012,38.04,-87.27,3;63,Fulton,18173,4;049751244,123698200;8
46975,IN,17;64,,4-9-2013,41.06,-86.19,3;76,Clinton,42057,0,132290;3607
47408,IN,18;36,,06/21/2013,40.28,-86.51,4,Bartholomew,55081,0,146478;6885
46539,IN,18;92,,11/16/2010,39.21,-85.91,3;71,Lake,18085,0,140002;8306
46526,IN,19;5,124868;52,06/27/2011,41.29,-87.41,3;63,Fulton,18039,6403;513846,141183;1967
46516,IN,19;74,120000,2-10-2012,41.06,-86.19,3;63,Fulton,18039,6079;027356,142920;8361
46201,IN,20,,06/21/2013,41.06,-86.19,3;63,Fulton,54049,0,144803;2787
47715,IN,20;2,,03/30/2011,41.06,-86.19,3;69,White,18163,0,148668;6885
47715,IN,20;2,,03/30/2011,40.78,-86.66,3;63,Fulton,18163,0,146251;3115
46733,IN,20.928,,11/20/2013,41.06,-86.19,3;85,Hamilton,55001,0,160705311;5
46975,IN,22;56,,08/15/2012,39.96,-86.10,4;11,Warrick,42057,0,184936;5246
47401,IN,23;32,,06/21/2013,37.94,-87.40,3;67,Cass,55081,0,170701;1257
47403,IN,23;32,60000,04/14/2013,40.75,-86.35,3;59,Wabash,55081,2572;898799,166980;1202
47408,IN,24,,06/21/2013,41.00,-85.77,3;79,Madison,55081,0,181422;9508
47408,IN,24,78240,04/15/2013,39.97,-85.61,4;07,Spencer,55081,3260,194826;2295
46383,IN,26;77,,02/13/2012,38.16,-86.98,4;11,Warrick,18127,0,219448;1721
46383,IN,26.775,,03/29/2012,37.94,-87.40,3;6,Whitley,18127,0,192253278;7
47401,IN,27;56,,06/21/2013,41.15,-85.48,4;11,Warrick,55081,0,225924;2295
47401,IN,27;56,69000,4-10-2013,37.94,-87.40,3;63,Fulton,55081,2503;628447,199538;918
47401,IN,28,,06/21/2013,41.06,-86.19,4,Monroe,55081,0,223387;9781
46383,IN,29,65600,03/22/2012,39.16,-86.52,3;59,Kosciusko,18127,2262;068966,207651;0929
46975,IN,29;4,,4-2-2013,41.17,-86.03,3;57,Elkhart,42057,0,209342;459
47630,IN,30;06,,06/21/2013,41.57,-85.83,3;56,Elkhart,18173,0,213442;4262
47630,IN,30;6,87000,04/14/2013,41.68,-85.96,3;9,Marion,18173,2843;137255,238027;8689
46701,IN,38;61,,12/18/2014,39.77,-86.14,4;12,Vanderburgh,40103,0,317277;1475
46202,IN,43,,06/21/2013,37.98,-87.54,4;12,Vanderburgh,54049,0,353351;9126
46202,IN,45;92,245000,04/15/2013,37.98,-87.54,3;58,Adams,54049,5335;365854,327888;8743
46202,IN,48,,01/30/2013,40.83,-84.92,3;63,Fulton,54049,0,347527;8689
46556,IN,50,500000,3-8-2010,41.06,-86.19,4;02,Monroe,0,10000,400901;6393
46032,IN,50,,2-1-2012,39.16,-86.52,4;02,Monroe,48193,0,400901;6393
47660,IN,56;5,,06/26/2014,39.16,-86.52,4,Monroe,47053,0,450765;0273
46226,IN,57,,6-12-2012,39.16,-86.52,4,Monroe,54049,0,454754;0984
46227,IN,59;52,,09/16/2011,39.16,-86.52,3;65,Porter,54049,0,433308;8525
46368,IN,61,,11/15/2013,41.47,-87.05,3;65,Porter,18127,0,444083;3333
47404,IN,63;5,,06/21/2012,41.47,-87.05,4;02,Monroe,55081,0,509145;082
47404,IN,63;75,,03/31/2012,39.16,-86.52,4;02,Monroe,55081,0,511149;5902
46405,IN,72;52,,12/21/2011,39.16,-86.52,4;02,Monroe,47095,0,581467;7377
46601,IN,93,,8-2-2010,39.16,-86.52,3;65,Porter,0,0,677045;082
46637,IN,93,,10/14/2010,41.47,-87.05,3;63,Fulton,0,0,673335;2459
47955,IN,98;4,,10-10-2014,41.06,-86.19,4;11,Warrick,51121,0,806638;0328
46241,IN,99;96,,2-7-2011,37.94,-87.40,4;11,Warrick,54049,0,819426;1967
46241,IN,100,,06/21/2011,37.94,-87.40,3;59,Noble,54049,0,716038;2514
46221,IN,108,,05/15/2013,41.39,-85.41,3;88,Marion,54049,0,835790;1639
46225,IN,109;2,,10/15/2013,39.77,-86.14,3;88,Marion,54049,0,845076;7213
46218,IN,109;2,,10/21/2013,39.77,-86.14,3;88,Marion,54049,0,845076;7213
46205,IN,109;98,,9-7-2012,39.77,-86.14,3;55,St Joseph,54049,0,778724;5082
46041,IN,144,,12-1-2013,41.70,-86.24,0,0,42035,0,0
46131,IN,186;4,,6-1-2011,0,0,3;86,Hamilton,56019,0,1435076;284
46237,IN,200,,02/26/2014,39.96,-86.10,4;11,Gibson,54049,0,1639508;197
46553,IN,375,,01/14/2013,38.34,-87.34,3;87,Marion,18039,0,2894569;672
46241,IN,524;16,,05/21/2013,39.77,-86.14,3;92,Marion,54049,0,4098186;492
46526,IN,627;44,,6-12-2013,39.77,-86.14,3;63,Porter,18039,0,4542768;459
46349,IN,650,,11/18/2013,41.58,-87.18,4;01,Monroe,48351,0,5198756;831
46222,IN,750,,10/28/2013,39.16,-86.52,4;01,Monroe,54049,0,5998565;574
47374,IN,1000,2600000,08/22/2014,39.16,-86.52,3;71,Lake,54099,2600,7399726;776
46222,IN,1000,,06/21/2013,41.57,-87.26,3;6,St Joseph,54049,0,7180327;869
46249,IN,1800,,06/21/2010,41.67,-86.26,0,0,54049,0,0
46249,IN,2012,,04/29/2011,0,0,3;57,St Joseph,54049,0,14326429;51
46319,IN,2692;8,10500000,08/22/2013,41.67,-86.26,0,0,47095,3899;286988,0
46320,IN,2692;8,10500000,08/22/2013,0,0,3;82,Montgomery,47095,3899;286988,20516781;64
46214,IN,3102,,4-9-2014,40.19,-86.90,3;92,Marion,54049,0,24253232;79
46214,IN,3189,,08/19/2014,39.77,-86.14,3;92,Marion,54049,0,24933449;18
46222,IN,9000,,7-7-1909,39.77,-86.14,3;92,Marion,54049,0,70367213;11
46241,IN,9375,,12/22/2014,39.77,-86.14,3;88,Marion,54049,0,72551229;51
46241,IN,10860,,3-5-2014,39.77,-86.14,3;88,Marion,54049,0,84043344;26
46222,IN,11204;49,,06/30/2014,39.77,-86.14,3;88,Marion,54049,0,86709282;72
46221,IN,11275;2,,12/16/2013,39.77,-86.14,3;76,Clinton,54049,0,84557838;69
46241,IN,12500,,06/21/2013,40.28,-86.51,3;96,Johnson,54049,0,98729508;2
46241,IN,12569,,10-3-2013,39.49,-86.05,3;92,Marion,54049,0,98271722;4
46259,IN,26208;8,,12/16/2013,39.77,-86.14,3;58,Elkhart,54049,0,187142289;4
