Zipcode,State,Size,Cost,Date,Latitude,Longitude,Solar Radiation - Annual Average (kWh/m2/day),County,INCITS,Cost/size
3570,NH,0;345,3140,9-1-2010,44.48,-71.25,3;63,Coos,41011,9101;449275
3450,NH,0;4,919;5,09/28/2009,42.95,-72.10,3;8,Cheshire,33005,2298;75
3750,NH,0;4,3095,5-1-2010,43.71,-72.19,3;65,Grafton,33009,7737;5
3450,NH,0;4,1839,09/28/2009,42.95,-72.10,3;8,Cheshire,33005,4597;5
3449,NH,0;42,1260,08/28/2009,42.96,-71.98,3;89,Hillsborough,33011,3000
3449,NH,0;42,7752;08,08/28/2009,42.96,-71.98,3;89,Hillsborough,33011,18457;33333
3827,NH,0;47,4447;66,07/14/2010,42.92,-71.01,3;97,Rockingham,51165,9463;106383
3244,NH,0;49,2419,10-8-2012,43.12,-71.92,3;9,Hillsborough,33011,4936;734694
3215,NH,0;51,4654,12-1-2012,43.95,-71.50,3;89,Grafton,33009,9125;490196
3602,NH,0;52,1560,3-1-2009,43.15,-72.36,3;65,Cheshire,33005,3000
3602,NH,0;52,8210,3-1-2009,43.15,-72.36,3;65,Cheshire,33005,15788;46154
3280,NH,0;59,3497,11/13/2013,43.17,-72.09,3;82,Sullivan,47163,5927;118644
3592,NH,0;6,1800,09/30/2009,45.05,-71.39,3;34,Coos,41011,3000
3592,NH,0;6,5097,09/30/2009,45.05,-71.39,3;34,Coos,41011,8495
3768,NH,0;68,2040,1-9-2009,43.80,-72.15,3;68,Grafton,33009,3000
3583,NH,0;7,2100,7-10-2009,44.41,-71.47,3;53,Coos,41011,3000
3583,NH,0;7,5313,7-10-2009,44.41,-71.47,3;53,Coos,41011,7590
3580,NH,0;72,4937;9,4-3-2012,44.22,-71.74,3;61,Grafton,33009,6858;194444
3570,NH,0;72,5500,10/17/2012,44.48,-71.25,3;63,Coos,41011,7638;888889
3752,NH,0;738,2214,09/28/2008,43.30,-72.14,3;77,Sullivan,47163,3000
3752,NH,0;738,7626;6,09/28/2008,43.30,-72.14,3;77,Sullivan,47163,10334;14634
3244,NH,0;81,2430,7-3-2009,43.12,-71.92,3;9,Hillsborough,33011,3000
3244,NH,0;81,5944,7-3-2009,43.12,-71.92,3;9,Hillsborough,33011,7338;271605
3825,NH,0;9,12000,11/15/1997,43.22,-71.04,4;04,Strafford,33017,13333;33333
3458,NH,0;9,5699,07/30/2012,42.87,-71.96,3;92,Hillsborough,33011,6332;222222
3773,NH,0;92,2760,05/20/2009,43.37,-72.17,3;76,Sullivan,47163,3000
3773,NH,0;92,14850,05/20/2009,43.37,-72.17,3;76,Sullivan,47163,16141;30435
3229,NH,0;94,5376,10/21/2011,43.22,-71.71,3;94,Merrimack,33013,5719;148936
3570,NH,0;94,11136,6-1-2012,44.48,-71.25,3;63,Coos,41011,11846;80851
3581,NH,0;96,1823;15,10/20/2008,44.39,-71.18,3;6,Coos,41011,1899;114583
3581,NH,0;96,3646;3,10/20/2008,44.39,-71.18,3;6,Coos,41011,3798;229167
3046,NH,0;96,6478,5-1-2012,43.10,-71.59,3;97,Merrimack,33013,6747;916667
3290,NH,1,17578,02/25/2010,43.11,-71.10,4;04,Rockingham,51165,17578
3259,NH,1,9000,08/31/2010,43.86,-71.38,3;91,Carroll,51035,9000
3447,NH,1,6255,4-1-2011,42.78,-72.15,3;77,Cheshire,33005,6255
3227,NH,1,9000,08/31/2010,43.83,-71.47,3;87,Carroll,51035,9000
3266,NH,1;02,3060,09/24/2009,43.80,-71.81,3;78,Grafton,33009,3000
3266,NH,1;02,19199,09/24/2009,43.80,-71.81,3;78,Grafton,33009,18822;54902
3824,NH,1;05,3150,5-4-2009,43.13,-70.92,4;03,Strafford,33017,3000
3237,NH,1;05,15033,12-1-2009,43.42,-71.41,4;02,Belknap,33001,14317;14286
3824,NH,1;05,10579,5-4-2009,43.13,-70.92,4;03,Strafford,33017,10075;2381
3766,NH,1;05,6000,12-7-2012,43.63,-72.25,3;68,Grafton,33009,5714;285714
3825,NH,1;1,3400,10-6-2006,43.22,-71.04,4;04,Strafford,33017,3090;909091
3841,NH,1.125,10850,1-1-2011,42.87,-71.18,4;04,Rockingham,51165,9;644444444
3102,NH,1.152,7360,10-10-2012,42.99,-71.45,3;96,Hillsborough,33011,6;388888889
3264,NH,1.175,7091,8-1-2013,43.73,-71.69,3;81,Grafton,33009,6;034893617
3444,NH,1;2,7712,5-1-2010,42.91,-72.06,3;85,Cheshire,33005,6426;666667
3045,NH,1;2,17944,09/17/2010,43.01,-71.60,3;96,Hillsborough,33011,14953;33333
3450,NH,1.225,7890,09/17/2010,42.95,-72.10,3;8,Cheshire,33005,6;440816327
3278,NH,1;23,,12-1-2009,43.28,-71.81,3;94,Merrimack,33013,0
3062,NH,1.302,3675,9-4-2008,42.74,-71.49,3;83,Hillsborough,33011,2;822580645
3062,NH,1.302,7350,9-4-2008,42.74,-71.49,3;83,Hillsborough,33011,5;64516129
3264,NH,1;32,3960,10-8-2009,43.73,-71.69,3;81,Grafton,33009,3000
3743,NH,1;32,6487,04/30/2010,43.37,-72.33,3;68,Sullivan,47163,4914;393939
3253,NH,1;35,12150,12-1-2010,43.65,-71.50,3;89,Belknap,33001,9000
3590,NH,1;35,13277;42,12-1-2011,44.76,-71.58,3;55,Coos,41011,9835;125926
3592,NH,1;35,5625;7,3-1-2012,45.05,-71.39,3;34,Coos,41011,4167;185185
3601,NH,1;36,4080,07/29/2009,43.21,-72.29,3;69,Sullivan,47163,3000
3601,NH,1;36,12920,07/29/2009,43.21,-72.29,3;69,Sullivan,47163,9500
3816,NH,1.365,15571;51,12/20/2010,43.71,-71.25,3;95,Carroll,51035,11;40769963
3458,NH,1;38,8590,9-1-2010,42.87,-71.96,3;92,Hillsborough,33011,6224;637681
3768,NH,1;38,12462,07/28/2010,43.80,-72.15,3;68,Grafton,33009,9030;434783
3768,NH,1;38,11500,09/30/2010,43.80,-72.15,3;68,Grafton,33009,8333;333333
3281,NH,1;4,4200,2-12-2009,43.10,-71.73,3;93,Hillsborough,33011,3000
3076,NH,1;4,16300,09/30/2010,42.73,-71.31,3;85,Hillsborough,33011,11642;85714
3281,NH,1;4,12139;35,2-12-2009,43.10,-71.73,3;93,Hillsborough,33011,8670;964286
3220,NH,1;41,7590,12/15/2012,43.44,-71.47,3;95,Belknap,33001,5382;978723
3768,NH,1;44,4320,10-4-2008,43.80,-72.15,3;68,Grafton,33009,3000
3602,NH,1;44,18705,10-1-2010,43.15,-72.36,3;65,Cheshire,33005,12989;58333
3768,NH,1;44,12929;03,10-4-2008,43.80,-72.15,3;68,Grafton,33009,8978;493056
3087,NH,1;5,4500,09/29/2009,42.80,-71.30,3;93,Rockingham,51165,3000
3873,NH,1;5,4500,09/25/2009,42.92,-71.18,4;05,Rockingham,51165,3000
3825,NH,1;5,5172,7-5-2013,43.22,-71.04,4;04,Strafford,33017,3448
3087,NH,1;5,11987,09/29/2009,42.80,-71.30,3;93,Rockingham,51165,7991;333333
3873,NH,1;5,12375,09/25/2009,42.92,-71.18,4;05,Rockingham,51165,8250
3561,NH,1;52,4500,08/20/2008,44.31,-71.76,3;61,Grafton,33009,2960;526316
3561,NH,1;52,17680,08/20/2008,44.31,-71.76,3;61,Grafton,33009,11631;57895
3221,NH,1;56,13880,3-1-2013,43.27,-71.96,3;86,Merrimack,33013,8897;435897
3301,NH,1;56,9352,10-1-2013,43.23,-71.56,3;96,Merrimack,33013,5994;871795
3264,NH,1;6,2549;5,9-2-2009,43.73,-71.69,3;81,Grafton,33009,1593;4375
3264,NH,1;6,5099,9-2-2009,43.73,-71.69,3;81,Grafton,33009,3186;875
3280,NH,1;62,4860,7-11-2009,43.17,-72.09,3;82,Sullivan,47163,3000
3280,NH,1;62,18674,7-11-2009,43.17,-72.09,3;82,Sullivan,47163,11527;16049
3748,NH,1;68,13856,8-1-2010,43.64,-72.14,3;74,Grafton,33009,8247;619048
3226,NH,1;7,5100,11/15/2008,43.70,-71.22,3;82,Belknap,33001,3000
3856,NH,1;7,5100,09/24/2009,43.03,-70.93,4;01,Rockingham,51165,3000
3254,NH,1;7,17100,11/15/2008,43.75,-71.39,3;82,Carroll,51035,10058;82353
3856,NH,1;7,13400;92,09/24/2009,43.03,-70.93,4;01,Rockingham,51165,7882;894118
3857,NH,1;72,8024;37,9-1-2012,43.07,-70.94,4,Rockingham,51165,4665;331395
3741,NH,1;75,5250,08/30/2008,43.64,-72.01,3;79,Grafton,33009,3000
3465,NH,1;75,5250,09/29/2009,42.83,-72.18,3;75,Cheshire,33005,3000
3741,NH,1;75,20588,08/30/2008,43.64,-72.01,3;79,Grafton,33009,11764;57143
3465,NH,1;75,16105;44,09/29/2009,42.83,-72.18,3;75,Cheshire,33005,9203;108571
3049,NH,1.755,5265,07/31/2008,42.73,-71.58,3;87,Hillsborough,33011,3
3049,NH,1.755,16000,07/31/2008,42.73,-71.58,3;87,Hillsborough,33011,9;116809117
3602,NH,1;76,9810,9-10-2010,43.15,-72.36,3;65,Cheshire,33005,5573;863636
3103,NH,1;8,5400,07/18/2009,42.99,-71.45,3;89,Hillsborough,33011,3000
3462,NH,1;8,5400,09/29/2009,42.90,-72.40,3;66,Cheshire,33005,3000
3087,NH,1;8,14904,09/15/2010,42.80,-71.30,3;93,Rockingham,51165,8280
3103,NH,1;8,16650,07/18/2009,42.99,-71.45,3;89,Hillsborough,33011,9250
3462,NH,1;8,13700,09/29/2009,42.90,-72.40,3;66,Cheshire,33005,7611;111111
3872,NH,1;82,9285,04/13/2012,43.56,-71.01,4;08,Carroll,51035,5101;648352
3266,NH,1;84,10240;53,07/29/2011,43.80,-71.81,3;78,Grafton,33009,5565;505435
3458,NH,1;84,11325,9-1-2010,42.87,-71.96,3;92,Hillsborough,33011,6154;891304
3045,NH,1;88,15950,12/18/2009,43.01,-71.60,3;96,Hillsborough,33011,8484;042553
3082,NH,1;9,16910,05/30/2009,42.90,-71.75,3;98,Hillsborough,33011,8900
3082,NH,1;9,5700,05/30/2009,42.90,-71.75,3;98,Hillsborough,33011,3000
3269,NH,1;9,20872;5,12-11-2009,43.48,-71.58,3;92,Belknap,33001,10985;52632
3221,NH,1;92,8190,10-1-2012,43.27,-71.96,3;86,Merrimack,33013,4265;625
3245,NH,1;92,28759;25,01/20/2012,43.73,-71.58,3;83,Grafton,33009,14978;77604
3462,NH,1;92,13354,8-2-2010,42.90,-72.40,3;66,Cheshire,33005,6955;208333
3457,NH,1.935,19318,07/29/2010,42.99,-72.12,3;82,Cheshire,33005,9;983462532
3450,NH,1.935,19318,07/29/2010,42.95,-72.10,3;8,Cheshire,33005,9;983462532
3253,NH,1;95,5850,11-12-2008,43.65,-71.50,3;89,Belknap,33001,3000
3253,NH,1;95,14268;4,11-12-2008,43.65,-71.50,3;89,Belknap,33001,7317;128205
3051,NH,1.962,16126,6-1-2012,42.76,-71.43,3;87,Hillsborough,33011,8;219164118
3824,NH,2,6000,6-1-2009,43.13,-70.92,4;03,Strafford,33017,3000
3223,NH,2,6000,05/15/2009,43.86,-71.63,3;81,Grafton,33009,3000
3603,NH,2,6000,07/22/2009,43.23,-72.42,3;66,Sullivan,47163,3000
3038,NH,2,6000,01/22/2009,42.89,-71.28,3;97,Rockingham,51165,3000
3603,NH,2,6000,07/20/2008,43.23,-72.42,3;66,Sullivan,47163,3000
3824,NH,2,13000,6-1-2009,43.13,-70.92,4;03,Strafford,33017,6500
3042,NH,2,16510,06/30/2010,43.03,-71.07,4;03,Rockingham,51165,8255
3301,NH,2,13700,9-1-2010,43.23,-71.56,3;96,Merrimack,33013,6850
3873,NH,2,18900,09/19/2010,42.92,-71.18,4;05,Rockingham,51165,9450
3042,NH,2,6500,10/19/2011,43.03,-71.07,4;03,Rockingham,51165,3250
3431,NH,2,9225,10/20/2012,42.95,-72.29,3;68,Cheshire,33005,4612;5
3216,NH,2,12752,7-1-2013,43.43,-71.82,3;92,Merrimack,33013,6376
3824,NH,2,14151,6-1-2009,43.13,-70.92,4;03,Strafford,33017,7075;5
3223,NH,2,19322;81,05/15/2009,43.86,-71.63,3;81,Grafton,33009,9661;405
3603,NH,2,16000,07/22/2009,43.23,-72.42,3;66,Sullivan,47163,8000
3038,NH,2,17000,01/22/2009,42.89,-71.28,3;97,Rockingham,51165,8500
3603,NH,2,16000,07/20/2008,43.23,-72.42,3;66,Sullivan,47163,8000
3280,NH,2,18000,11/15/2009,43.17,-72.09,3;82,Sullivan,47163,9000
3253,NH,2,15500,11/13/2009,43.65,-71.50,3;89,Belknap,33001,7750
3602,NH,2,24791,12/25/2009,43.15,-72.36,3;65,Cheshire,33005,12395;5
3605,NH,2,12020,07/15/2010,43.23,-72.21,3;79,Sullivan,47163,6010
3077,NH,2,16510,06/30/2010,43.03,-71.17,4;05,Rockingham,51165,8255
3284,NH,2,10738,7-9-2010,43.49,-72.03,3;8,Sullivan,47163,5369
3301,NH,2,13299,08/27/2010,43.23,-71.56,3;96,Merrimack,33013,6649;5
3304,NH,2,12005,10/13/2010,43.13,-71.54,3;97,Merrimack,33013,6002;5
3854,NH,2.016,24000,07/30/2010,43.05,-70.72,3;89,Rockingham,51165,11;9047619
3458,NH,2.016,13958,07/29/2010,42.87,-71.96,3;92,Hillsborough,33011,6;923611111
3605,NH,2.025,12020,07/15/2010,43.23,-72.21,3;79,Sullivan,47163,5;935802469
3062,NH,2.025,11950,08/25/2010,42.74,-71.49,3;83,Hillsborough,33011,5;901234568
3882,NH,2.025,23538,09/27/2010,43.71,-71.00,4;07,Carroll,51035,11;6237037
3431,NH,2.025,18750,08/21/2010,42.95,-72.29,3;68,Cheshire,33005,9;259259259
1827,NH,2.025,11950,08/25/2010,42.66,-71.48,3;84,Middlesex,51119,5;901234568
3245,NH,2;04,6000,8-6-2008,43.73,-71.58,3;83,Grafton,33009,2941;176471
3848,NH,2;04,6000,08/21/2008,42.93,-71.05,4;01,Rockingham,51165,2941;176471
3225,NH,2;04,6000,09/18/2009,43.33,-71.23,4;09,Belknap,33001,2941;176471
3216,NH,2;04,18667,11/13/2009,43.43,-71.82,3;92,Merrimack,33013,9150;490196
3245,NH,2;04,21652,8-6-2008,43.73,-71.58,3;83,Grafton,33009,10613;72549
3462,NH,2;04,18386,8-10-2012,42.90,-72.40,3;66,Cheshire,33005,9012;745098
3060,NH,2;04,9254,11-1-2013,42.74,-71.49,3;86,Hillsborough,33011,4536;27451
3848,NH,2;04,18348,08/21/2008,42.93,-71.05,4;01,Rockingham,51165,8994;117647
3225,NH,2;04,16874,09/18/2009,43.33,-71.23,4;09,Belknap,33001,8271;568627
3249,NH,2;05,6000,05/21/2009,43.53,-71.38,3;91,Belknap,33001,2926;829268
3256,NH,2;05,5375,09/24/2009,43.60,-71.65,3;87,Belknap,33001,2621;95122
3246,NH,2;05,6000,09/23/2009,43.56,-71.48,3;88,Belknap,33001,2926;829268
3241,NH,2;05,6000,09/14/2009,43.69,-71.80,3;82,Grafton,33009,2926;829268
3227,NH,2;05,6000,09/30/2009,43.83,-71.47,3;87,Carroll,51035,2926;829268
3602,NH,2;05,22212,11/15/2009,43.15,-72.36,3;65,Cheshire,33005,10835;12195
3032,NH,2;05,19000,1-1-2013,43.00,-71.34,3;99,Rockingham,51165,9268;292683
3249,NH,2;05,16828,05/21/2009,43.53,-71.38,3;91,Belknap,33001,8208;780488
3256,NH,2;05,10750,09/24/2009,43.60,-71.65,3;87,Belknap,33001,5243;902439
3076,NH,2;05,11245,9-8-2009,42.73,-71.31,3;85,Hillsborough,33011,5485;365854
3246,NH,2;05,14750,09/23/2009,43.56,-71.48,3;88,Belknap,33001,7195;121951
3241,NH,2;05,12000,09/14/2009,43.69,-71.80,3;82,Grafton,33009,5853;658537
3227,NH,2;05,16000,09/30/2009,43.83,-71.47,3;87,Carroll,51035,7804;878049
3076,NH,2;05,5622;5,9-8-2009,42.73,-71.31,3;85,Hillsborough,33011,2742;682927
3590,NH,2;07,21000,9-1-2010,44.76,-71.58,3;55,Coos,41011,10144;92754
3458,NH,2;07,11325,9-1-2010,42.87,-71.96,3;92,Hillsborough,33011,5471;014493
3458,NH,2;07,13812,09/30/2010,42.87,-71.96,3;92,Hillsborough,33011,6672;463768
3458,NH,2;07,12450,09/30/2010,42.87,-71.96,3;92,Hillsborough,33011,6014;492754
3458,NH,2;07,12450,09/30/2010,42.87,-71.96,3;92,Hillsborough,33011,6014;492754
3458,NH,2;07,12450,09/30/2010,42.87,-71.96,3;92,Hillsborough,33011,6014;492754
3458,NH,2;07,12450,09/30/2010,42.87,-71.96,3;92,Hillsborough,33011,6014;492754
3458,NH,2;07,12450,09/30/2010,42.87,-71.96,3;92,Hillsborough,33011,6014;492754
3458,NH,2;07,12450,09/30/2010,42.87,-71.96,3;92,Hillsborough,33011,6014;492754
3458,NH,2;07,8590,09/30/2010,42.87,-71.96,3;92,Hillsborough,33011,4149;758454
3082,NH,2;07,12450,9-1-2010,42.90,-71.75,3;98,Hillsborough,33011,6014;492754
3049,NH,2;07,11931,12-12-2010,42.73,-71.58,3;87,Hillsborough,33011,5763;768116
3106,NH,2;07,14000,09/17/2010,43.09,-71.45,4;01,Merrimack,33013,6763;285024
3046,NH,2;07,13104,11-1-2010,43.10,-71.59,3;97,Merrimack,33013,6330;434783
3842,NH,2;07,11064,06/30/2011,42.94,-70.82,3;95,Rockingham,51165,5344;927536
3824,NH,2;07,16200,10/24/2009,43.13,-70.92,4;03,Strafford,33017,7826;086957
3605,NH,2;07,14095,10-5-2010,43.23,-72.21,3;79,Sullivan,47163,6809;178744
3561,NH,2;08,6000,08/20/2008,44.31,-71.76,3;61,Grafton,33009,2884;615385
3576,NH,2;08,6000,07/14/2008,44.89,-71.49,3;5,Coos,41011,2884;615385
3561,NH,2;08,18780,08/20/2008,44.31,-71.76,3;61,Grafton,33009,9028;846154
3576,NH,2;08,16375,07/14/2008,44.89,-71.49,3;5,Coos,41011,7872;596154
3226,NH,2;1,6000,8-1-2008,43.70,-71.22,3;82,Belknap,33001,2857;142857
3275,NH,2;1,6000,07/21/2009,43.13,-71.45,4;01,Merrimack,33013,2857;142857
3222,NH,2;1,6000,11/25/2008,43.60,-71.74,3;88,Grafton,33009,2857;142857
3063,NH,2;1,6000,01/27/2009,42.74,-71.49,3;85,Hillsborough,33011,2857;142857
3820,NH,2;1,6000,7-8-2008,43.19,-70.87,4;06,Strafford,33017,2857;142857
3077,NH,2;1,6000,09/29/2009,43.03,-71.17,4;05,Rockingham,51165,2857;142857
3743,NH,2;1,6000,3-9-2009,43.37,-72.33,3;68,Sullivan,47163,2857;142857
3773,NH,2;1,6000,09/28/2009,43.37,-72.17,3;76,Sullivan,47163,2857;142857
3752,NH,2;1,6000,09/25/2009,43.30,-72.14,3;77,Sullivan,47163,2857;142857
3603,NH,2;1,6000,09/30/2009,43.23,-72.42,3;66,Sullivan,47163,2857;142857
3285,NH,2;1,17367,10/20/2010,43.93,-71.62,3;81,0,0,8270
3285,NH,2;1,17995,10/22/2010,0,0,0,0,0,8569;047619
3266,NH,2;1,17995,10/22/2010,43.93,-71.62,3;81,Grafton,33009,8569;047619
3257,NH,2;1,12338,12/31/2010,0,0,0,Merrimack,33013,5875;238095
3106,NH,2;1,18200,09/15/2010,43.80,-71.81,3;78,Merrimack,33013,8666;666667
3226,NH,2;1,22012,8-1-2008,43.41,-71.98,3;85,Belknap,33001,10481;90476
3275,NH,2;1,12218,07/21/2009,43.09,-71.45,4;01,Merrimack,33013,5818;095238
3222,NH,2;1,15230,11/25/2008,43.70,-71.22,3;82,Grafton,33009,7252;380952
3063,NH,2;1,26840,01/27/2009,43.13,-71.45,4;01,Hillsborough,33011,12780;95238
3820,NH,2;1,21983,7-8-2008,43.60,-71.74,3;88,Strafford,33017,10468;09524
3077,NH,2;1,26527,09/29/2009,42.74,-71.49,3;85,Rockingham,51165,12631;90476
3743,NH,2;1,19653,3-9-2009,43.19,-70.87,4;06,Sullivan,47163,9358;571429
3773,NH,2;1,16500,09/28/2009,43.03,-71.17,4;05,Sullivan,47163,7857;142857
3752,NH,2;1,16500,09/25/2009,43.37,-72.33,3;68,Sullivan,47163,7857;142857
3603,NH,2;1,16400,09/30/2009,43.37,-72.17,3;76,Sullivan,47163,7809;52381
3264,NH,2;1,15141,12-1-2009,43.30,-72.14,3;77,Grafton,33009,7210
3467,NH,2;1,10433;44,11/13/2009,43.23,-72.42,3;66,Cheshire,33005,4968;304762
3743,NH,2;1,16550,11/24/2009,43.73,-71.69,3;81,Sullivan,47163,7880;952381
3037,NH,2;1,17375,12/28/2009,42.96,-72.45,3;6,Rockingham,51165,8273;809524
3605,NH,2;1,16029,5-4-2010,43.37,-72.33,3;68,Sullivan,47163,7632;857143
3603,NH,2;1,16000,9-2-2009,43.14,-71.21,4;06,Sullivan,47163,7619;047619
3276,NH,2;1,12650,6-1-2010,43.23,-72.21,3;79,Belknap,33001,6023;809524
3601,NH,2;1,16500,5-6-2010,43.23,-72.42,3;66,Sullivan,47163,7857;142857
3583,NH,2;1,12000,7-1-2010,43.44,-71.58,3;97,Coos,41011,5714;285714
3450,NH,2;1,12414,07/25/2010,43.21,-72.29,3;69,Cheshire,33005,5911;428571
3862,NH,2;1,17500,07/24/2010,44.41,-71.47,3;53,Rockingham,51165,8333;333333
3222,NH,2;1,13188,10/29/2010,42.95,-72.10,3;8,Grafton,33009,6280
3844,NH,2.108,6000,9-2-2009,42.97,-70.83,3;94,Rockingham,51165,2;84629981
3844,NH,2.108,16000,9-2-2009,43.60,-71.74,3;88,Rockingham,51165,7;590132827
3444,NH,2.115,13872;29,6-1-2010,42.91,-70.86,3;99,Cheshire,33005,6;559002364
3461,NH,2.115,24178,07/23/2010,42.91,-70.86,3;99,Cheshire,33005,11;43167849
3582,NH,2.115,15000,10-10-2010,42.91,-72.06,3;85,Coos,41011,7;092198582
3241,NH,2.115,20474,11/18/2011,42.75,-72.01,3;82,Grafton,33009,9;680378251
3287,NH,2.115,24815,01/31/2014,44.59,-71.51,3;57,Merrimack,33013,11;73286052
3455,NH,2.115,15571,03/29/2010,43.69,-71.80,3;82,Cheshire,33005,7;362174941
3044,NH,2.115,13000,11/30/2010,43.45,-71.91,3;89,Rockingham,51165,6;146572104
3264,NH,2.115,14958,10-1-2010,42.90,-72.21,3;72,Grafton,33009,7;072340426
3037,NH,2.115,23077,6-1-2012,42.99,-71.14,4;03,Rockingham,51165,10;91111111
3851,NH,2;15,18250,5-5-2011,43.73,-71.69,3;81,Strafford,33017,8488;372093
3287,NH,2;15,17072;97,08/23/2011,43.14,-71.21,4;06,Merrimack,33013,7940;916279
3079,NH,2;16,,9-5-2008,43.40,-70.98,4;1,Rockingham,51165,0
3077,NH,2;16,6000,8-5-2009,43.45,-71.91,3;89,Rockingham,51165,2777;777778
3033,NH,2;16,6000,6-1-2009,42.78,-71.20,3;96,Hillsborough,33011,2777;777778
3054,NH,2;16,6000,09/30/2009,43.03,-71.17,4;05,Hillsborough,33011,2777;777778
3235,NH,2;16,12557,10/23/2009,42.73,-71.66,3;95,Merrimack,33013,5813;425926
3246,NH,2;16,25000,8-1-2013,42.86,-71.48,3;87,Belknap,33001,11574;07407
3077,NH,2;16,18350,8-5-2009,43.45,-71.66,3;95,Rockingham,51165,8495;37037
3033,NH,2;16,17268,6-1-2009,43.56,-71.48,3;88,Hillsborough,33011,7994;444444
3054,NH,2;16,19368,09/30/2009,43.03,-71.17,4;05,Hillsborough,33011,8966;666667
3276,NH,2;16,12557,10/23/2009,42.73,-71.66,3;95,Belknap,33001,5813;425926
3839,NH,2;16,15155,11/23/2009,42.86,-71.48,3;87,Strafford,33017,7016;203704
3259,NH,2.176,15000,12/30/2009,43.44,-71.58,3;97,Carroll,51035,6;893382353
3820,NH,2.178,6000,9-3-2009,43.30,-70.97,4;07,Strafford,33017,2;754820937
3820,NH,2.178,16830,9-3-2009,43.86,-71.38,3;91,Strafford,33017,7;727272727
3259,NH,2;2,14500,11/15/2009,43.19,-70.87,4;06,Carroll,51035,6590;909091
3110,NH,2;2,13050,4-12-2010,43.19,-70.87,4;06,Hillsborough,33011,5931;818182
3602,NH,2;2,19840,4-1-2010,43.86,-71.38,3;91,Cheshire,33005,9018;181818
3227,NH,2;2,13500,04/28/2010,42.95,-71.50,3;91,Carroll,51035,6136;363636
3227,NH,2;2,15900,05/20/2010,43.15,-72.36,3;65,Carroll,51035,7227;272727
3038,NH,2;24,6000,09/19/2008,43.83,-71.47,3;87,Rockingham,51165,2678;571429
3038,NH,2;24,22730,09/19/2008,43.83,-71.47,3;87,Rockingham,51165,10147;32143
3576,NH,2;24,15654,12/15/2009,42.89,-71.28,3;97,Coos,41011,6988;392857
3755,NH,2;25,15495,07/21/2010,42.89,-71.28,3;97,Grafton,33009,6886;666667
3053,NH,2;25,17995,10/22/2010,44.89,-71.49,3;5,Rockingham,51165,7997;777778
3038,NH,2;25,19320,04/15/2011,43.70,-72.27,3;68,Rockingham,51165,8586;666667
3458,NH,2;25,17900,7-8-2011,42.85,-71.36,3;89,Hillsborough,33011,7955;555556
3801,NH,2;25,17200,10-7-2011,42.89,-71.28,3;97,Rockingham,51165,7644;444444
3750,NH,2;25,15495,07/21/2010,42.87,-71.96,3;92,Grafton,33009,6886;666667
3461,NH,2;28,6000,7-10-2009,43.05,-70.78,4;02,Cheshire,33005,2631;578947
3449,NH,2;28,6000,5-8-2009,43.71,-72.19,3;65,Hillsborough,33011,2631;578947
3743,NH,2;28,6000,8-4-2009,42.75,-72.01,3;82,Sullivan,47163,2631;578947
3461,NH,2;28,19200,7-10-2009,42.96,-71.98,3;89,Cheshire,33005,8421;052632
3449,NH,2;28,24750,5-8-2009,43.37,-72.33,3;68,Hillsborough,33011,10855;26316
3743,NH,2;28,21490,8-4-2009,42.75,-72.01,3;82,Sullivan,47163,9425;438596
3824,NH,2;28,15860,12/31/2009,42.96,-71.98,3;89,Strafford,33017,6956;140351
3580,NH,2;3,17135,01/15/2010,43.37,-72.33,3;68,Grafton,33009,7450
3576,NH,2;3,12508,5-1-2010,43.13,-70.92,4;03,Coos,41011,5438;26087
3593,NH,2;3,12508,09/15/2010,44.22,-71.74,3;61,0,0,5438;26087
3304,NH,2;3,13408,9-1-2010,44.89,-71.49,3;5,Merrimack,33013,5829;565217
3868,NH,2;3,13581,11-1-2010,44.37,-71.25,3;47,Strafford,33017,5904;782609
3278,NH,2;3,12420,03/19/2010,0,0,0,Merrimack,33013,5400
3582,NH,2;3,12508,5-1-2010,43.13,-71.54,3;97,Coos,41011,5438;26087
3576,NH,2;3,13744,5-1-2010,43.30,-70.97,4;09,Coos,41011,5975;652174
3857,NH,2;3,13638,6-1-2010,43.28,-71.81,3;94,Rockingham,51165,5929;565217
3823,NH,2;3,18000,04/17/2010,44.59,-71.51,3;57,0,0,7826;086957
3576,NH,2;3,12000,7-1-2010,44.89,-71.49,3;5,Coos,41011,5217;391304
3576,NH,2;3,18949,8-1-2010,43.07,-70.94,4,Coos,41011,8238;695652
3581,NH,2;3,12508,09/15/2010,43.17,-70.93,4;05,Coos,41011,5438;26087
3855,NH,2;3,13776,11/30/2010,0,0,0,Strafford,33017,5989;565217
3840,NH,2;3,14771,1-1-2012,44.89,-71.49,3;5,Rockingham,51165,6422;173913
3223,NH,2;3,8712;03,9-1-2012,44.89,-71.49,3;5,Grafton,33009,3787;83913
3582,NH,2;35,12050,09/30/2010,44.39,-71.18,3;6,Coos,41011,5127;659574
3264,NH,2;38,6000,11/24/2008,43.43,-71.17,4;13,Grafton,33009,2521;008403
3240,NH,2;38,6000,12/14/2008,43.03,-70.83,4,Grafton,33009,2521;008403
3037,NH,2;38,6000,09/17/2009,43.86,-71.63,3;81,Rockingham,51165,2521;008403
3223,NH,2;38,20830,11/24/2008,44.59,-71.51,3;57,Grafton,33009,8752;10084
3240,NH,2;38,18598,12/14/2008,43.73,-71.69,3;81,Grafton,33009,7814;285714
3037,NH,2;38,17780,09/17/2009,43.55,-71.94,3;85,Rockingham,51165,7470;588235
3768,NH,2;4,6000,09/17/2009,43.14,-71.21,4;06,Grafton,33009,2500
3779,NH,2;4,6000,08/27/2009,43.86,-71.63,3;81,Grafton,33009,2500
3870,NH,2;4,17794,12-9-2010,43.55,-71.94,3;85,Rockingham,51165,7414;166667
3768,NH,2;4,17464,09/17/2009,43.14,-71.21,4;06,Grafton,33009,7276;666667
3276,NH,2;4,17850,09/29/2009,43.80,-72.15,3;68,Belknap,33001,7437;5
3779,NH,2;4,17323,08/27/2009,43.96,-72.08,3;62,Grafton,33009,7217;916667
3276,NH,2;4,6000,09/29/2009,43.01,-70.77,3;93,Belknap,33001,2500
3824,NH,2;4,29937,12/31/2009,43.80,-72.15,3;68,Strafford,33017,12473;75
3046,NH,2;4,26971,08/27/2010,43.44,-71.58,3;97,Merrimack,33013,11237;91667
3743,NH,2;42,11522;68,03/15/2010,43.96,-72.08,3;62,Sullivan,47163,4761;438017
3110,NH,2;42,18500,10/19/2009,43.44,-71.58,3;97,Hillsborough,33011,7644;628099
3743,NH,2;42,12000,03/15/2010,43.13,-70.92,4;03,Sullivan,47163,4958;677686
3227,NH,2;43,6000,6-5-2009,43.10,-71.59,3;97,Carroll,51035,2469;135802
3227,NH,2;43,23969,6-5-2009,43.37,-72.33,3;68,Carroll,51035,9863;786008
3833,NH,2.442,17271;42,09/25/2009,42.95,-71.50,3;91,Rockingham,51165,7;072653563
3833,NH,2.442,6000,09/25/2009,43.37,-72.33,3;68,Rockingham,51165,2;457002457
3464,NH,2;45,6000,09/22/2009,43.83,-71.47,3;87,Cheshire,33005,2448;979592
3266,NH,2;45,32958,12-12-2013,43.83,-71.47,3;87,Grafton,33009,13452;2449
3464,NH,2;45,25155,09/22/2009,42.97,-70.94,3;99,Cheshire,33005,10267;34694
3801,NH,2;45,12942,03/31/2010,42.97,-70.94,3;99,Rockingham,51165,5282;44898
3576,NH,2;45,12050,5-1-2010,43.08,-72.10,3;85,Coos,41011,4918;367347
3431,NH,2;46,6000,06/15/2009,43.80,-71.81,3;78,Cheshire,33005,2439;02439
3748,NH,2;46,5769,08/27/2009,43.08,-72.10,3;85,Grafton,33009,2345;121951
3431,NH,2;46,22950,06/15/2009,43.05,-70.78,4;02,Cheshire,33005,9329;268293
3748,NH,2;46,11538,08/27/2009,44.89,-71.49,3;5,Grafton,33009,4690;243902
3452,NH,2;5,11645,08/15/2012,42.95,-72.29,3;68,Cheshire,33005,4658
3034,NH,2;5,18995,12-11-2009,43.64,-72.14,3;74,Rockingham,51165,7598
3825,NH,2;5,14565,2-10-2010,42.95,-72.29,3;68,Strafford,33017,5826
3451,NH,2;5,11645,08/15/2012,43.64,-72.14,3;74,Cheshire,33005,4658
3241,NH,2;52,6000,12-10-2008,42.81,-72.02,3;84,Grafton,33009,2380;952381
3748,NH,2;52,16500,12/31/2009,43.07,-71.27,4;04,Grafton,33009,6547;619048
3825,NH,2;52,14565,2-10-2010,43.22,-71.04,4;04,Strafford,33017,5779;761905
3869,NH,2;52,18285,9-1-2010,42.78,-72.48,3;67,Strafford,33017,7255;952381
3766,NH,2;52,17816,10-1-2010,43.69,-71.80,3;82,Grafton,33009,7069;84127
3598,NH,2;52,16476,6-1-2011,43.64,-72.14,3;74,Coos,41011,6538;095238
3770,NH,2;52,19041,12-1-2011,43.22,-71.04,4;04,Sullivan,47163,7555;952381
3241,NH,2;52,17610;69,12-10-2008,43.23,-70.82,4;07,Grafton,33009,6988;369048
3781,NH,2;52,16500,12/31/2009,43.63,-72.25,3;68,Sullivan,47163,6547;619048
3245,NH,2;52,17246,4-1-2010,44.37,-71.61,3;54,Grafton,33009,6843;650794
3110,NH,2;52,15820,10/25/2010,43.52,-72.27,3;69,Hillsborough,33011,6277;777778
3458,NH,2;53,15320,09/30/2010,43.69,-71.80,3;82,Hillsborough,33011,6055;335968
3458,NH,2;53,15153,09/30/2010,43.53,-72.35,3;71,Hillsborough,33011,5989;328063
3222,NH,2;53,19481,06/17/2010,43.73,-71.58,3;83,Grafton,33009,7700
3449,NH,2;58,6000,09/29/2009,42.95,-71.50,3;91,Hillsborough,33011,2325;581395
3449,NH,2;58,16911,09/29/2009,42.87,-71.96,3;92,Hillsborough,33011,6554;651163
3768,NH,2.585,11682,10/25/2010,42.87,-71.96,3;92,Grafton,33009,4;519148936
3862,NH,2.585,12500,09/15/2010,43.60,-71.74,3;88,Rockingham,51165,4;835589942
3825,NH,2;59,16900,08/19/2010,42.96,-71.98,3;89,Strafford,33017,6525;096525
3246,NH,2;6,7600,4-2-2013,42.96,-71.98,3;89,Belknap,33001,2923;076923
3223,NH,2;6,7850,07/24/2013,43.80,-72.15,3;68,Grafton,33009,3019;230769
3218,NH,2;6,5450,09/20/2013,42.97,-70.83,3;94,Belknap,33001,2096;153846
3608,NH,2;6,11960,7-3-2010,43.22,-71.04,4;04,Cheshire,33005,4600
3608,NH,2;64,11960,7-3-2010,43.56,-71.48,3;88,Cheshire,33005,4530;30303
3608,NH,2;64,12672,10/15/2010,43.86,-71.63,3;81,Cheshire,33005,4800
3861,NH,2;64,17656,07/23/2009,43.33,-71.29,4;07,0,0,6687;878788
3861,NH,2;64,6000,07/23/2009,43.08,-72.43,3;58,0,0,2272;727273
3227,NH,2;64,16000,11/15/2009,43.08,-72.43,3;58,Carroll,51035,6060;606061
3467,NH,2;64,11970,03/26/2010,43.08,-72.43,3;58,Cheshire,33005,4534;090909
3466,NH,2;64,14062,04/13/2010,43.10,-71.01,4;04,Cheshire,33005,5326;515152
3466,NH,2;64,12464,07/16/2010,0,0,0,Cheshire,33005,4721;212121
3467,NH,2;64,13200,6-3-2010,43.10,-71.01,4;04,Cheshire,33005,5000
3837,NH,2;64,12409,10/22/2012,0,0,0,Belknap,33001,4700;378788
3784,NH,2;66,6000,8-11-2009,43.83,-71.47,3;87,Grafton,33009,2255;639098
3784,NH,2;66,19125,8-11-2009,42.96,-72.45,3;6,Grafton,33009,7189;849624
3851,NH,2.688,17500,6-8-2011,42.87,-72.51,3;64,Strafford,33017,6;510416667
3603,NH,2.688,20892,06/30/2010,42.87,-72.51,3;64,Sullivan,47163,7;772321429
3031,NH,2;7,6000,06/23/2009,42.96,-72.45,3;6,Hillsborough,33011,2222;222222
3462,NH,2;7,6000,09/25/2009,43.43,-71.34,4;06,Cheshire,33005,2222;222222
3467,NH,2;7,6000,09/19/2009,43.62,-72.29,3;66,Cheshire,33005,2222;222222
3253,NH,2;7,18500,11-1-2010,43.62,-72.29,3;66,Belknap,33001,6851;851852
3840,NH,2;7,15975,11/15/2011,43.40,-70.98,4;1,Rockingham,51165,5916;666667
3031,NH,2;7,18000,06/23/2009,43.23,-72.42,3;66,Hillsborough,33011,6666;666667
3462,NH,2;7,12900,09/25/2009,42.86,-71.61,3;88,Cheshire,33005,4777;777778
3467,NH,2;7,12000,09/19/2009,42.90,-72.40,3;66,Cheshire,33005,4444;444444
3462,NH,2;7,14850,7-9-2010,42.96,-72.45,3;6,Cheshire,33005,5500
3801,NH,2;7,18024,08/20/2010,43.65,-71.50,3;89,Rockingham,51165,6675;555556
3768,NH,2;7,22080,08/18/2010,43.03,-70.83,4,Grafton,33009,8177;777778
3227,NH,2;7,19490,9-1-2010,42.86,-71.61,3;88,Carroll,51035,7218;518519
3825,NH,2.724,10140,2-1-2012,42.90,-72.40,3;66,Strafford,33017,3;72246696
3227,NH,2;73,6000,09/22/2009,42.96,-72.45,3;6,Carroll,51035,2197;802198
3227,NH,2;73,16500,09/22/2009,42.90,-72.40,3;66,Carroll,51035,6043;956044
3470,NH,2.736,6000,05/14/2009,43.05,-70.78,4;02,Cheshire,33005,2;192982456
3470,NH,2.736,20320,05/14/2009,43.80,-72.15,3;68,Cheshire,33005,7;426900585
3824,NH,2;76,6000,09/30/2009,43.83,-71.47,3;87,Strafford,33017,2173;913043
3602,NH,2;76,6000,09/30/2009,43.22,-71.04,4;04,Cheshire,33005,2173;913043
3782,NH,2;76,16750,6-1-2010,43.83,-71.47,3;87,Sullivan,47163,6068;84058
3872,NH,2;76,13800,12-1-2010,43.83,-71.47,3;87,Carroll,51035,5000
3031,NH,2;76,14800,7-12-2011,42.77,-72.38,3;7,Hillsborough,33011,5362;318841
3576,NH,2;76,22602;8,12-1-2011,42.77,-72.38,3;7,Coos,41011,8189;42029
3269,NH,2;76,12000,6-11-2011,43.13,-70.92,4;03,Belknap,33001,4347;826087
3824,NH,2;76,13800,09/30/2009,43.15,-72.36,3;65,Strafford,33017,5000
3602,NH,2;76,26962,09/30/2009,43.38,-72.08,3;77,Cheshire,33005,9768;84058
3824,NH,2;76,19320,12-10-2009,43.56,-71.01,4;08,Strafford,33017,7000
3586,NH,2;76,15000,2-1-2009,42.86,-71.61,3;88,0,0,5434;782609
3748,NH,2;76,12564,7-1-2010,44.89,-71.49,3;5,Grafton,33009,4552;173913
3755,NH,2;76,16718,9-1-2010,43.48,-71.58,3;92,Grafton,33009,6057;246377
3824,NH,2;8,13384,03/21/2012,43.13,-70.92,4;03,Strafford,33017,4780
3266,NH,2.805,12173,11-1-2012,43.15,-72.36,3;65,Grafton,33009,4;339750446
3049,NH,2;82,20531,12-1-2011,43.13,-70.92,4;03,Hillsborough,33011,7280;496454
3833,NH,2;82,13750,10/15/2010,44.23,-71.78,3;63,Rockingham,51165,4875;886525
3824,NH,2;82,17262,2-1-2012,0,0,0,Strafford,33017,6121;276596
3824,NH,2;82,13384,3-1-2012,43.64,-72.14,3;74,Strafford,33017,4746;099291
3782,NH,2;82,13500,10/30/2012,43.70,-72.27,3;68,Sullivan,47163,4787;234043
3447,NH,2;85,6000,08/21/2008,43.13,-70.92,4;03,Cheshire,33005,2105;263158
3447,NH,2;85,34355;5,08/21/2008,43.80,-71.81,3;78,Cheshire,33005,12054;5614
3598,NH,2;85,25718,4-1-2010,42.73,-71.58,3;87,Coos,41011,9023;859649
3049,NH,2;85,23512,12-4-2009,42.97,-70.94,3;99,Hillsborough,33011,8249;824561
3809,NH,2;88,18500,12/28/2012,43.13,-70.92,4;03,Belknap,33001,6423;611111
3743,NH,2;88,27418,11/30/2009,43.13,-70.92,4;03,Sullivan,47163,9520;138889
3431,NH,2;88,17827,4-1-2010,43.38,-72.08,3;77,Cheshire,33005,6189;930556
3303,NH,2;88,16643,9-10-2010,42.78,-72.15,3;77,Merrimack,33013,5778;819444
3741,NH,2;88,15960,2-1-2012,42.78,-72.15,3;77,Grafton,33009,5541;666667
3303,NH,2;88,14325,04/30/2012,44.37,-71.61,3;54,Merrimack,33013,4973;958333
3820,NH,2;88,17450,7-1-2012,42.73,-71.58,3;87,Strafford,33017,6059;027778
3878,NH,2;88,11825,7-1-2012,43.45,-71.21,4;03,Strafford,33017,4105;902778
3588,NH,2;88,11780,7-1-2012,43.37,-72.33,3;68,Coos,41011,4090;277778
3043,NH,2;88,13410,9-1-2012,42.95,-72.29,3;68,Hillsborough,33011,4656;25
3824,NH,2;88,10653,10-1-2012,43.23,-71.56,3;96,Strafford,33017,3698;958333
3816,NH,2.912,6000,08/28/2008,43.64,-72.01,3;79,Carroll,51035,2;06043956
3894,NH,2.912,21750,08/28/2008,43.23,-71.56,3;96,Carroll,51035,7;469093407
3042,NH,2.925,7420,09/30/2010,43.19,-70.87,4;06,Rockingham,51165,2;536752137
3229,NH,2;94,6000,8-12-2008,43.25,-70.88,4;06,Merrimack,33013,2040;816327
3601,NH,2;94,18050,3-4-2010,44.57,-71.18,3;62,Sullivan,47163,6139;455782
3841,NH,2;94,27550,05/30/2010,42.98,-71.80,3;94,Rockingham,51165,9370;748299
3456,NH,2;94,33981,05/30/2011,43.13,-70.92,4;03,Cheshire,33005,11558;16327
3748,NH,2;94,18400,05/29/2011,43.71,-71.25,3;95,Grafton,33009,6258;503401
3070,NH,2;94,22903,9-10-2010,43.58,-71.20,3;98,Hillsborough,33011,7790;136054
3781,NH,2;94,14022,07/15/2013,43.03,-71.07,4;03,Sullivan,47163,4769;387755
3229,NH,2;94,32072,8-12-2008,43.22,-71.71,3;94,Merrimack,33013,10908;84354
3431,NH,2;94,12200,10/20/2009,43.21,-72.29,3;69,Cheshire,33005,4149;659864
3781,NH,2;94,26000,10/31/2009,42.87,-71.18,4;04,Sullivan,47163,8843;537415
3858,NH,2;94,26405,06/30/2010,43.11,-72.20,3;77,Rockingham,51165,8981;292517
3741,NH,2.964,25270,7-1-2012,43.64,-72.14,3;74,Grafton,33009,8;525641026
3824,NH,2;99,16800,05/15/2011,42.96,-71.68,3;96,Strafford,33017,5618;729097
3824,NH,2;99,17065,7-1-2010,43.53,-72.35,3;71,Strafford,33017,5707;35786
3824,NH,3,28000,8-1-2007,43.22,-71.71,3;94,Strafford,33017,9333;333333
3456,NH,3,15000,12-1-2011,42.95,-72.29,3;68,Cheshire,33005,5000
3223,NH,3,13160,12/15/2011,43.53,-72.35,3;71,Grafton,33009,4386;666667
3226,NH,3,26200,12/28/2012,42.86,-71.03,3;96,Belknap,33001,8733;333333
3216,NH,3,20376,7-1-2013,43.64,-72.01,3;79,Merrimack,33013,6792
3229,NH,3,5693;04,06/20/2013,43.13,-70.92,4;03,Merrimack,33013,1897;68
3588,NH,3,7000,08/31/2013,43.13,-70.92,4;03,Coos,41011,2333;333333
3607,NH,3,33970,02/15/2014,43.13,-70.92,4;03,Sullivan,47163,11323;33333
3748,NH,3,14000,11-1-2013,43.11,-72.20,3;77,Grafton,33009,4666;666667
3057,NH,3;01,6000,09/18/2009,43.86,-71.63,3;81,Hillsborough,33011,1993;355482
3031,NH,3;01,22900,09/18/2009,43.70,-71.22,3;82,Hillsborough,33011,7607;973422
3833,NH,3;01,21221,5-1-2010,43.43,-71.82,3;92,Rockingham,51165,7050;166113
3285,NH,3;04,6000,09/16/2008,43.22,-71.71,3;94,0,0,1973;684211
3581,NH,3;04,6000,11-8-2008,44.57,-71.18,3;62,Coos,41011,1973;684211
3110,NH,3;04,6000,2-1-2009,43.18,-72.32,3;69,Hillsborough,33011,1973;684211
3431,NH,3;04,6000,07/16/2009,43.64,-72.14,3;74,Cheshire,33005,1973;684211
3598,NH,3;04,25718,4-1-2010,42.90,-71.66,3;94,Coos,41011,8459;868421
3285,NH,3;04,28393,09/16/2008,42.86,-71.61,3;88,0,0,9339;802632
3593,NH,3;04,18972;46,11-8-2008,42.97,-70.94,3;99,0,0,6240;940789
3110,NH,3;04,27394,2-1-2009,43.93,-71.62,3;81,Hillsborough,33011,9011;184211
3431,NH,3;04,28100,07/16/2009,0,0,0,Cheshire,33005,9243;421053
3446,NH,3.055,17200,04/29/2010,44.39,-71.18,3;6,Cheshire,33005,5;630114566
3431,NH,3.055,14745,5-11-2012,42.95,-71.50,3;91,Cheshire,33005,4;826513912
3307,NH,3;06,6000,10/13/2008,42.95,-72.29,3;68,Merrimack,33013,1960;784314
3861,NH,3;06,16037,11-1-2013,44.37,-71.61,3;54,0,0,5240;849673
3862,NH,3;06,10963,03/28/2014,43.93,-71.62,3;81,Rockingham,51165,3582;679739
3307,NH,3;06,36525,10/13/2008,0,0,0,Merrimack,33013,11936;27451
3574,NH,3;06,16524,11/30/2012,44.37,-71.25,3;47,Grafton,33009,5400
3280,NH,3.075,6000,9-9-2009,0,0,0,Sullivan,47163,1;951219512
3280,NH,3.075,21949,9-9-2009,42.95,-71.50,3;91,Sullivan,47163,7;137886179
3841,NH,3;08,27550,05/30/2010,42.95,-72.29,3;68,Rockingham,51165,8944;805195
3070,NH,3;12,12450,10/19/2012,42.86,-72.28,3;68,Hillsborough,33011,3990;384615
3755,NH,3;12,14997,5-1-2013,42.95,-72.29,3;68,Grafton,33009,4806;730769
3102,NH,3;12,15151,8-1-2012,43.28,-71.46,4,Hillsborough,33011,4856;089744
3894,NH,3.136,20792,08/18/2010,43.10,-71.01,4;04,Carroll,51035,6;630102041
3801,NH,3;15,6000,04/30/2009,0,0,0,Rockingham,51165,1904;761905
3253,NH,3;15,6000,06/16/2009,42.97,-70.83,3;94,Belknap,33001,1904;761905
3580,NH,3;15,6000,07/29/2009,43.28,-71.46,4,Grafton,33009,1904;761905
3864,NH,3;15,6000,12/18/2008,44.28,-71.68,3;61,Carroll,51035,1904;761905
3447,NH,3;15,28510,10/27/2010,43.17,-72.09,3;82,Cheshire,33005,9050;793651
3303,NH,3;15,30000,11/30/2010,43.17,-72.09,3;82,Merrimack,33013,9523;809524
3801,NH,3;15,24700,04/30/2009,42.87,-71.18,4;04,Rockingham,51165,7841;269841
3253,NH,3;15,27715;78,06/16/2009,42.96,-71.68,3;96,Belknap,33001,8798;660317
3580,NH,3;15,23470,07/29/2009,43.70,-72.27,3;68,Grafton,33009,7450;793651
3864,NH,3;15,23000,12/18/2008,42.99,-71.45,3;96,Carroll,51035,7301;587302
3608,NH,3;15,26000,11/30/2009,43.58,-71.20,3;98,Cheshire,33005,8253;968254
3777,NH,3;15,18767,10/31/2010,43.05,-70.78,4;02,Grafton,33009,5957;777778
3230,NH,3;18,20559,7-1-2013,43.65,-71.50,3;89,Merrimack,33013,6465;09434
3833,NH,3.185,12567,5-1-2013,44.22,-71.74,3;61,Rockingham,51165,3;945682889
3226,NH,3;2,6000,07/22/2008,43.68,-71.11,4;04,Belknap,33001,1875
3608,NH,3;2,6000,09/15/2008,42.78,-72.15,3;77,Cheshire,33005,1875
3259,NH,3;2,30035,08/14/2009,43.23,-71.56,3;96,Carroll,51035,9385;9375
3226,NH,3;2,26424,07/22/2008,43.05,-70.78,4;02,Belknap,33001,8257;5
3602,NH,3;2,34479;75,09/15/2008,43.65,-71.50,3;89,Cheshire,33005,10774;92188
3227,NH,3;2,30035,08/14/2009,44.22,-71.74,3;61,Carroll,51035,9385;9375
3842,NH,3;22,22540,12-1-2009,43.68,-71.11,4;04,Rockingham,51165,7000
3458,NH,3;22,19300,09/30/2010,43.08,-72.43,3;58,Hillsborough,33011,5993;78882
3458,NH,3;22,19300,09/30/2010,43.89,-72.06,3;6,Hillsborough,33011,5993;78882
3458,NH,3;22,19300,09/30/2010,43.52,-71.86,3;86,Hillsborough,33011,5993;78882
3082,NH,3;22,16200,4-1-2011,42.97,-70.94,3;99,Hillsborough,33011,5031;055901
3602,NH,3;22,19000,09/24/2010,43.70,-71.22,3;82,Cheshire,33005,5900;621118
3595,NH,3;22,21949,11-1-2010,43.08,-72.43,3;58,Coos,41011,6816;459627
3285,NH,3;22,18500,4-1-2011,43.86,-71.38,3;91,0,0,5745;341615
3440,NH,3;22,17301,7-1-2011,43.70,-71.22,3;82,Hillsborough,33011,5372;981366
3264,NH,3;22,12943,9-1-2011,43.15,-72.36,3;65,Grafton,33009,4019;565217
3241,NH,3;22,20000,12/15/2011,43.83,-71.47,3;87,Grafton,33009,6211;180124
3857,NH,3;22,15484,04/16/2010,42.94,-70.82,3;95,Rockingham,51165,4808;695652
3242,NH,3;22,16497,4-1-2010,42.87,-71.96,3;92,Merrimack,33013,5123;291925
3037,NH,3;22,16201,5-1-2010,42.87,-71.96,3;92,Rockingham,51165,5031;36646
3057,NH,3;22,18224,6-1-2010,42.87,-71.96,3;92,Hillsborough,33011,5659;627329
3826,NH,3;22,18136,7-1-2010,42.90,-71.75,3;98,Rockingham,51165,5632;298137
3835,NH,3;22,17046,7-1-2010,43.15,-72.36,3;65,Strafford,33017,5293;78882
3820,NH,3;22,19320,8-1-2010,44.30,-71.50,3;54,Strafford,33017,6000
3244,NH,3;24,25966;52,7-1-2011,43.93,-71.62,3;81,Hillsborough,33011,8014;358025
3781,NH,3;25,13923,12-1-2013,0,0,0,Sullivan,47163,4284
3450,NH,3;25,30280,11/30/2012,43.03,-71.94,3;89,Cheshire,33005,9316;923077
3855,NH,3.264,17350,10-1-2010,43.73,-71.69,3;81,Strafford,33017,5;315563725
3227,NH,3;28,6000,07/29/2009,43.69,-71.80,3;82,Carroll,51035,1829;268293
3227,NH,3;28,6000,8-7-2009,43.07,-70.94,4,Carroll,51035,1829;268293
3227,NH,3;28,13893,07/29/2009,43.17,-71.81,3;92,Carroll,51035,4235;670732
3227,NH,3;28,21500,8-7-2009,43.14,-71.21,4;06,Carroll,51035,6554;878049
3110,NH,3;28,22649,12/30/2009,42.90,-71.66,3;94,Hillsborough,33011,6905;182927
3585,NH,3;28,39600,12/30/2009,42.88,-71.13,4;01,Grafton,33009,12073;17073
3825,NH,3;29,16640,4-1-2010,43.40,-71.07,4;14,Strafford,33017,5057;75076
3276,NH,3;29,15644,2-1-2012,43.19,-70.87,4;06,Belknap,33001,4755;015198
3224,NH,3;29,16830,7-1-2012,43.12,-71.92,3;9,Merrimack,33013,5115;50152
3768,NH,331.467,17900,07/18/2012,43.53,-72.35,3;71,Grafton,33009,0;054002359
3768,NH,3.315,17900,07/18/2012,42.95,-72.10,3;8,Grafton,33009,5;399698341
3846,NH,3.315,13444,12-1-2013,43.43,-71.17,4;13,Carroll,51035,4;055505279
3864,NH,3;36,6000,3-10-2009,43.83,-71.47,3;87,Carroll,51035,1785;714286
3818,NH,3;36,6000,8-6-2009,43.83,-71.47,3;87,Carroll,51035,1785;714286
3781,NH,3;36,6000,8-3-2009,43.83,-71.47,3;87,Sullivan,47163,1785;714286
3801,NH,3;36,6000,09/15/2009,43.83,-71.47,3;87,Rockingham,51165,1785;714286
3585,NH,3;36,6000,09/29/2009,42.95,-71.50,3;91,Grafton,33009,1785;714286
3226,NH,3;36,18800,10-1-2010,44.21,-71.90,3;62,Belknap,33001,5595;238095
3053,NH,3;36,8500,07/14/2012,43.22,-71.04,4;04,Rockingham,51165,2529;761905
3864,NH,3;36,30489,3-10-2009,43.44,-71.58,3;97,Carroll,51035,9074;107143
3818,NH,3;36,21885,8-6-2009,43.33,-71.56,3;98,Carroll,51035,6513;392857
3781,NH,3;36,30328,8-3-2009,43.80,-72.15,3;68,Sullivan,47163,9026;190476
3801,NH,3;36,23450,09/15/2009,43.80,-72.15,3;68,Rockingham,51165,6979;166667
3740,NH,3;36,32786,09/29/2009,44.14,-71.18,3;69,Grafton,33009,9757;738095
3278,NH,3;36,21800,12/27/2009,43.68,-71.11,4;04,Merrimack,33013,6488;095238
3086,NH,3;36,20358,7-1-2010,43.97,-71.12,3;92,Hillsborough,33011,6058;928571
3816,NH,3;36,24172,07/30/2010,43.53,-72.35,3;71,Carroll,51035,7194;047619
3263,NH,3;36,9975,04/30/2012,43.05,-70.78,4;02,Merrimack,33013,2968;75
3275,NH,3;36,17187;15,5-2-2012,44.21,-71.90,3;62,Merrimack,33013,5115;223214
3304,NH,3;36,15000,7-3-2012,43.70,-71.22,3;82,Merrimack,33013,4464;285714
3224,NH,3;36,27664,11-5-2012,42.85,-71.36,3;89,Merrimack,33013,8233;333333
3593,NH,3;38,14640,12-1-2012,43.68,-71.11,4;04,0,0,4331;360947
3601,NH,3;38,14365,07/31/2013,43.97,-71.12,3;92,Sullivan,47163,4250
3784,NH,3;42,6000,07/15/2009,43.53,-72.35,3;71,Grafton,33009,1754;385965
3870,NH,3;42,6000,9-9-2009,43.05,-70.78,4;02,Rockingham,51165,1754;385965
3784,NH,3;42,29112,07/15/2009,44.16,-71.96,3;63,Grafton,33009,8512;280702
3870,NH,3;42,22114,9-9-2009,43.28,-71.81,3;94,Rockingham,51165,6466;081871
3833,NH,3;43,12996,9-1-2013,42.84,-71.73,4,Rockingham,51165,3788;921283
3458,NH,3;45,20605,09/30/2010,43.71,-71.25,3;95,Hillsborough,33011,5972;463768
3602,NH,3;45,13081;97,2-3-2011,43.30,-71.33,4;08,Cheshire,33005,3791;875362
3839,NH,3.456,23955,11/30/2009,43.13,-71.45,4;01,Strafford,33017,6;931423611
3886,NH,3;5,6000,9-1-2009,43.13,-71.54,3;97,Carroll,51035,1714;285714
3455,NH,3;5,6000,7-8-2009,43.33,-71.56,3;98,Cheshire,33005,1714;285714
3301,NH,3;5,15238,5-1-2013,44.37,-71.25,3;47,Merrimack,33013,4353;714286
3848,NH,3;5,12950,03/30/2013,0,0,0,Rockingham,51165,3700
3870,NH,3;5,16209,04/20/2013,43.21,-72.29,3;69,Rockingham,51165,4631;142857
3740,NH,3;5,15195,08/30/2013,43.62,-72.29,3;66,Grafton,33009,4341;428571
3886,NH,3;5,34560,9-1-2009,43.01,-70.77,3;93,Carroll,51035,9874;285714
3455,NH,3;5,30951,7-8-2009,43.62,-72.29,3;66,Cheshire,33005,8843;142857
3431,NH,3;52,23658,7-10-2011,43.01,-70.77,3;93,Cheshire,33005,6721;022727
3584,NH,3.525,27400,10-1-2010,42.97,-70.94,3;99,Coos,41011,7;773049645
3824,NH,3.525,17375,12/15/2011,42.87,-71.96,3;92,Strafford,33017,4;929078014
3269,NH,3.525,13939,9-1-2013,43.15,-72.36,3;65,Belknap,33001,3;954326241
3582,NH,3.552,14000,7-10-2013,43.30,-70.97,4;07,Coos,41011,3;941441441
3608,NH,3;57,16671,12-1-2012,43.85,-71.26,3;93,Cheshire,33005,4669;747899
3576,NH,3;6,6000,10-8-2008,42.90,-72.21,3;72,Coos,41011,1666;666667
3216,NH,3;6,6000,08/18/2009,43.23,-71.56,3;96,Merrimack,33013,1666;666667
3768,NH,3;6,21400,10/17/2010,42.93,-71.05,4;01,Grafton,33009,5944;444444
3894,NH,3;6,21591,09/18/2010,43.01,-70.77,3;93,Carroll,51035,5997;5
3576,NH,3;6,19785,10-8-2008,44.16,-71.96,3;63,Coos,41011,5495;833333
3216,NH,3;6,44714,08/18/2009,43.85,-71.26,3;93,Merrimack,33013,12420;55556
3254,NH,3;6,47796,3-1-2010,42.90,-72.21,3;72,Carroll,51035,13276;66667
3259,NH,3;6,22000,3-1-2012,42.95,-72.29,3;68,Carroll,51035,6111;111111
3258,NH,3;6,18375,6-1-2012,44.48,-71.56,3;52,Merrimack,33013,5104;166667
3810,NH,3;64,14990,4-1-2012,43.13,-70.92,4;03,Belknap,33001,4118;131868
3264,NH,3.655,22911;72,6-1-2011,43.48,-71.58,3;92,Grafton,33009,6;268596443
3220,NH,3;68,18300,10-1-2010,44.59,-71.51,3;57,Belknap,33001,4972;826087
3253,NH,3;68,18300,10-1-2010,43.08,-72.43,3;58,Belknap,33001,4972;826087
3220,NH,3;68,18300,10-1-2010,44.89,-71.49,3;5,Belknap,33001,4972;826087
3431,NH,3;68,25000,11-1-2010,43.43,-71.82,3;92,Cheshire,33005,6793;478261
3049,NH,3;68,21406,1-1-2011,43.80,-72.15,3;68,Hillsborough,33011,5816;847826
3462,NH,3;68,20222,11-1-2011,43.58,-71.20,3;98,Cheshire,33005,5495;108696
3861,NH,3;68,23088,9-10-2010,44.89,-71.49,3;5,0,0,6273;913043
3886,NH,3;68,20000,10-1-2010,43.43,-71.82,3;92,Carroll,51035,5434;782609
3301,NH,3;69,6000,7-10-2009,43.75,-71.39,3;82,Merrimack,33013,1626;01626
3049,NH,3;69,6000,7-6-2009,43.86,-71.38,3;91,Hillsborough,33011,1626;01626
3755,NH,3;69,21225,8-12-2010,43.25,-71.39,4;05,Grafton,33009,5752;03252
3301,NH,3;69,28365,7-10-2009,43.48,-71.24,3;91,Merrimack,33013,7686;99187
3049,NH,3;69,29151,7-6-2009,43.73,-71.69,3;81,Hillsborough,33011,7900
3084,NH,3;75,18120,09/20/2012,43.44,-71.47,3;95,Hillsborough,33011,4832
3605,NH,3;75,24000,6-7-2013,43.65,-71.50,3;89,Sullivan,47163,6400
3307,NH,3;75,16500,7-4-2013,43.44,-71.47,3;95,Merrimack,33013,4400
3584,NH,3;75,9500,08/21/2013,42.95,-72.29,3;68,Coos,41011,2533;333333
3755,NH,3;75,13229,12/31/2013,42.73,-71.58,3;87,Grafton,33009,3527;733333
3823,NH,3;76,17500,03/30/2012,42.90,-72.40,3;66,0,0,4654;255319
3824,NH,3;76,21010,12-1-2010,43.10,-71.01,4;04,Strafford,33017,5587;765957
3861,NH,3;76,13708,10-5-2010,0,0,0,0,0,3645;744681
3582,NH,3;76,19244,06/15/2011,43.85,-71.26,3;93,Coos,41011,5118;085106
3894,NH,3;76,45000,7-1-2011,43.23,-71.56,3;96,Carroll,51035,11968;08511
3830,NH,3;76,17944,12-1-2011,42.73,-71.58,3;87,Carroll,51035,4772;340426
3824,NH,3;76,15287,12-1-2011,43.70,-72.27,3;68,Strafford,33017,4065;691489
3445,NH,3;76,15378,12/17/2011,43.23,-71.56,3;96,Cheshire,33005,4089;893617
3823,NH,3;76,16747,4-1-2002,42.73,-71.58,3;87,0,0,4453;989362
3032,NH,3;76,23162,06/18/2010,42.81,-71.83,3;95,Rockingham,51165,6160;106383
3608,NH,3;76,20321,7-2-2010,43.23,-72.21,3;79,Cheshire,33005,5404;521277
3845,NH,3;76,22737,1-1-2012,43.28,-71.46,4,Carroll,51035,6047;074468
3224,NH,3;76,17361,2-1-2012,44.48,-71.56,3;52,Merrimack,33013,4617;287234
3848,NH,3;76,17851,2-1-2012,43.70,-72.27,3;68,Rockingham,51165,4747;606383
3833,NH,3;76,17487,4-1-2012,43.17,-70.93,4;05,Rockingham,51165,4650;797872
3237,NH,3;78,42100,12/31/2009,0,0,0,Belknap,33001,11137;56614
3046,NH,3;78,9900,8-1-2012,43.13,-70.92,4;03,Merrimack,33013,2619;047619
3755,NH,3;8,6000,08/29/2008,43.10,-71.01,4;04,Grafton,33009,1578;947368
3770,NH,3;8,6000,4-2-2009,0,0,0,Sullivan,47163,1578;947368
3053,NH,3;8,18000,6-9-2012,44.59,-71.51,3;57,Rockingham,51165,4736;842105
3770,NH,3;8,34200,4-2-2009,43.58,-71.20,3;98,Sullivan,47163,9000
3755,NH,3;8,26846;15,08/29/2008,43.64,-71.00,4;07,Grafton,33009,7064;776316
3264,NH,3;84,19006,12/15/2012,43.13,-70.92,4;03,Grafton,33009,4949;479167
3301,NH,3;84,16200,9-1-2011,43.01,-72.21,3;72,Merrimack,33013,4218;75
3245,NH,3;84,24000,7-1-2011,43.17,-70.93,4;05,Grafton,33009,6250
3227,NH,3;84,19500,11-1-2011,0,0,0,Carroll,51035,5078;125
3275,NH,3;84,16946,10-1-2012,43.00,-71.34,3;99,Merrimack,33013,4413;020833
3222,NH,3;84,16417,10-1-2012,43.08,-72.43,3;58,Grafton,33009,4275;260417
3768,NH,3;84,25461;34,8-1-2012,44.15,-71.06,3;89,Grafton,33009,6630;557292
3290,NH,3;84,18442,5-1-2012,43.33,-71.56,3;98,Rockingham,51165,4802;604167
3845,NH,3;84,21515,7-1-2012,42.93,-71.05,4;01,Carroll,51035,5602;864583
3584,NH,3;84,17522,9-1-2012,42.97,-70.94,3;99,Coos,41011,4563;020833
3301,NH,3;84,15499,9-1-2012,43.42,-71.41,4;02,Merrimack,33013,4036;197917
3243,NH,3;84,16417,10-1-2012,43.10,-71.59,3;97,Merrimack,33013,4275;260417
3833,NH,3;84,16116,9-1-2012,43.70,-72.27,3;68,Rockingham,51165,4196;875
3769,NH,3;84,25461;34,8-1-2012,43.52,-72.27,3;69,0,0,6630;557292
3824,NH,3;86,18156,11-2-2011,42.85,-71.36,3;89,Strafford,33017,4703;626943
3823,NH,3;9,17500,03/26/2011,43.52,-72.27,3;69,0,0,4487;179487
3222,NH,3;9,6000,09/29/2009,43.70,-72.27,3;68,Grafton,33009,1538;461538
3222,NH,3;9,31066,09/29/2009,43.73,-71.69,3;81,Grafton,33009,7965;641026
3087,NH,3;9,21554,4-1-2012,43.23,-71.56,3;96,Rockingham,51165,5526;666667
3046,NH,3;92,17768,5-1-2013,43.73,-71.58,3;83,Merrimack,33013,4532;653061
3254,NH,3;96,28600,7-1-2010,43.83,-71.47,3;87,Carroll,51035,7222;222222
3226,NH,3.975,20500,7-1-2013,43.13,-71.45,4;01,Belknap,33001,5;157232704
3782,NH,3;99,16299,05/20/2012,43.60,-71.74,3;88,Sullivan,47163,4084;962406
3287,NH,4,6000,08/17/2009,43.80,-72.15,3;68,Merrimack,33013,1500
3603,NH,4,6000,5-2-2009,43.11,-71.10,4;04,Sullivan,47163,1500
3071,NH,4,18950,09/30/2012,44.15,-71.06,3;89,Hillsborough,33011,4737;5
3748,NH,4,18900,02/14/2013,44.48,-71.56,3;52,Grafton,33009,4725
3824,NH,4,15806,6-1-2013,43.23,-71.56,3;96,Strafford,33017,3951;5
3042,NH,4,14799,6-10-2013,43.52,-71.70,3;93,Rockingham,51165,3699;75
3257,NH,4,18545,10/14/2013,42.97,-70.94,3;99,Merrimack,33013,4636;25
3278,NH,4,21735,10/28/2013,43.83,-72.10,0,Merrimack,33013,5433;75
3287,NH,4,26781,08/17/2009,0,0,4;03,Merrimack,33013,6695;25
3603,NH,4,40000,5-2-2009,43.13,-70.92,4;05,Sullivan,47163,10000
3259,NH,4,23500,9-1-2010,43.17,-70.93,0,Carroll,51035,5875
3470,NH,4,24128,05/15/2012,0,0,3;88,Cheshire,33005,6032
3452,NH,4,31373,07/14/2012,43.60,-71.74,3;88,Cheshire,33005,7843;25
3584,NH,4,9698,10-1-2012,43.60,-71.74,3;93,Coos,41011,2424;5
3222,NH,4,17500,9-6-2012,42.80,-71.30,3;97,Grafton,33009,4375
3077,NH,4,9500,10/28/2012,43.10,-71.59,3;82,Rockingham,51165,2375
3574,NH,4;05,20300,8-1-2010,43.75,-71.39,3;82,Grafton,33009,5012;345679
3254,NH,4;05,28600,7-1-2010,43.70,-71.22,3;77,Carroll,51035,7061;728395
3259,NH,4;05,23500,9-1-2010,43.38,-72.08,3;89,Carroll,51035,5802;469136
3882,NH,4;05,19500,11-1-2010,43.45,-71.91,3;66,Carroll,51035,4814;814815
3259,NH,4;05,22000,7-10-2011,43.23,-72.42,3;92,Carroll,51035,5432;098765
3598,NH,4;05,20300,8-1-2010,42.75,-71.85,3;74,Coos,41011,5012;345679
3590,NH,4;05,22600,7-1-2012,43.64,-72.14,4;03,Coos,41011,5580;246914
3842,NH,4;08,8505,9-1-2012,43.13,-70.92,4;03,Rockingham,51165,2084;558824
3851,NH,4;08,14090,10-1-2013,43.03,-71.07,3;85,Strafford,33017,3453;431373
3584,NH,4;08,26784,1-1-2012,43.41,-71.98,3;94,Coos,41011,6564;705882
3765,NH,4;1,6000,6-10-2009,43.28,-71.81,3;89,Grafton,33009,1463;414634
3215,NH,4;1,6000,09/28/2009,43.45,-71.91,3;66,Grafton,33009,1463;414634
3588,NH,4;1,20203,10-1-2010,43.23,-72.42,3;91,Coos,41011,4927;560976
3765,NH,4;1,36938;97,6-10-2009,43.86,-71.38,3;7,Grafton,33009,9009;504878
3215,NH,4;1,23000,09/28/2009,42.77,-72.38,3;84,Grafton,33009,5609;756098
3431,NH,4;1,30000,12/18/2009,42.81,-72.02,3;52,Cheshire,33005,7317;073171
3259,NH,4;1,20750,03/30/2010,44.48,-71.56,3;88,Carroll,51035,5060;97561
3809,NH,4;1,26300,6-1-2010,43.60,-71.74,4;05,Belknap,33001,6414;634146
3264,NH,4;1,15659,09/15/2012,43.03,-71.17,3;61,Grafton,33009,3819;268293
3824,NH,4;14,23978,10-1-2010,44.28,-71.68,3;82,Strafford,33017,5791;78744
3779,NH,4;14,23782,10/25/2010,43.75,-71.39,3;91,Grafton,33009,5744;444444
3886,NH,4;14,28000,11-1-2010,43.86,-71.38,4;07,Carroll,51035,6763;285024
3894,NH,4;14,22515,11/15/2010,43.71,-71.00,3;91,Carroll,51035,5438;405797
3781,NH,4;14,26758,12-8-2010,43.86,-71.38,3;54,Sullivan,47163,6463;285024
3052,NH,4;14,24840,11/20/2010,44.37,-71.61,3;55,Hillsborough,33011,6000
3223,NH,4;14,24500,8-1-2011,44.76,-71.58,3;95,Grafton,33009,5917;874396
3226,NH,4;14,19600,7-1-2011,42.94,-70.82,4;1,Belknap,33001,4734;299517
3601,NH,4;14,17500,08/16/2013,43.40,-70.98,3;52,Sullivan,47163,4227;05314
3227,NH,4;14,25300,12/30/2009,44.48,-71.56,3;56,Carroll,51035,6111;111111
3870,NH,4;14,21415,6-1-2010,44.03,-72.06,3;89,Rockingham,51165,5172;705314
3894,NH,4;14,22400,05/20/2010,43.95,-71.50,3;62,Carroll,51035,5410;628019
3259,NH,4;14,27700,8-10-2010,44.57,-71.18,3;56,Carroll,51035,6690;821256
3886,NH,4;14,23000,08/24/2010,44.03,-72.06,3;89,Carroll,51035,5555;555556
3036,NH,4;14,25921,1-1-2012,43.95,-71.50,3;68,Rockingham,51165,6261;111111
3858,NH,4;16,18153,04/13/2013,42.95,-72.29,3;91,Rockingham,51165,4363;701923
3037,NH,4;16,13802,12-1-2013,43.86,-71.38,4;03,Rockingham,51165,3317;788462
3598,NH,4;18,6000,11-5-2008,43.45,-71.21,3;81,Coos,41011,1435;406699
3446,NH,4;18,16720,09/30/2011,43.73,-71.69,4;03,Cheshire,33005,4000
3598,NH,4;18,36204;88,11-5-2008,43.13,-70.92,3;62,Coos,41011,8661;454545
3602,NH,4;2,6000,02/24/2009,43.96,-72.08,3;93,Cheshire,33005,1428;571429
3602,NH,4;2,6000,9-8-2009,43.85,-71.26,3;98,Cheshire,33005,1428;571429
3823,NH,4;2,6000,07/25/2009,43.58,-71.20,3;71,0,0,1428;571429
3823,NH,4;2,6000,09/23/2009,43.53,-72.35,3;88,0,0,1428;571429
3886,NH,4;2,37000,10-1-2009,42.83,-71.46,3;81,Carroll,51035,8809;52381
3809,NH,4;2,26300,6-1-2010,43.86,-71.63,3;82,Belknap,33001,6261;904762
3602,NH,4;2,32500,8-5-2010,43.70,-71.22,3;69,Cheshire,33005,7738;095238
3287,NH,4;2,23000,9-4-2012,43.21,-72.29,3;87,Merrimack,33013,5476;190476
3602,NH,4;2,42481,02/24/2009,43.83,-71.47,3;93,Cheshire,33005,10114;52381
3602,NH,4;2,40195;85,9-8-2009,43.01,-70.77,3;98,Cheshire,33005,9570;440476
3823,NH,4;2,28929;46,07/25/2009,43.58,-71.20,3;91,0,0,6887;966667
3823,NH,4;2,30416,09/23/2009,43.86,-71.38,3;93,0,0,7241;904762
3031,NH,4;2,26301,04/15/2010,43.85,-71.26,4,Hillsborough,33011,6262;142857
3860,NH,4;2,25000,04/30/2010,42.95,-71.25,3;96,Carroll,51035,5952;380952
3608,NH,4;2,32500,8-5-2010,42.86,-71.03,4;06,Cheshire,33005,7738;095238
3038,NH,4;2,18000,6-1-2010,43.14,-71.21,3;54,Rockingham,51165,4285;714286
3244,NH,4;23,20886,4-1-2011,44.37,-71.61,3;68,Hillsborough,33011,4937;588652
3054,NH,4;23,28450,9-3-2011,42.86,-72.28,3;54,Hillsborough,33011,6725;768322
3825,NH,4;23,21774,9-2-2011,44.37,-71.61,3;65,Strafford,33017,5147;51773
3455,NH,4;23,25129,6-8-2011,43.15,-72.36,3;65,Cheshire,33005,5940;661939
3220,NH,4;23,23754;87,09/27/2013,43.15,-72.36,4;05,Belknap,33001,5615;808511
3047,NH,4;23,29371,04/23/2010,43.17,-70.93,0,Hillsborough,33011,6943;498818
3884,NH,4;23,10500,9-6-2012,0,0,4;05,Strafford,33017,2482;269504
3858,NH,4;24,10486;88,05/31/2013,43.17,-70.93,0,Rockingham,51165,2473;320755
3584,NH,4;24,26238,3-1-2014,0,0,3;93,Coos,41011,6188;207547
3245,NH,4;24,14841,5-1-2013,43.85,-71.26,4;03,Grafton,33009,3500;235849
3253,NH,4;24,14000,6-1-2013,43.45,-71.21,3;65,Belknap,33001,3301;886792
3031,NH,4;25,23975,03/27/2012,43.15,-72.36,3;89,Hillsborough,33011,5641;176471
3227,NH,4;29,6000,09/28/2009,43.45,-71.91,3;65,Carroll,51035,1398;601399
3227,NH,4;29,19000,09/28/2009,43.15,-72.36,3;65,Carroll,51035,4428;904429
3253,NH,4;3,40000,11/25/2010,43.15,-72.36,4;05,Belknap,33001,9302;325581
3886,NH,4;3,37000,10-1-2009,43.17,-70.93,0,Carroll,51035,8604;651163
3773,NH,4;32,14481,10-1-2010,0,0,4;05,Sullivan,47163,3352;083333
3102,NH,4;32,20500,8-1-2012,43.17,-70.93,0,Hillsborough,33011,4745;37037
3833,NH,4;32,16305,11-1-2012,0,0,3;88,Rockingham,51165,3774;305556
3601,NH,4;32,14481,10-1-2010,42.86,-71.61,3;94,Sullivan,47163,3352;083333
3303,NH,4;32,20723,05/30/2012,44.05,-71.12,3;58,Merrimack,33013,4796;990741
3812,NH,4;32,19223,8-1-2012,43.08,-72.43,3;97,Carroll,51035,4449;768519
3824,NH,4;32,19116,10-1-2012,42.89,-71.28,3;9,Strafford,33017,4425
3258,NH,4;32,20000,08/30/2012,43.12,-71.92,3;87,Merrimack,33013,4629;62963
3820,NH,4.335,19181,12-1-2012,42.86,-71.48,4;04,Strafford,33017,4;424682814
3603,NH,4.392,22371,10-10-2011,43.22,-71.04,3;72,Sullivan,47163,5;093579235
3249,NH,4;4,24000,12/31/2009,42.90,-72.21,3;95,Belknap,33001,5454;545455
3875,NH,4;4,23000,03/15/2010,43.44,-71.47,3;94,Carroll,51035,5227;272727
3102,NH,4;4,20500,8-1-2012,42.95,-71.85,4;08,Hillsborough,33011,4659;090909
3053,NH,4;41,6000,2-6-2009,43.32,-71.18,3;96,Rockingham,51165,1360;544218
3576,NH,4;41,25677,11-1-2010,42.86,-71.03,3;52,Coos,41011,5822;44898
3053,NH,4;41,39684,2-6-2009,44.48,-71.56,3;83,Rockingham,51165,8998;639456
3301,NH,4;41,18548;72,11-11-2009,43.73,-71.58,3;89,Merrimack,33013,4206;058957
3855,NH,4;41,27232,03/31/2010,43.65,-71.50,3;88,Strafford,33017,6175;056689
3038,NH,4;42,17854,12-1-2013,42.86,-71.61,3;87,Rockingham,51165,4039;366516
3602,NH,4;5,32404,11-7-2010,43.83,-71.47,3;87,Cheshire,33005,7200;888889
3226,NH,4;5,27250,10-1-2010,43.83,-71.47,3;89,Belknap,33001,6055;555556
3249,NH,4;5,25500,4-1-2011,43.65,-71.50,3;93,Belknap,33001,5666;666667
3748,NH,4;5,38000,11/30/2011,43.85,-71.26,3;76,Grafton,33009,8444;444444
3858,NH,4;5,23850,09/30/2011,43.37,-72.17,3;96,Rockingham,51165,5300
3070,NH,4;5,36886,09/30/2012,42.99,-71.45,3;99,Hillsborough,33011,8196;888889
3470,NH,4;5,18550,10/31/2012,42.97,-70.94,3;69,Cheshire,33005,4122;222222
3449,NH,4;5,23000,6-1-2013,43.21,-72.29,3;96,Hillsborough,33011,5111;111111
3584,NH,4;5,15850,7-1-2013,43.23,-71.56,3;78,Coos,41011,3522;222222
3216,NH,4;5,17800,10-2-2013,44.08,-71.27,4;03,Merrimack,33013,3955;555556
3254,NH,4;5,24750,11-12-2009,43.13,-70.92,4;05,Carroll,51035,5500
3076,NH,4;5,45000,11/19/2009,43.25,-71.39,4;06,Hillsborough,33011,10000
3042,NH,4;5,33000,02/26/2010,43.19,-70.87,3;66,Rockingham,51165,7333;333333
3768,NH,4;5,25300,09/20/2010,43.23,-72.42,3;91,Grafton,33009,5622;222222
3055,NH,4;5,25892,2-1-2012,43.53,-71.38,3;93,Hillsborough,33011,5753;777778
3447,NH,4;5,19050,11-9-2012,43.87,-71.19,3;96,Cheshire,33005,4233;333333
3856,NH,4;5,16200,12/21/2012,42.99,-71.45,3;89,Rockingham,51165,3600
3086,NH,4.515,28280,05/15/2011,42.85,-71.36,3;5,Hillsborough,33011,6;263565891
3431,NH,4;56,25875,11-4-2011,44.89,-71.49,3;89,Cheshire,33005,5674;342105
3264,NH,4;56,11979,6-1-2013,42.85,-71.36,3;96,Grafton,33009,2626;973684
3593,NH,4;56,20399,9-1-2012,43.23,-71.56,4;13,0,0,4473;464912
3592,NH,4;56,15200,12-1-2012,43.43,-71.17,3;97,Coos,41011,3333;333333
3801,NH,4.575,19545,05/20/2013,42.89,-71.28,3;65,Rockingham,51165,4;272131148
3824,NH,4;59,12100,12/17/2011,43.15,-72.36,3;82,Strafford,33017,2636;165577
3824,NH,4;59,24917,10-1-2011,43.70,-71.22,3;91,Strafford,33017,5428;540305
3588,NH,4;59,13500,01/30/2013,43.53,-71.38,3;74,Coos,41011,2941;176471
3234,NH,4;59,16029,03/31/2014,43.64,-72.14,3;96,Merrimack,33013,3492;156863
3588,NH,4;59,35200,5-1-2012,42.86,-71.03,3;96,Coos,41011,7668;845316
3864,NH,4;59,15600,7-1-2012,42.96,-71.68,3;7,Carroll,51035,3398;69281
3242,NH,4;6,26209,08/13/2010,42.77,-72.38,3;89,Merrimack,33013,5697;608696
3259,NH,4;6,23000,3-10-2010,42.96,-71.98,3;52,Carroll,51035,5000
3870,NH,4;6,22932,10/31/2010,44.48,-71.56,3;92,Rockingham,51165,4985;217391
3835,NH,4;6,24554,12-1-2010,43.43,-71.82,3;82,Strafford,33017,5337;826087
3869,NH,4;6,24617,1-1-2011,43.75,-71.39,3;85,Strafford,33017,5351;521739
3886,NH,4;6,24200,12-1-2010,42.73,-71.31,4;03,Carroll,51035,5260;869565
3868,NH,4;6,29240,12-1-2010,43.03,-71.07,3;68,Strafford,33017,6356;521739
3873,NH,4;6,28960,12/22/2010,43.80,-72.15,3;93,Rockingham,51165,6295;652174
3254,NH,4;6,23500,07/15/2011,42.83,-71.66,3;77,Carroll,51035,5108;695652
3590,NH,4;6,18070,12-1-2011,42.78,-72.15,4;01,Coos,41011,3928;26087
3444,NH,4;6,32200,11/16/2009,43.03,-70.93,4,Cheshire,33005,7000
3897,NH,4;6,23000,3-10-2010,42.84,-71.73,3;68,Carroll,51035,5000
3835,NH,4;6,22587,5-1-2010,42.95,-72.29,3;81,Strafford,33017,4910;217391
3230,NH,4;6,26000,5-1-2010,43.73,-71.69,3;47,Merrimack,33013,5652;173913
3227,NH,4;6,24250,6-1-2010,44.37,-71.25,0,Carroll,51035,5271;73913
3253,NH,4;6,23500,6-12-2010,0,0,3;34,Belknap,33001,5108;695652
3443,NH,4;6,27600,7-2-2010,45.05,-71.39,4;02,Cheshire,33005,6000
3278,NH,4;6,23222,07/16/2010,43.05,-70.78,4;03,Merrimack,33013,5048;26087
3253,NH,4;6,26750,9-1-2010,43.13,-70.92,4;03,Belknap,33001,5815;217391
3051,NH,4;6,13000,8-1-2012,43.13,-70.92,3;62,Hillsborough,33011,2826;086957
3087,NH,4;6,24720,4-1-2012,44.57,-71.18,4;06,Rockingham,51165,5373;913043
3583,NH,4;6,19800,5-1-2012,43.22,-71.33,3;62,Coos,41011,4304;347826
3227,NH,4.608,24000,7-1-2010,44.57,-71.18,4;04,Carroll,51035,5;208333333
3833,NH,4.608,29952,07/30/2010,43.68,-71.11,3;92,Rockingham,51165,6;5
3230,NH,4;62,26000,5-1-2010,43.17,-71.81,3;91,Merrimack,33013,5627;705628
3885,NH,4;62,27720,9-1-2009,43.86,-71.38,3;93,Rockingham,51165,6000
3885,NH,4;62,6000,9-1-2009,43.01,-70.77,4;14,Rockingham,51165,1298;701299
3817,NH,4;62,17000,5-1-2010,43.40,-71.07,4;07,Carroll,51035,3679;65368
3227,NH,4;62,22000,09/30/2010,43.23,-70.82,3;93,Carroll,51035,4761;904762
3431,NH,4;68,6000,05/29/2009,43.85,-71.26,4;09,Cheshire,33005,1282;051282
3269,NH,4;68,6000,03/24/2009,43.30,-70.97,4;05,Belknap,33001,1282;051282
3825,NH,4;68,6000,10/20/2008,42.92,-71.18,3;82,Strafford,33017,1282;051282
3841,NH,4;68,6000,7-1-2009,43.75,-71.39,3;55,Rockingham,51165,1282;051282
3224,NH,4;68,6000,12/20/2009,44.76,-71.58,3;85,Merrimack,33013,1282;051282
3227,NH,4;68,6000,09/30/2009,42.91,-72.06,3;93,Carroll,51035,1282;051282
3227,NH,4;68,6000,09/30/2009,43.87,-71.28,4;14,Carroll,51035,1282;051282
3755,NH,4;68,17282,3-1-2013,43.40,-71.07,3;86,Grafton,33009,3692;735043
3846,NH,4;68,17546,2-1-2013,43.52,-71.86,3;87,Carroll,51035,3749;145299
3588,NH,4;68,17896,10-1-2013,43.83,-71.47,3;89,Coos,41011,3823;931624
3431,NH,4;68,49148;76,05/29/2009,43.65,-71.50,3;64,Cheshire,33005,10501;87179
3269,NH,4;68,38810,03/24/2009,42.88,-72.46,3;94,Belknap,33001,8292;735043
3825,NH,4;68,37563,10/20/2008,43.28,-71.81,3;89,Strafford,33017,8026;282051
3841,NH,4;68,42000,7-1-2009,43.65,-71.50,3;87,Rockingham,51165,8974;358974
3224,NH,4;68,47400,12/20/2009,42.76,-71.43,3;93,Merrimack,33013,10128;20513
3227,NH,4;68,30650,09/30/2009,42.80,-71.30,3;53,Carroll,51035,6549;145299
3259,NH,4;68,25750,09/30/2009,44.41,-71.47,3;87,Carroll,51035,5502;136752
3062,NH,4;68,19516,10-1-2012,43.83,-71.47,3;99,Hillsborough,33011,4170;08547
3245,NH,4;7,23350,3-1-2011,42.97,-70.94,3;86,Grafton,33009,4968;085106
3264,NH,4;7,21000,5-1-2011,43.52,-71.86,4,Grafton,33009,4468;085106
3053,NH,4;7,33858,6-1-2011,43.02,-70.91,4,Rockingham,51165,7203;829787
3608,NH,4;7,19650,07/16/2011,43.02,-70.91,3;94,Cheshire,33005,4180;851064
3590,NH,4;7,19500,12-1-2011,43.89,-71.24,3;87,Coos,41011,4148;93617
3833,NH,4;7,21907,12-1-2011,43.83,-71.47,3;68,Rockingham,51165,4661;06383
3307,NH,4;7,30743,12/23/2009,42.95,-72.29,3;92,Merrimack,33013,6541;06383
3301,NH,4;7,29285,04/15/2010,43.48,-71.58,4;04,Merrimack,33013,6230;851064
3840,NH,4;7,28464,04/30/2010,43.22,-71.04,4;04,Rockingham,51165,6056;170213
3045,NH,4;7,28678,6-11-2010,42.87,-71.18,3;98,Hillsborough,33011,6101;702128
3229,NH,4;7,19667,08/13/2010,43.33,-71.56,3;87,Merrimack,33013,4184;468085
3824,NH,4;7,20083,1-1-2012,43.83,-71.47,3;87,Strafford,33017,4272;978723
3885,NH,4;7,19422,2-1-2012,43.83,-71.47,3;68,Rockingham,51165,4132;340426
3862,NH,4;7,21210,1-1-2012,43.70,-72.27,3;69,Rockingham,51165,4512;765957
3303,NH,4;7,40422,2-1-2012,44.14,-71.18,3;62,Merrimack,33013,8600;425532
3830,NH,4;7,21862,1-1-2012,44.57,-71.18,3;68,Carroll,51035,4651;489362
3051,NH,4;7,20433,2-1-2012,42.95,-72.29,3;92,Hillsborough,33011,4347;446809
3431,NH,4;7,23596,2-1-2012,43.48,-71.58,4;04,Cheshire,33005,5020;425532
3768,NH,4;7,23997;56,01/16/2012,43.22,-71.04,4;04,Grafton,33009,5105;86383
3263,NH,4;7,23970,3-1-2012,42.87,-71.18,3;98,Merrimack,33013,5100
3253,NH,4;7,24255,4-1-2012,43.33,-71.56,3;87,Belknap,33001,5160;638298
3868,NH,4;7,20203,5-1-2012,43.83,-71.47,3;91,Strafford,33017,4298;510638
3281,NH,4;7,24000,10-12-2012,43.86,-71.38,3;83,Hillsborough,33011,5106;382979
3240,NH,4;72,18400,04/19/2013,42.74,-71.49,3;83,Grafton,33009,3898;305085
3229,NH,4.725,6000,08/25/2009,43.73,-71.58,3;81,Merrimack,33013,1;26984127
3886,NH,4.725,28000,09/13/2010,43.73,-71.69,3;89,Carroll,51035,5;925925926
3253,NH,4.725,42480;5,7-1-2011,42.85,-71.36,3;58,Belknap,33001,8;990582011
3229,NH,4.725,23423,08/25/2009,43.08,-72.43,3;55,Merrimack,33013,4;957248677
3264,NH,4.725,33483,08/24/2010,44.76,-71.58,3;99,Grafton,33009,7;086349206
3259,NH,4.725,28000,09/13/2010,42.97,-70.94,4,Carroll,51035,5;925925926
3254,NH,4;73,30500,12/20/2009,43.28,-71.46,3;96,Carroll,51035,6448;20296
3254,NH,4;73,26000,12/15/2009,43.23,-71.56,4,Carroll,51035,5496;828753
3227,NH,4;73,21000,12-1-2010,43.03,-70.83,3;96,Carroll,51035,4439;7463
3241,NH,4;73,30449,10/15/2010,43.01,-71.60,3;94,Grafton,33009,6437;420719
3224,NH,4;75,34500,1-1-2013,43.22,-71.71,4;03,Merrimack,33013,7263;157895
3034,NH,4;75,24000,12-11-2012,43.13,-70.92,4,Rockingham,51165,5052;631579
3258,NH,4;75,20250,3-1-2013,43.02,-70.91,3;94,Merrimack,33013,4263;157895
3216,NH,4;75,17379,7-1-2013,42.97,-70.83,3;96,Merrimack,33013,3658;736842
3216,NH,4;75,20321,7-1-2013,43.23,-71.56,4;07,Merrimack,33013,4278;105263
3431,NH,4;75,20000,05/17/2013,43.64,-71.00,3;87,Cheshire,33005,4210;526316
3781,NH,4;75,17256,5-1-2013,42.76,-71.43,3;68,Sullivan,47163,3632;842105
3229,NH,4;75,22000,05/29/2013,42.95,-72.29,3;68,Merrimack,33013,4631;578947
3043,NH,4;75,20000,06/13/2013,43.80,-72.15,4;08,Hillsborough,33011,4210;526316
3466,NH,4;75,11956;56,07/29/2013,43.30,-71.33,3;89,Cheshire,33005,2517;170526
3255,NH,4;75,21090,05/30/2013,43.65,-71.50,4;09,Merrimack,33013,4440
3257,NH,4;75,23000,6-4-2013,43.30,-70.97,3;93,Merrimack,33013,4842;105263
3446,NH,4;75,22860,7-5-2013,43.10,-71.73,3;85,Cheshire,33005,4812;631579
3782,NH,4;75,24200,06/25/2013,43.55,-71.94,3;94,Sullivan,47163,5094;736842
3110,NH,4;75,22800,11/30/2013,43.22,-71.71,3;93,Hillsborough,33011,4800
3281,NH,4;75,23000,11/30/2012,43.85,-71.26,3;89,Hillsborough,33011,4842;105263
3781,NH,4;75,26880,10/29/2012,43.65,-71.50,3;94,Sullivan,47163,5658;947368
3259,NH,4;77,32700,11/20/2010,43.22,-71.71,3;81,Carroll,51035,6855;345912
3227,NH,4;77,16500,9-1-2012,43.73,-71.69,3;91,Carroll,51035,3459;119497
3576,NH,4;77,14800,7-1-2012,43.86,-71.38,3;82,Coos,41011,3102;725367
3216,NH,4;77,17964,6-1-2013,43.75,-71.39,3;82,Merrimack,33013,3766;037736
3886,NH,4;77,11250,4-1-2013,43.75,-71.39,3;87,Carroll,51035,2358;490566
3846,NH,4;77,16250,5-5-2013,43.83,-71.47,3;82,Carroll,51035,3406;708595
3605,NH,4;77,19475,7-1-2013,43.69,-71.80,3;98,Sullivan,47163,4082;809224
3862,NH,4;77,26818,07/30/2013,43.33,-71.56,4;04,Rockingham,51165,5622;222222
3301,NH,4;77,18000,06/30/2013,43.07,-71.27,4;05,Merrimack,33013,3773;584906
3894,NH,4;77,16900,10-1-2013,43.25,-71.39,3;92,Carroll,51035,3542;976939
3875,NH,4;77,13500,08/15/2013,43.43,-71.82,3;92,Carroll,51035,2830;188679
3110,NH,4;77,11500,12/23/2013,43.43,-71.82,3;68,Hillsborough,33011,2410;901468
3224,NH,4;77,11658;08,11-10-2013,42.95,-72.29,3;71,Merrimack,33013,2444;041929
3307,NH,4;8,29242,1-1-2011,43.53,-72.35,3;94,Merrimack,33013,6092;083333
3833,NH,4;8,26548,1-1-2012,43.22,-71.71,3;94,Rockingham,51165,5530;833333
3748,NH,4;8,30000,10/19/2010,42.98,-71.80,3;64,Grafton,33009,6250
3233,NH,4;8,6000,06/22/2009,42.87,-72.51,3;84,Merrimack,33013,1250
3570,NH,4;8,6000,5-6-2009,43.32,-72.03,3;85,Coos,41011,1250
3824,NH,4;8,18000,03/30/2012,43.41,-71.98,3;68,Strafford,33017,3750
3824,NH,4;8,20369,10-9-2012,42.86,-72.28,3;77,Strafford,33017,4243;541667
3254,NH,4;8,27120,7-1-2010,43.38,-72.08,3;91,Carroll,51035,5650
3755,NH,4;8,34445,10/15/2010,42.95,-71.50,3;93,Grafton,33009,7176;041667
3281,NH,4;8,25732,11/15/2010,43.10,-71.73,3;71,Hillsborough,33011,5360;833333
3263,NH,4;8,27232,1-4-2011,43.53,-72.35,3;91,Merrimack,33013,5673;333333
3220,NH,4;8,38538,12/30/2010,43.86,-71.38,3;87,Belknap,33001,8028;75
3049,NH,4;8,24750,10-7-2011,43.83,-71.47,3;5,Hillsborough,33011,5156;25
3057,NH,4;8,15374,10/31/2011,44.89,-71.49,3;92,Hillsborough,33011,3202;916667
3872,NH,4;8,22500,12/30/2011,43.43,-71.82,3;93,Carroll,51035,4687;5
3241,NH,4;8,53758,01/14/2011,43.85,-71.26,3;69,Grafton,33009,11199;58333
3032,NH,4;8,18059,5-1-2012,44.14,-71.18,3;79,Rockingham,51165,3762;291667
3046,NH,4;8,19676,5-1-2012,43.23,-72.21,3;94,Merrimack,33013,4099;166667
3457,NH,4;8,20880,12-12-2011,42.97,-70.83,3;96,Cheshire,33005,4350
3825,NH,4;8,17735,9-1-2012,43.23,-71.56,3;98,Strafford,33017,3694;791667
3840,NH,4;8,19877,10-1-2012,43.58,-71.20,3;93,Rockingham,51165,4141;041667
3034,NH,4;8,20000,11-1-2012,43.87,-71.19,3;91,Rockingham,51165,4166;666667
3258,NH,4;8,21092,12-1-2012,42.95,-71.50,3;98,Merrimack,33013,4394;166667
3258,NH,4;8,5815;67,12/30/2012,43.33,-71.56,4,Merrimack,33013,1211;597917
3224,NH,4;8,19000,11-1-2012,43.28,-71.46,3;99,Merrimack,33013,3958;333333
3303,NH,4;8,20191,8-1-2012,42.97,-70.94,3;74,Merrimack,33013,4206;458333
3857,NH,4;8,29769,10-1-2012,43.64,-72.14,3;79,Rockingham,51165,6201;875
3844,NH,4;8,19000,4-1-2013,43.40,-71.94,3;63,Rockingham,51165,3958;333333
3237,NH,4;8,21350,11/17/2012,44.48,-71.25,4;03,Belknap,33001,4447;916667
3466,NH,4;8,19584,4-1-2013,43.13,-70.92,4;03,Cheshire,33005,4080
3825,NH,4;8,20250,01/15/2013,43.13,-70.92,3;82,Strafford,33017,4218;75
3261,NH,4;8,17050,7-1-2013,43.75,-71.39,3;68,Rockingham,51165,3552;083333
3771,NH,4;8,19850,5-1-2013,43.70,-72.27,3;93,Grafton,33009,4135;416667
3771,NH,4;8,18700,5-1-2013,43.10,-71.73,4;08,Grafton,33009,3895;833333
3449,NH,4;8,52550,7-1-2013,43.30,-71.33,3;95,Hillsborough,33011,10947;91667
3867,NH,4;8,15225,05/31/2013,43.44,-71.47,3;87,Strafford,33017,3171;875
3259,NH,4;8,13200,11/30/2013,42.73,-71.58,3;94,Carroll,51035,2750
3245,NH,4;8,21891,03/31/2014,42.90,-71.66,4;08,Grafton,33009,4560;625
3233,NH,4;8,41520,06/22/2009,43.56,-71.01,3;82,Merrimack,33013,8650
3570,NH,4;8,14400,5-6-2009,43.69,-71.80,3;99,Coos,41011,3000
3773,NH,4;8,29424,03/31/2010,43.00,-71.34,3;97,Sullivan,47163,6130
3227,NH,4;8,26000,5-5-2010,43.10,-71.59,3;82,Carroll,51035,5416;666667
3748,NH,4;8,31445,05/31/2010,42.99,-72.12,4;04,Grafton,33009,6551;041667
3253,NH,4;8,52360,7-1-2010,43.22,-71.04,4,Belknap,33001,10908;33333
3603,NH,4;8,27120,06/30/2010,43.03,-70.83,4;04,Sullivan,47163,5650
3226,NH,4;8,27120,7-1-2010,43.07,-71.27,4;05,Belknap,33001,5650
3753,NH,4;8,27120,06/15/2010,43.25,-71.39,4;05,Sullivan,47163,5650
3884,NH,4;8,22080,5-1-2012,43.25,-71.39,3;98,Strafford,33017,4600
3580,NH,4;8,15000,10-1-2012,43.33,-71.56,3;96,Grafton,33009,3125
3269,NH,4;8,20667,4-12-2012,43.23,-71.56,4,Belknap,33001,4305;625
3070,NH,4;8,11500,10-1-2012,43.07,-70.94,3;99,Hillsborough,33011,2395;833333
3443,NH,4;8,19200,02/17/2012,42.91,-70.86,4;02,Cheshire,33005,4000
3819,NH,4;8,20804,5-1-2012,43.42,-71.41,3;64,Rockingham,51165,4334;166667
3086,NH,4;8,31000,6-1-2012,42.87,-72.51,4;04,Hillsborough,33011,6458;333333
3833,NH,4;8,34519,6-1-2012,43.22,-71.04,4;05,Rockingham,51165,7191;458333
3287,NH,4;8,23000,9-4-2012,43.19,-71.15,3;62,Merrimack,33013,4791;666667
3867,NH,4;8,20449,7-1-2012,44.28,-72.01,3;62,Strafford,33017,4260;208333
3867,NH,4;8,18129,7-1-2012,44.28,-72.01,3;89,Strafford,33017,3776;875
3063,NH,4;8,22000,05/25/2012,42.96,-71.98,4;08,Hillsborough,33011,4583;333333
3261,NH,4;8,18585,7-1-2012,43.30,-70.97,3;91,Rockingham,51165,3871;875
3106,NH,4;8,25450,05/24/2012,43.86,-71.38,3;83,Merrimack,33013,5302;083333
3588,NH,4;8,20666,08/15/2012,43.73,-71.58,3;79,Coos,41011,4305;416667
3223,NH,4;8,22147,7-1-2012,43.40,-71.94,3;63,Grafton,33009,4613;958333
3818,NH,4;8,18740,7-1-2012,44.48,-71.25,3;76,Carroll,51035,3904;166667
3037,NH,4;8,19600,10-1-2012,43.37,-72.17,3;87,Rockingham,51165,4083;333333
3824,NH,4;8,20369,9-1-2012,43.83,-71.47,3;74,Strafford,33017,4243;541667
3467,NH,4;8,23134,10-1-2012,43.64,-72.14,3;89,Cheshire,33005,4819;583333
3243,NH,4;8,23231,11-1-2012,43.65,-71.50,3;66,Merrimack,33013,4839;791667
3894,NH,4;8,19641,10-1-2012,43.23,-72.42,3;82,Carroll,51035,4091;875
3224,NH,4;8,21350,09/15/2012,43.70,-71.22,3;8,Merrimack,33013,4447;916667
3848,NH,4;8,20000,10-1-2012,43.48,-72.13,4;08,Rockingham,51165,4166;666667
3242,NH,4;8,22500,09/28/2012,43.32,-71.18,3;61,Merrimack,33013,4687;5
3462,NH,4;8,19104,9-4-2012,44.22,-71.74,3;92,Cheshire,33005,3980
3281,NH,4;8,24000,09/21/2012,43.48,-71.58,3;96,Hillsborough,33011,5000
3246,NH,4;8,19064,9-11-2012,42.96,-71.68,3;64,Belknap,33001,3971;666667
3824,NH,4;8,29769,10-1-2012,42.88,-72.46,4;04,Strafford,33017,6201;875
3249,NH,4;8,20791,10-1-2012,42.91,-71.12,4,Belknap,33001,4331;458333
3817,NH,4;8,19086,12-1-2012,42.84,-71.73,3;99,Carroll,51035,3976;25
3045,NH,4;8,18310,09/28/2012,42.97,-70.94,3;89,Hillsborough,33011,3814;583333
3226,NH,4;8,21484,12-1-2012,43.45,-71.91,4;08,Belknap,33001,4475;833333
3256,NH,4;8,17930;78,12-1-2012,43.30,-70.97,4;08,Belknap,33001,3735;579167
3884,NH,4;8,9115,12-3-2012,43.30,-70.97,3;85,Strafford,33017,1898;958333
3255,NH,4;8,20400,08/25/2012,42.74,-71.49,4;05,Merrimack,33013,4250
3820,NH,4;8,17750,12/24/2012,43.19,-71.15,4;01,Strafford,33017,3697;916667
3051,NH,4;81,15000,07/31/2010,43.09,-71.45,3;62,Hillsborough,33011,3118;503119
3870,NH,4;83,26863,11-1-2010,44.57,-71.18,3;81,Rockingham,51165,5561;697723
3253,NH,4;83,60780,4-1-2011,43.86,-71.63,3;92,Belknap,33001,12583;85093
3226,NH,4;83,24950,4-1-2011,43.97,-71.12,4;06,Belknap,33001,5165;63147
3853,NH,4;83,24000,7-1-2012,43.14,-71.21,4;03,Carroll,51035,4968;944099
3824,NH,4;83,22533,01/29/2010,43.13,-70.92,3;6,Strafford,33017,4665;217391
3841,NH,4;83,24789,7-1-2010,42.96,-72.45,3;93,Rockingham,51165,5132;298137
3253,NH,4;83,25253,8-1-2010,43.52,-71.70,3;98,Belknap,33001,5228;364389
3813,NH,4;83,23000,6-1-2010,43.58,-71.20,3;98,Carroll,51035,4761;904762
3844,NH,4;83,23196,9-1-2010,43.33,-71.56,4;01,Rockingham,51165,4802;484472
3259,NH,4;83,29000,11-1-2010,42.93,-71.05,3;92,Carroll,51035,6004;140787
3833,NH,4;83,23626,9-1-2010,43.17,-71.81,3;66,Rockingham,51165,4891;511387
3851,NH,4;83,17006,10/31/2010,42.90,-72.40,3;93,Strafford,33017,3520;910973
3226,NH,4;83,16714,8-1-2012,43.10,-71.73,3;88,Belknap,33001,3460;455487
3816,NH,4;83,24000,7-1-2012,43.56,-71.48,4;03,Carroll,51035,4968;944099
3227,NH,4;84,26000,5-5-2010,43.13,-70.92,3;91,Carroll,51035,5371;900826
3259,NH,4;84,24664;6,04/30/2011,43.53,-71.38,3;94,Carroll,51035,5095;991736
3110,NH,4;84,9618,12/31/2011,43.89,-71.24,3;96,Hillsborough,33011,1987;190083
3249,NH,4;84,24950,03/30/2010,43.01,-71.60,3;82,Belknap,33001,5154;958678
3861,NH,4.845,,02/24/2012,43.70,-71.22,3;87,0,0,0
3861,NH,4.845,21754,2-1-2013,43.60,-71.65,4;08,0,0,4;48998968
3857,NH,4.845,19487,5-1-2013,43.32,-71.18,3;84,Rockingham,51165,4;022084623
3801,NH,4.845,17371,5-1-2013,43.32,-72.03,4;06,Rockingham,51165,3;585345717
3449,NH,4.845,19045,05/24/2013,43.19,-70.87,3;87,Hillsborough,33011,3;930856553
3782,NH,4.845,22500,04/26/2013,42.76,-71.43,3;93,Sullivan,47163,4;643962848
3053,NH,4.845,17081,8-1-2013,43.01,-70.77,3;89,Rockingham,51165,3;525490196
3820,NH,4.845,14649,9-1-2013,43.65,-71.50,3;82,Strafford,33017,3;023529412
3240,NH,4.845,16112,10-1-2013,43.70,-71.22,3;8,Grafton,33009,3;325490196
3823,NH,4.845,14231,10-1-2013,43.63,-71.28,4;03,0,0,2;937254902
3824,NH,4.845,15700,10-1-2013,43.13,-70.92,4;04,Strafford,33017,3;240454076
3781,NH,4.845,30229,9-1-2013,42.87,-71.18,3;89,Sullivan,47163,6;239215686
3254,NH,4.845,16416,11-1-2013,43.65,-71.50,3;92,Carroll,51035,3;388235294
3861,NH,4.845,25500,02/15/2012,43.97,-71.04,3;99,0,0,5;263157895
3801,NH,4.845,27374,04/15/2012,42.91,-70.86,3;91,Rockingham,51165,5;6499484
3110,NH,4.845,26405,09/15/2012,43.86,-71.38,3;99,Hillsborough,33011,5;4499484
3820,NH,4.845,26163,11/30/2012,42.97,-70.94,4;1,Strafford,33017,5;4
3824,NH,4;85,15000,07/24/2013,43.40,-70.98,3;82,Strafford,33017,3092;783505
3054,NH,4;86,25200,06/15/2011,43.70,-71.22,3;95,Hillsborough,33011,5185;185185
3249,NH,4;86,15250,2-4-2013,43.71,-71.25,3;87,Belknap,33001,3137;860082
3748,NH,4;86,18792,7-1-2013,43.83,-71.47,3;91,Grafton,33009,3866;666667
3585,NH,4;86,11733,12/18/2013,43.86,-71.38,3;91,Grafton,33009,2414;197531
3467,NH,4;86,19500,08/25/2010,42.95,-71.50,3;91,Cheshire,33005,4012;345679
3752,NH,4;88,14208;54,9-1-2013,43.53,-71.38,4;04,Sullivan,47163,2911;586066
3825,NH,4;88,17735,9-1-2012,43.10,-71.01,0,Strafford,33017,3634;221311
3303,NH,4;88,20191,8-1-2012,0,0,4;04,Merrimack,33013,4137;5
3070,NH,4;9,6000,08/13/2009,43.10,-71.01,0,Hillsborough,33011,1224;489796
3857,NH,4;9,28028,09/30/2011,0,0,4,Rockingham,51165,5720
3885,NH,4;9,21540,07/25/2011,43.07,-70.94,4;02,Rockingham,51165,4395;918367
3245,NH,4;9,19479,05/18/2012,43.05,-70.78,3;89,Grafton,33009,3975;306122
3827,NH,4;9,14715,04/26/2013,42.96,-71.98,3;77,Rockingham,51165,3003;061224
3042,NH,4;9,15307,5-1-2013,43.38,-72.08,3;89,Rockingham,51165,3123;877551
3820,NH,4;9,19223,4-1-2013,42.85,-71.36,4;06,Strafford,33017,3923;061224
3037,NH,4;9,19034,4-1-2013,43.19,-70.87,3;85,Rockingham,51165,3884;489796
3257,NH,4;9,17085,01/31/2013,43.55,-71.94,4;05,Merrimack,33013,3486;734694
3824,NH,4;9,19176,5-1-2013,43.17,-70.93,0,Strafford,33017,3913;469388
3036,NH,4;9,17310,05/31/2013,0,0,4;03,Rockingham,51165,3532;653061
3276,NH,4;9,18960,7-1-2013,43.13,-70.92,3;71,Belknap,33001,3869;387755
3780,NH,4;9,15969;74,5-1-2013,43.53,-72.35,3;82,Grafton,33009,3259;130612
3261,NH,4;9,18250,5-10-2013,43.75,-71.39,4;04,Rockingham,51165,3724;489796
3278,NH,4;9,45901,6-1-2013,43.10,-71.01,0,Merrimack,33013,9367;55102
3781,NH,4;9,17439,7-1-2013,0,0,4;02,Sullivan,47163,3558;979592
3576,NH,4;9,14000,8-1-2013,43.05,-70.78,3;91,Coos,41011,2857;142857
3773,NH,4;9,45957,09/27/2013,42.95,-71.50,4;06,Sullivan,47163,9378;979592
3070,NH,4;9,36648,08/13/2009,43.19,-70.87,4;03,Hillsborough,33011,7479;183673
3838,NH,4;9,29285,11/25/2010,43.13,-70.92,3;87,Carroll,51035,5976;530612
3110,NH,4;9,24900,8-1-2012,42.86,-71.48,3;91,Hillsborough,33011,5081;632653
3801,NH,4;9,26705,9-1-2012,43.53,-71.38,3;74,Rockingham,51165,5450
3461,NH,4;9,20580,08/15/2012,43.64,-72.14,3;62,Cheshire,33005,4200
3457,NH,4;9,29495,09/15/2012,44.21,-71.90,3;6,Cheshire,33005,6019;387755
3581,NH,4;9,17000,7-1-2012,42.96,-72.45,3;77,Coos,41011,3469;387755
3264,NH,4;9,20231,11-1-2012,43.30,-72.14,4;04,Grafton,33009,4128;77551
3748,NH,4;9,21676,07/31/2012,43.22,-71.04,3;96,Grafton,33009,4423;673469
3593,NH,4;9,21755,10-1-2012,43.23,-71.56,3;96,0,0,4439;795918
3801,NH,4;9,26705,10/30/2012,42.96,-71.68,4,Rockingham,51165,5450
3467,NH,4;9,18794,8-11-2012,43.07,-70.94,4,Cheshire,33005,3835;510204
3452,NH,4;9,20580,09/30/2012,43.02,-70.91,3;83,Cheshire,33005,4200
3447,NH,4;9,20283,10-7-2012,43.73,-71.58,3;97,Cheshire,33005,4139;387755
3223,NH,4;9,16543,11-1-2012,42.92,-71.01,4;03,Grafton,33009,3376;122449
3824,NH,4;9,18000,12-1-2012,43.03,-71.07,4;06,Strafford,33017,3673;469388
3845,NH,4;9,32792,11-1-2012,43.19,-70.87,4;06,Carroll,51035,6692;244898
3449,NH,4;9,19000,12-1-2012,43.14,-71.21,3;85,Hillsborough,33011,3877;55102
3034,NH,4;9,24000,12-11-2012,43.41,-71.98,4;03,Rockingham,51165,4897;959184
3301,NH,4;9,15739;9,12/15/2012,43.13,-70.92,4,Merrimack,33013,3212;22449
3048,NH,4.905,43885,12-1-2011,42.95,-71.25,3;97,Hillsborough,33011,8;946992864
3110,NH,4.905,30000,4-1-2013,43.44,-71.58,3;64,Hillsborough,33011,6;116207951
3809,NH,4.905,37995,5-1-2013,44.00,-72.00,4;05,Belknap,33001,7;74617737
3848,NH,4.905,19431,5-1-2013,43.19,-71.15,3;94,Rockingham,51165,3;96146789
3470,NH,4.905,18550,10/31/2012,43.28,-71.81,3;71,Cheshire,33005,3;78185525
3249,NH,4;92,6000,5-5-2009,43.53,-72.35,3;5,Belknap,33001,1219;512195
3051,NH,4;92,6000,08/13/2009,44.89,-71.49,3;76,Hillsborough,33011,1219;512195
3883,NH,4;92,6000,8-11-2009,43.37,-72.17,3;96,Carroll,51035,1219;512195
3745,NH,4;92,6000,09/29/2009,42.96,-71.68,3;88,Sullivan,47163,1219;512195
3774,NH,4;92,6000,09/27/2009,44.10,-71.17,3;91,Grafton,33009,1219;512195
3224,NH,4;92,6000,09/29/2009,42.95,-71.50,4;02,Merrimack,33013,1219;512195
3301,NH,4;92,35400,11/15/2010,43.05,-70.78,3;82,Merrimack,33013,7195;121951
3256,NH,4;92,34500,11/30/2011,42.75,-72.01,3;82,Belknap,33001,7012;195122
3858,NH,4;92,21000,01/15/2011,42.99,-72.12,3;6,Rockingham,51165,4268;292683
3249,NH,4;92,28950,5-5-2009,44.39,-71.18,3;81,Belknap,33001,5884;146341
3051,NH,4;92,37815,08/13/2009,43.73,-71.69,3;74,Hillsborough,33011,7685;97561
3278,NH,4;92,34685,9-10-2009,43.64,-72.14,3;47,Merrimack,33013,7049;796748
3883,NH,4;92,34000,8-11-2009,44.37,-71.25,0,Carroll,51035,6910;569106
3745,NH,4;92,30332,09/29/2009,0,0,4;02,Sullivan,47163,6165;04065
3774,NH,4;92,30384,09/27/2009,43.05,-70.78,3;6,Grafton,33009,6175;609756
3224,NH,4;92,30700,09/29/2009,42.96,-72.45,3;84,Merrimack,33013,6239;837398
3278,NH,4;92,6000,9-10-2009,42.81,-72.02,3;77,Merrimack,33013,1219;512195
3070,NH,4;92,19000,10/23/2009,42.78,-72.15,3;81,Hillsborough,33011,3861;788618
3229,NH,4;92,33000,11/28/2009,43.86,-71.63,4;03,Merrimack,33013,6707;317073
3258,NH,4;92,33000,05/15/2010,43.13,-70.92,3;89,Merrimack,33013,6707;317073
3750,NH,4;92,27841,5-5-2010,44.15,-71.06,3;89,Grafton,33009,5658;739837
3784,NH,4;92,25662,6-10-2010,42.96,-71.98,4;04,Grafton,33009,5215;853659
3304,NH,4.928,11000,12-10-2011,43.07,-71.27,3;96,Merrimack,33013,2;232142857
3816,NH,4.928,35029,04/30/2010,43.23,-71.56,3;97,Carroll,51035,7;108157468
3845,NH,4;93,13000,09/30/2013,42.76,-71.79,3;91,Carroll,51035,2636;916836
3820,NH,4;93,8448;83,12/31/2013,42.95,-71.50,4;03,Strafford,33017,1713;758621
3844,NH,4.935,34128,03/30/2010,43.45,-71.21,4;01,Rockingham,51165,6;91550152
3838,NH,4.935,29285,11/25/2010,42.93,-71.05,3;7,Carroll,51035,5;93414387
3823,NH,4.935,13727,07/15/2011,42.77,-72.38,3;91,0,0,2;781560284
3259,NH,4.935,20200,8-1-2011,43.53,-71.38,3;87,Carroll,51035,4;093211753
3275,NH,4.935,29291,12/15/2011,42.76,-71.43,3;94,Merrimack,33013,5;935359676
3462,NH,4.935,17890,12-11-2011,43.83,-71.31,3;73,Cheshire,33005,3;625126646
3464,NH,4.935,15120,1-10-2013,43.48,-72.32,3;62,Cheshire,33005,3;063829787
3222,NH,4.935,15405,3-1-2014,44.09,-71.99,3;98,Grafton,33009,3;121580547
3269,NH,4.935,17320,9-1-2013,43.33,-71.56,3;96,Belknap,33001,3;509625127
3874,NH,4.935,34128,03/30/2010,43.23,-71.56,3;87,Rockingham,51165,6;91550152
3245,NH,4.935,25650,04/15/2012,43.60,-71.65,3;96,Grafton,33009,5;197568389
3053,NH,4.935,22249,4-1-2012,42.86,-71.03,3;91,Rockingham,51165,4;508409321
3450,NH,4.935,17275,05/21/2012,43.53,-71.38,3;87,Cheshire,33005,3;500506586
3755,NH,4.935,21610,10-1-2012,42.76,-71.43,3;94,Grafton,33009,4;378926039
3303,NH,4.935,31500,10/28/2012,43.28,-71.81,3;94,Merrimack,33013,6;382978723
3237,NH,4.935,21350,11/17/2012,43.83,-71.31,3;73,Belknap,33001,4;326241135
3269,NH,4;94,6000,08/13/2009,43.48,-72.32,3;62,Belknap,33001,1214;574899
3825,NH,4;94,23526,4-1-2013,44.09,-71.99,3;98,Strafford,33017,4762;348178
3886,NH,4;94,10500,4-1-2013,43.33,-71.56,3;94,Carroll,51035,2125;506073
3087,NH,4;94,18145,7-1-2013,43.28,-71.81,3;96,Rockingham,51165,3673;076923
3046,NH,4;94,16000,5-5-2013,42.96,-71.68,3;94,Merrimack,33013,3238;866397
3046,NH,4;94,16000,5-5-2013,43.22,-71.71,4;05,Merrimack,33013,3238;866397
3110,NH,4;94,16967,7-1-2013,43.25,-71.39,3;65,Hillsborough,33011,3434;615385
3284,NH,4;94,19475,4-4-2013,43.71,-72.19,3;66,Sullivan,47163,3942;307692
3044,NH,4;94,19209,9-1-2013,43.62,-72.29,3;97,Rockingham,51165,3888;461538
3824,NH,4;94,24282,8-3-2013,43.13,-71.54,3;95,Strafford,33017,4915;384615
3848,NH,4;94,15295,9-1-2013,43.71,-71.25,3;89,Rockingham,51165,3096;153846
3853,NH,4;94,17613,9-1-2013,44.15,-71.06,4;06,Carroll,51035,3565;384615
3857,NH,4;94,18145,10-1-2013,43.19,-70.87,3;99,Rockingham,51165,3673;076923
3823,NH,4;94,17024,10-1-2013,42.91,-70.86,3;88,0,0,3446;153846
3784,NH,4;94,19894,8-9-2013,44.10,-71.17,4;05,Grafton,33009,4027;125506
3269,NH,4;94,24928,08/13/2009,43.17,-70.93,0,Belknap,33001,5046;153846
3846,NH,4;94,14760,11/30/2009,0,0,3;91,Carroll,51035,2987;854251
3266,NH,4;94,16200,11-1-2012,43.86,-71.38,4;01,Grafton,33009,3279;352227
3264,NH,4;94,16293,12-1-2012,43.13,-71.45,3;66,Grafton,33009,3298;178138
3466,NH,4;95,29734,12/15/2010,42.90,-72.40,3;85,Cheshire,33005,6006;868687
3266,NH,4;95,19859,5-1-2012,43.08,-72.10,3;88,Grafton,33009,4011;919192
3257,NH,4;95,26730,12/15/2009,43.60,-71.74,3;92,Merrimack,33013,5400
3049,NH,4;95,32000,4-10-2010,43.48,-71.58,3;97,Hillsborough,33011,6464;646465
3603,NH,4;95,14850,09/17/2010,42.89,-70.87,3;83,Sullivan,47163,3000
3282,NH,4;95,19859,5-1-2012,43.73,-71.58,3;89,Grafton,33009,4011;919192
3245,NH,4;95,19479,05/18/2012,42.85,-71.36,3;8,Grafton,33009,3935;151515
3849,NH,4;95,25800,7-1-2012,42.95,-72.10,3;68,Carroll,51035,5212;121212
3605,NH,4;99,10000,12/15/2012,43.70,-72.27,3;96,Sullivan,47163,2004;008016
3063,NH,5,22000,05/25/2012,43.23,-71.56,4;02,Hillsborough,33011,4400
3598,NH,5,23672,9-1-2012,43.42,-71.41,3;92,Coos,41011,4734;4
3285,NH,5,23520,06/15/2013,43.48,-71.58,4;04,0,0,4704
3303,NH,5,24000,07/20/2013,43.22,-71.04,3;93,Merrimack,33013,4800
3442,NH,5,20750,7-9-2013,43.85,-71.26,3;93,Hillsborough,33011,4150
3451,NH,5,18000,7-10-2013,42.80,-71.30,3;97,Cheshire,33005,3600
3218,NH,5,18750,07/20/2013,43.10,-71.59,3;97,Belknap,33001,3750
3770,NH,5,14000,9-10-2013,43.10,-71.59,3;91,Sullivan,47163,2800
3782,NH,5,21435,8-7-2013,42.95,-71.50,3;8,Sullivan,47163,4287
3870,NH,5,23450,10/31/2013,43.49,-72.03,4;03,Rockingham,51165,4690
3782,NH,5,19435,08/31/2013,42.99,-71.14,4;03,Sullivan,47163,3887
3244,NH,5,22975,09/23/2013,43.13,-70.92,4;01,Hillsborough,33011,4595
3886,NH,5,23450,10/30/2013,42.93,-71.05,3;8,Carroll,51035,4690
3226,NH,5,38965,11/20/2013,43.63,-71.28,4,Belknap,33001,7793
3278,NH,5,20500,11-7-2013,43.07,-70.94,4;05,Merrimack,33013,4100
3470,NH,5,31500,12/13/2013,43.17,-70.93,0,Cheshire,33005,6300
3290,NH,5,22150,11-1-2013,0,0,3;66,Rockingham,51165,4430
3825,NH,5,21002,09/19/2012,43.62,-72.29,3;92,Strafford,33017,4200;4
3245,NH,5.035,12300,5-1-2013,43.48,-71.58,3;69,Grafton,33009,2;442899702
3237,NH,5;04,12832,10-1-2013,44.14,-71.18,3;78,Belknap,33001,2546;031746
3458,NH,5;1,18050,10-1-2013,43.80,-71.81,3;81,Hillsborough,33011,3539;215686
3840,NH,5;1,13389,12-1-2013,43.73,-71.69,3;64,Rockingham,51165,2625;294118
3034,NH,5;1,17657,2-1-2014,42.87,-72.51,3;78,Rockingham,51165,3462;156863
3245,NH,5;17,19262,06/28/2013,43.80,-71.81,3;85,Grafton,33009,3725;725338
3824,NH,5;2,20159,12-1-2013,43.41,-71.98,3;87,Strafford,33017,3876;730769
3049,NH,5;2,19228,11-1-2013,42.73,-71.58,3;66,Hillsborough,33011,3697;692308
3869,NH,5;2,18529,3-1-2014,43.23,-72.42,3;69,Strafford,33017,3563;269231
3256,NH,5;22,15316,9-1-2013,43.87,-71.91,3;83,Belknap,33001,2934;099617
3853,NH,5;28,20000,12-1-2011,43.73,-71.58,3;95,Carroll,51035,3787;878788
3584,NH,5;3,23750,05/14/2013,43.89,-71.14,3;79,Coos,41011,4481;132075
3256,NH,5;3,19286,8-1-2013,43.23,-72.21,3;85,Belknap,33001,3638;867925
3449,NH,5;3,20498,7-3-2013,42.74,-71.49,3;54,Hillsborough,33011,3867;54717
3227,NH,5;3,15300,09/30/2013,44.37,-71.61,3;81,Carroll,51035,2886;792453
3304,NH,5;3,21200,09/16/2013,43.93,-71.62,0,Merrimack,33013,4000
3755,NH,5;32,22600,10-10-2013,0,0,3;96,Grafton,33009,4248;120301
3750,NH,5;33,15000,8-10-2010,43.23,-71.56,3;91,Grafton,33009,2814;258912
3036,NH,5;38,9880,5-1-2013,43.00,-71.93,3;67,Rockingham,51165,1836;431227
3598,NH,5;4,18675,10-1-2013,42.78,-72.48,4;07,Coos,41011,3458;333333
3870,NH,5;5,22355;29,06/15/2013,43.33,-71.29,3;69,Rockingham,51165,4064;598182
3608,NH,5;5,16445,11/29/2013,43.52,-72.27,3;77,Cheshire,33005,2990
3253,NH,5.565,15722,8-1-2013,43.38,-72.08,3;93,Belknap,33001,2;825157233
3781,NH,5;61,16853,11-1-2013,43.01,-70.77,3;77,Sullivan,47163,3004;099822
3851,NH,5;61,18406,12-1-2013,43.38,-72.08,3;9,Strafford,33017,3280;926916
3051,NH,5;61,19666,3-1-2014,43.12,-71.92,3;93,Hillsborough,33011,3505;525847
3287,NH,5;64,13000,6-4-2013,43.85,-71.26,3;82,Merrimack,33013,2304;964539
3307,NH,5;64,22500,9-1-2013,43.70,-71.22,3;94,Merrimack,33013,3989;361702
3593,NH,5;72,19741,10-1-2013,43.28,-71.81,3;7,0,0,3451;223776
3287,NH,5;72,16739,10-1-2013,42.77,-72.38,4;04,Merrimack,33013,2926;398601
3593,NH,5;72,18943,10-1-2013,43.11,-71.10,4;04,0,0,3311;713287
3245,NH,5;75,22769;5,06/28/2013,43.22,-71.04,3;83,Grafton,33009,3959;913043
3823,NH,5;76,20331,11-1-2013,43.73,-71.58,4;02,0,0,3529;6875
3053,NH,5;88,,09/21/2011,43.42,-71.41,3;92,Rockingham,51165,0
3224,NH,5;88,27000,4-5-2013,42.87,-71.96,4,Merrimack,33013,4591;836735
3842,NH,5;98,22500,6-1-2013,43.03,-70.83,4;04,Rockingham,51165,3762;541806
3104,NH,6,23000,07/14/2013,43.07,-71.27,3;83,Hillsborough,33011,3833;333333
3229,NH,6,15000,10-1-2013,43.73,-71.58,4;03,Merrimack,33013,2500
3444,NH,6,25000,10-4-2013,43.13,-70.92,3;87,Cheshire,33005,4166;666667
3102,NH,6,23020,10-7-2013,42.73,-71.58,4;07,Hillsborough,33011,3836;666667
3755,NH,6,22500,11-6-2013,43.23,-70.82,3;87,Grafton,33009,3750
3258,NH,6,22500,11/30/2013,43.60,-71.65,3;8,Merrimack,33013,3750
3819,NH,6;12,20640,12-1-2013,43.63,-71.28,3;52,Rockingham,51165,3372;54902
3224,NH,6;12,22519,12-1-2013,44.48,-71.56,3;87,Merrimack,33013,3679;575163
3036,NH,6;12,22440,7-1-2014,43.60,-71.65,3;89,Rockingham,51165,3666;666667
3872,NH,6;12,20019,3-1-2014,42.96,-71.98,3;87,Carroll,51035,3271;078431
3102,NH,6;12,19522;8,3-1-2014,43.83,-71.47,3;97,Hillsborough,33011,3190
3820,NH,6;24,14174,11-1-2013,43.13,-71.54,3;68,Strafford,33017,2271;474359
3106,NH,6;24,22792,10-1-2013,43.70,-72.27,3;65,Merrimack,33013,3652;564103
3608,NH,6;24,25444,12/16/2013,43.71,-72.19,4,Cheshire,33005,4077;564103
3278,NH,6;25,25585,11-12-2013,42.95,-71.25,3;54,Merrimack,33013,4093;6
3031,NH,6.375,25787,3-1-2014,44.37,-71.61,3;93,Hillsborough,33011,4;045019608
3466,NH,6;5,22815,04/20/2014,43.01,-70.77,3;58,Cheshire,33005,3510
3779,NH,6;54,26750,12/19/2013,43.08,-72.43,3;89,Grafton,33009,4090;214067
3036,NH,6;63,17860,10-1-2013,43.65,-71.50,3;71,Rockingham,51165,2693;815988
3743,NH,6;71,17866,5-10-2013,43.53,-72.35,4;1,Sullivan,47163,2662;593145
3456,NH,6;75,28950,12/31/2013,43.40,-70.98,3;87,Cheshire,33005,4288;888889
3894,NH,6;75,25290,11/21/2013,42.76,-71.43,3;89,Carroll,51035,3746;666667
3257,NH,6;76,17119,10-1-2013,43.45,-71.91,4,Merrimack,33013,2532;39645
3037,NH,6;86,26592,7-10-2013,43.28,-71.46,3;47,Rockingham,51165,3876;38484
3243,NH,7,28875,09/15/2013,44.37,-71.25,0,Merrimack,33013,4125
3781,NH,7,29100,10-7-2013,0,0,3;89,Sullivan,47163,4157;142857
3048,NH,7;02,23434;5,3-1-2014,43.45,-71.91,3;47,Hillsborough,33011,3338;247863
3461,NH,7;02,25642,4-1-2014,44.37,-71.25,0,Cheshire,33005,3652;706553
3820,NH,7;05,31709,12-1-2010,0,0,3;83,Strafford,33017,4497;730496
3220,NH,7.155,12300,05/15/2013,43.73,-71.58,4;05,Belknap,33001,1;719077568
3853,NH,7.155,19500,09/30/2013,43.17,-70.93,0,Carroll,51035,2;725366876
3824,NH,7;28,25936,3-8-2014,0,0,3;89,Strafford,33017,3562;637363
3222,NH,7;42,23750,11/30/2013,42.85,-71.36,3;98,Grafton,33009,3200;808625
3103,NH,7;5,38000,06/28/2013,43.33,-71.56,3;95,Hillsborough,33011,5066;666667
3753,NH,7;5,23000,2-1-2014,42.94,-70.82,3;94,Sullivan,47163,3066;666667
3224,NH,7;5,25875,12/15/2013,42.99,-71.45,3;94,Merrimack,33013,3450
3770,NH,7;5,46954,11/15/2013,43.22,-71.71,3;85,Sullivan,47163,6260;533333
3824,NH,7;54,37067,07/25/2013,42.91,-72.06,3;96,Strafford,33017,4916;047745
3223,NH,7;62,25092,09/25/2013,42.99,-71.45,3;68,Grafton,33009,3292;913386
3833,NH,7;65,24973,2-1-2014,43.70,-72.27,4;05,Rockingham,51165,3264;444444
3216,NH,7;65,26365,6-1-2014,43.25,-71.39,4;04,Merrimack,33013,3446;405229
3885,NH,7;8,23547,11-1-2013,42.91,-71.12,3;98,Rockingham,51165,3018;846154
3842,NH,7;8,23048,12-1-2013,43.33,-71.56,4,Rockingham,51165,2954;871795
3037,NH,7;8,24500,12-1-2013,42.95,-71.25,4;08,Rockingham,51165,3141;025641
3458,NH,7;8,26756,12-1-2013,43.56,-71.01,3;96,Hillsborough,33011,3430;25641
3870,NH,7;8,27895,12-1-2013,42.99,-71.45,4;06,Rockingham,51165,3576;282051
3221,NH,7;8,26880,3-1-2014,43.19,-70.87,4;01,Merrimack,33013,3446;153846
3222,NH,7;8,41500,12/20/2013,43.09,-71.45,3;58,Grafton,33009,5320;512821
3836,NH,7;92,39900,6-1-2012,43.08,-72.43,3;94,Carroll,51035,5037;878788
3216,NH,8,32750,11/16/2013,43.28,-71.81,3;88,Merrimack,33013,4093;75
3446,NH,8.085,40500,5-1-2012,42.86,-71.61,3;64,Cheshire,33005,5;009276438
3245,NH,8;1,31900,01/30/2014,42.87,-72.51,3;62,Grafton,33009,3938;271605
3466,NH,8;25,16000,10/21/2013,43.96,-72.08,4,Cheshire,33005,1939;393939
3110,NH,8;28,35000,10-1-2012,42.95,-71.25,3;68,Hillsborough,33011,4227;05314
3042,NH,8;46,34963;21,03/25/2012,43.37,-72.33,3;77,Rockingham,51165,4132;767139
3833,NH,8;58,27378,11-1-2013,43.11,-72.20,3;98,Rockingham,51165,3190;909091
3873,NH,8.695,22085,05/29/2012,43.58,-71.20,3;85,Rockingham,51165,2;539965497
3608,NH,8.745,30370,07/14/2013,43.41,-71.98,4;06,Cheshire,33005,3;472841624
3253,NH,8.829,40000,12/31/2013,43.14,-71.21,3;93,Belknap,33001,4;530524408
3259,NH,8.925,27000,7-1-2012,43.52,-71.70,3;71,Carroll,51035,3;025210084
3576,NH,8;96,40685,5-1-2011,43.53,-72.35,3;97,Coos,41011,4540;736607
3766,NH,9,36900,10/17/2013,42.76,-71.79,3;82,Grafton,33009,4100
3281,NH,9,31200,10/22/2013,42.75,-72.01,4;06,Hillsborough,33011,3466;666667
3884,NH,9,27876,11/20/2013,43.19,-70.87,3;95,Strafford,33017,3097;333333
3841,NH,9;1,36939,12-1-2013,43.44,-71.47,3;8,Rockingham,51165,4059;230769
3264,NH,9;2,38502,1-1-2012,43.63,-71.28,4;03,Grafton,33009,4185
3264,NH,9;2,,12/21/2011,43.13,-70.92,3;88,Grafton,33009,0
3584,NH,9;36,41500,12-1-2013,43.60,-71.74,3;89,Coos,41011,4433;760684
3110,NH,9;5,40600,09/24/2013,42.99,-71.45,3;8,Hillsborough,33011,4273;684211
3467,NH,9;54,28800,08/27/2013,43.48,-72.13,3;98,Cheshire,33005,3018;867925
3301,NH,9;54,27500,09/30/2013,43.33,-71.56,3;69,Merrimack,33013,2882;599581
3266,NH,9;54,25500,11/15/2013,43.52,-72.27,4;03,Grafton,33009,2672;955975
3062,NH,9;6,,06/29/2009,43.13,-70.92,3;81,Hillsborough,33011,0
3773,NH,9;6,38374,6-1-2013,43.86,-71.63,3;99,Sullivan,47163,3997;291667
3064,NH,9;6,29700,06/13/2013,42.97,-70.94,3;92,Hillsborough,33011,3093;75
3258,NH,9;6,30000,10/31/2012,43.43,-71.82,4,Merrimack,33013,3125
3104,NH,9.635,47575,7-1-2011,43.02,-70.91,3;95,Hillsborough,33011,4;937727037
3254,NH,9;66,20000,07/15/2013,42.94,-70.82,4;06,Carroll,51035,2070;393375
3254,NH,9;66,37000,12-1-2013,43.14,-71.21,3;92,Carroll,51035,3830;227743
3865,NH,9;72,41484,08/30/2013,42.87,-71.96,3;93,Rockingham,51165,4267;901235
3257,NH,9;75,36515,10/28/2013,43.01,-70.77,3;86,Merrimack,33013,3745;128205
3257,NH,9;75,22500,10-5-2013,43.27,-71.96,3;88,Merrimack,33013,2307;692308
3857,NH,9.805,31080,08/31/2013,43.60,-71.74,4;02,Rockingham,51165,3;169811321
3755,NH,9;88,17053,10-1-2013,43.81,-71.03,3;92,Grafton,33009,1726;012146
3110,NH,9;88,17100,11-1-2013,43.43,-71.82,3;68,Hillsborough,33011,1730;769231
3255,NH,9;88,33901,03/28/2014,42.86,-72.28,3;83,Merrimack,33013,3431;275304
3458,NH,9;9,62413,11-1-2011,43.73,-71.58,3;64,Hillsborough,33011,6304;343434
3045,NH,10,42500,08/28/2013,42.87,-72.51,3;91,Hillsborough,33011,4250
3816,NH,10,35475,11/23/2013,42.95,-71.50,4;03,Carroll,51035,3547;5
3431,NH,10;56,,6-5-2010,43.03,-71.07,3;99,Cheshire,33005,0
3077,NH,10.575,62958,3-1-2011,42.97,-70.94,4;05,Rockingham,51165,5;953475177
3063,NH,10;8,,07/27/2011,42.92,-71.18,3;58,Hillsborough,33011,0
3574,NH,11,38000,5-1-2013,43.08,-72.43,3;89,Grafton,33009,3454;545455
3301,NH,11,48000,12/15/2012,43.65,-71.50,3;91,Merrimack,33013,4363;636364
3590,NH,11;04,52500,4-1-2012,43.86,-71.38,3;5,Coos,41011,4755;434783
3227,NH,11;04,41500,5-1-2011,44.89,-71.49,3;68,Carroll,51035,3759;057971
3824,NH,11.225,39514,12-1-2012,43.63,-72.25,3;93,Strafford,33017,3;520178174
3278,NH,11;52,74500,08/31/2011,43.10,-71.73,4;08,Merrimack,33013,6467;013889
3278,NH,11;52,,12/14/2011,43.32,-71.18,4;04,Merrimack,33013,0
3857,NH,11.925,37810,08/31/2013,42.87,-71.18,3;81,Rockingham,51165,3;170649895
3259,NH,12,36879,9-1-2013,43.73,-71.69,3;81,Carroll,51035,3073;25
3466,NH,12;22,46436,12-6-2011,43.73,-71.69,3;52,Cheshire,33005,3800
3227,NH,12;22,58764,12-1-2011,44.48,-71.56,3;91,Carroll,51035,4808;837971
3860,NH,12;24,30500,5-1-2013,42.95,-71.50,3;6,Carroll,51035,2491;830065
3110,NH,12;24,63500,10/30/2012,42.96,-72.45,3;96,Hillsborough,33011,5187;908497
3823,NH,12;48,50045,11-1-2013,43.23,-71.56,3;78,0,0,4010;016026
3878,NH,12;88,152935,03/28/2012,43.80,-71.81,3;83,Strafford,33017,11873;8354
3570,NH,12;96,45300,6-1-2012,42.74,-71.49,3;76,Coos,41011,3495;37037
3833,NH,13;26,,3-7-2014,43.37,-72.17,3;86,Rockingham,51165,0
3431,NH,13;75,51600,10/18/2013,42.74,-71.49,4;05,Cheshire,33005,3752;727273
3301,NH,13;8,,12-5-2011,43.25,-71.39,3;94,Merrimack,33013,0
3782,NH,13;8,61035,12-1-2011,42.99,-71.45,3;82,Sullivan,47163,4422;826087
3101,NH,14;04,,10-7-2009,43.75,-71.39,3;82,Hillsborough,33011,0
3253,NH,14;04,38800,11-1-2013,43.75,-71.39,3;99,Belknap,33001,2763;532764
3801,NH,14;4,,02/26/2013,42.83,-71.09,3;85,Rockingham,51165,0
3222,NH,15,44850,07/25/2013,43.41,-71.98,3;85,Grafton,33009,2990
3818,NH,15;02,,6-3-2010,43.41,-71.98,4,Carroll,51035,0
3801,NH,15;3,75735,12/15/2012,43.07,-70.94,3;68,Rockingham,51165,4950
3222,NH,15;37,48300,7-1-2013,43.70,-72.27,3;91,Grafton,33009,3142;485361
3246,NH,15;57,106927,5-1-2011,42.95,-71.50,3;84,Belknap,33001,6867;501606
3246,NH,15;57,,09/21/2011,43.32,-72.03,3;92,Belknap,33001,0
3824,NH,15;6,52412,12-1-2013,42.87,-71.96,3;96,Strafford,33017,3359;74359
3801,NH,15;81,84000,03/20/2012,43.01,-71.60,3;95,Rockingham,51165,5313;092979
3458,NH,15;9,72500,10/15/2013,43.71,-71.25,3;68,Hillsborough,33011,4559;748428
3258,NH,17.136,107100,5-7-2011,42.95,-72.29,4;05,Merrimack,33013,6;25
3754,NH,18;36,81000,1-1-2013,43.03,-71.17,3;85,Sullivan,47163,4411;764706
3827,NH,18;4,,10-5-2011,42.74,-71.49,3;61,Rockingham,51165,0
3104,NH,19;08,,8-9-2013,44.28,-71.68,3;96,Hillsborough,33011,0
3584,NH,19;08,81700,5-1-2013,43.23,-71.56,3;55,Coos,41011,4281;97065
3104,NH,19;08,82998,08/31/2013,44.76,-71.58,3;87,Hillsborough,33011,4350
3576,NH,19;11,70000,5-1-2012,43.83,-71.47,4;03,Coos,41011,3663;003663
3840,NH,19;2,129900,3-1-2011,43.13,-70.92,3;94,Rockingham,51165,6765;625
3801,NH,20,67609;39,07/15/2013,43.28,-71.81,3;94,Rockingham,51165,3380;4695
3261,NH,20,73000,10/30/2013,43.28,-71.81,4,Rockingham,51165,3650
3833,NH,20;68,,05/15/2012,43.07,-70.94,3;91,Rockingham,51165,0
3886,NH,21;2,53000,05/15/2013,43.86,-71.38,3;64,Carroll,51035,2500
3256,NH,21;2,65722,9-1-2013,42.87,-72.51,3;87,Belknap,33001,3100;09434
3570,NH,22;5,75000,11/24/2012,43.83,-71.47,3;94,Coos,41011,3333;333333
3773,NH,23;04,87948,6-1-2012,44.05,-71.12,3;91,Sullivan,47163,3817;1875
3801,NH,23.265,106346,8-1-2012,42.95,-71.50,4;05,Rockingham,51165,4;571072426
3801,NH,23.265,,06/16/2011,43.17,-70.93,0,Rockingham,51165,0
3254,NH,23;52,136627,07/27/2012,0,0,4;06,Carroll,51035,5808;971088
3102,NH,26;55,78582,10-1-2013,43.25,-70.88,3;63,Hillsborough,33011,2959;774011
3574,NH,28;56,79577,11-1-2013,44.48,-71.25,3;99,Grafton,33009,2786;309524
3824,NH,29.375,,12/29/2011,42.97,-70.94,3;68,Strafford,33017,0
3047,NH,30,87580,11-1-2013,42.95,-72.29,3;96,Hillsborough,33011,2919;333333
3431,NH,30,99370,12/31/2013,43.23,-71.56,3;77,Cheshire,33005,3312;333333
3874,NH,30;24,160000,10-1-2011,43.38,-72.08,3;94,Rockingham,51165,5291;005291
3087,NH,30;55,142000,7-1-2011,42.99,-71.45,3;89,Rockingham,51165,4648;11784
3276,NH,31;92,351463,7-1-2012,43.65,-71.50,4;02,Belknap,33001,11010;74561
3576,NH,35;88,112000,9-1-2012,43.05,-70.78,3;88,Coos,41011,3121;516165
3820,NH,36,128040,07/15/2013,43.60,-71.74,3;92,Strafford,33017,3556;666667
3101,NH,38;87,230618;8,11-1-2011,43.97,-71.12,4;02,Hillsborough,33011,5933;079496
3844,NH,39;78,,09/24/2012,43.05,-70.78,3;88,Rockingham,51165,0
3079,NH,40,136000,11/20/2013,43.60,-71.74,3;88,Rockingham,51165,3400
3042,NH,40,146500,1-1-2014,43.56,-71.48,3;88,Rockingham,51165,3662;5
3307,NH,40.425,114000,9-1-2013,43.56,-71.48,4;03,Merrimack,33013,2;820037106
3257,NH,41,190000,11-1-2011,43.13,-70.92,4;02,Merrimack,33013,4634;146341
3773,NH,41;4,165489,6-1-2013,43.05,-70.78,3;92,Sullivan,47163,3997;318841
3257,NH,41;4,,11/17/2011,42.87,-71.96,4;05,Merrimack,33013,0
3818,NH,42;3,179390,7-1-2012,43.25,-71.39,3;74,Carroll,51035,4240;898345
3584,NH,45;36,143000,1-1-2014,43.37,-72.14,3;97,Coos,41011,3152;557319
3848,NH,45;5,154974,5-10-2013,42.92,-71.01,3;94,Rockingham,51165,3406;021978
3867,NH,48,159718,07/15/2013,42.99,-71.45,3;52,Strafford,33017,3327;458333
3857,NH,48;06,147642,12-1-2013,44.48,-71.56,3;94,Rockingham,51165,3072;034956
3820,NH,49;92,233000,3-1-2012,42.99,-71.45,3;5,Strafford,33017,4667;467949
3053,NH,50,,10/18/2005,44.89,-71.49,4,Rockingham,51165,0
3101,NH,51;3,355891;23,7-8-2009,43.03,-70.83,4;02,Hillsborough,33011,6937;450877
3801,NH,54,171888,07/15/2013,43.05,-70.78,4;05,Rockingham,51165,3183;111111
3234,NH,54,175500,11-1-2013,43.19,-71.15,3;99,Merrimack,33013,3250
3827,NH,61;49,300000,10/25/2011,42.97,-70.94,3;93,Rockingham,51165,4878;842088
3827,NH,62;16,330550,6-1-2012,43.85,-71.26,3;87,Rockingham,51165,5317;728443
3234,NH,63,204750,11-1-2013,43.60,-71.65,3;63,Merrimack,33013,3250
3234,NH,63,204750,11-1-2013,44.48,-71.25,3;76,Merrimack,33013,3250
3087,NH,65;4,279258,9-1-2013,43.37,-72.17,4;02,Rockingham,51165,4270
3216,NH,70;98,,1-11-2013,43.05,-70.78,4;02,Merrimack,33013,0
3781,NH,80;96,424100,12/30/2010,43.05,-70.78,3;82,Sullivan,47163,5238;389328
3781,NH,80;96,424100,1-11-2012,43.75,-71.39,3;96,Sullivan,47163,5238;389328
3833,NH,97;65,,10/25/2010,42.99,-71.45,3;61,Rockingham,51165,0
3053,NH,99;33,,5-10-2010,44.28,-71.68,4;03,Rockingham,51165,0
3824,NH,99;45,330601,12-1-2013,43.13,-70.92,3;94,Strafford,33017,3324;293615
3087,NH,100,315000,7-1-2013,42.95,-71.85,3;68,Rockingham,51165,3150
3824,NH,120,410000,12/23/2013,42.95,-72.29,3;97,Strafford,33017,3416;666667
3257,NH,127,509000,11/30/2012,42.89,-70.87,3;93,Merrimack,33013,4007;874016
3431,NH,127;68,898100,5-7-2013,42.80,-71.30,3;97,Cheshire,33005,7033;991228
3878,NH,140,,11-6-2012,43.44,-71.58,3;5,Strafford,33017,0
3860,NH,167;4,1200000,8-12-2010,44.89,-71.49,4;06,Carroll,51035,7168;458781
3874,NH,276,1250000,6-9-2011,43.19,-70.87,3;94,Rockingham,51165,4528;985507
3103,NH,525,3300000,8-10-2012,42.99,-71.45,3;99,Hillsborough,33011,6285;714286
