Zipcode,State,Size (kW DC),Cost,Date Installed,Filters=maxsize=30600&minsize=0&state=VT
5655,VT,0.175,1372.69,11-10-2009,
5730,VT,0.4,8585,04/13/2009,
5344,VT,0.42,20900.0,05/15/2011,
5769,VT,0.64,6630,5-6-2009,
5769,VT,0.64,5825,03/16/2009,
5663,VT,0.66,7704,8-10-2006,
5401,VT,0.675,2040.0,08/16/2011,
5053,VT,0.72,12010,07/17/2008,
5682,VT,0.75,11045,03/14/2008,
5075,VT,0.76,0.0,07/14/2010,
5770,VT,0.84,8108.4,6-11-2004,
5655,VT,0.896,5040.6,12-9-2011,
5344,VT,0.92,7560,1-11-2007,
5047,VT,0.92,12065.91,04/27/2011,
5648,VT,0.96,,6-3-2002,
5047,VT,0.96,4091.88,12/19/2008,
5757,VT,0.96,6800,10-5-2007,
5053,VT,0.96,19467,04/20/2006,
5344,VT,1,14153.45,07/16/2009,
5055,VT,1,3000,08/25/2009,
5461,VT,1,14284,11/25/2009,
5359,VT,1,10411,10/21/2009,
5495,VT,1,10838.61,04/14/2009,
5031,VT,1,10189,02/17/2009,
5401,VT,1,13854,5-11-2009,
5478,VT,1,7485,08/17/2009,
5452,VT,1,11409,11/19/2009,
5735,VT,1.02,,12/27/2012,
5346,VT,1.02,6587.5,10/22/2004,
5602,VT,1.035,10084,1-11-2007,
5445,VT,1.05,5900.0,9-9-2010,
5655,VT,1.05,7145.0,11/18/2011,
5777,VT,1.05,11747.0,05/26/2011,
5770,VT,1.05,5996.0,03/17/2011,
5445,VT,1.075,8425.0,01/22/2010,
5491,VT,1.08,14861.95,8-6-2004,
5056,VT,1.1,19318,06/23/2009,
5301,VT,1.1,13131,09/21/2006,
5075,VT,1.14,11171.02,07/24/2008,
5089,VT,1.14,17677.05,12/19/2008,
5037,VT,1.15,5824.22,10/18/2010,
5701,VT,1.15,10044.8,5-3-2011,
5602,VT,1.17,4705.36,10-8-2004,
5077,VT,1.19,11396,05/16/2008,
5301,VT,1.19,9702,10-12-2007,
5201,VT,1.2,18150.0,08/23/2004,
5766,VT,1.2,11470,09/28/2006,
5401,VT,1.2,10170.2,02/13/2004,
5151,VT,1.2,17820.0,06/28/2010,
5070,VT,1.2,9976.7,1-8-2010,
5676,VT,1.248,12447,1-11-2007,
5445,VT,1.26,14400,10-12-2007,
5652,VT,1.26,10017.22,01/25/2008,
5664,VT,1.26,9622.0,10-12-2011,
5142,VT,1.265,10834,2-8-2007,
5443,VT,1.3,10525,5-7-2009,
5735,VT,1.32,11000,7-12-2007,
5494,VT,1.32,17090,06/26/2008,
5363,VT,1.32,15523.9,4-8-2005,
5753,VT,1.32,17321,3-1-2007,
5443,VT,1.344,13054.33,09/19/2010,
5701,VT,1.36,12420.21,07/24/2008,
5760,VT,1.36,14843,07/17/2008,
5001,VT,1.374,15027.81,08/17/2010,
5655,VT,1.38,4977.75,01/20/2010,
5822,VT,1.38,10230.0,05/19/2011,
5403,VT,1.4,13842,07/25/2007,
5733,VT,1.4,16614,8-4-2009,
5470,VT,1.4,5000.0,10-8-2012,
5405,VT,1.4,9800.0,06/25/2012,
5358,VT,1.41,9522.0,1-11-2012,
5767,VT,1.41,,12/15/2011,
5474,VT,1.41,11276.0,8-4-2011,
5701,VT,1.435,12857.75,12-9-2010,
5401,VT,1.44,12428,7-2-2004,
5462,VT,1.44,15200,09/13/2007,
5359,VT,1.44,13163,2-8-2008,
5773,VT,1.44,16265.5,01/17/2008,
5143,VT,1.44,9414.75,02/16/2007,
5827,VT,1.44,11646.42,09/17/2004,
5871,VT,1.44,13493,3-6-2008,
5833,VT,1.44,12649.66,7-3-2008,
5753,VT,1.44,12059,05/13/2005,
5764,VT,1.44,13291,9-5-2007,
5065,VT,1.44,21637,2-8-2008,
5065,VT,1.44,21637,02/20/2008,
5301,VT,1.44,8580.0,9-12-2011,
5760,VT,1.47,6982.5,7-10-2012,
5346,VT,1.47,7306.0,10-11-2012,
5152,VT,1.48,19980.72,08/13/2004,
5820,VT,1.48,10956.12,08/27/2011,
5250,VT,1.5,13926.5,2-12-2009,
5651,VT,1.5,12624.5,05/28/2004,
5068,VT,1.5,15960,3-9-2009,
5819,VT,1.5,17811.5,3-9-2009,
5143,VT,1.5,15000,03/28/2009,
5048,VT,1.5,11756,02/27/2006,
5733,VT,1.5,12069,9-11-2009,
5492,VT,1.5,11300.0,11/25/2011,
5701,VT,1.52,11392.5,08/21/2008,
5602,VT,1.52,14941.54,10-5-2007,
5156,VT,1.52,22500.55,09/26/2008,
5070,VT,1.52,22916.54,12/19/2008,
5602,VT,1.52,16229.47,05/31/2007,
5739,VT,1.52,0.0,11/16/2010,
5733,VT,1.53,7300.0,11/19/2012,
5070,VT,1.54,9132.4,05/28/2004,
5346,VT,1.56,9240.0,05/26/2011,
5352,VT,1.6,10287.45,12/16/2000,
5446,VT,1.6,34308,2-11-2009,
5458,VT,1.6,9750,02/27/2009,
5676,VT,1.6,15964.74,8-8-2008,
5405,VT,1.6,14424,11-11-2009,
5491,VT,1.6,14901,5-7-2009,
5072,VT,1.6,16138.34,05/26/2009,
5043,VT,1.64,7433.14,12/18/2010,
5701,VT,1.64,9519.96,02/23/2011,
5075,VT,1.645,10352.0,01/19/2012,
5445,VT,1.65,15590,3-1-2006,
5660,VT,1.665,11223.0,07/27/2011,
5143,VT,1.68,18759.6,6-8-2010,
5766,VT,1.71,23672,12/19/2008,
5739,VT,1.72,21805.0,02/20/2012,
5738,VT,1.76,17405,11/17/2005,
5089,VT,1.76,17405,2-3-2006,
5072,VT,1.76,11978,6-1-2006,
5462,VT,1.8,17830.71,11-3-2008,
5077,VT,1.8,17929,04/25/2007,
5077,VT,1.8,15079,08/28/2008,
5048,VT,1.8,15369.51,08/16/2007,
5673,VT,1.8,23126.39,02/13/2004,
5491,VT,1.8,23394,09/21/2006,
5733,VT,1.8,17979,7-12-2007,
5777,VT,1.8,17080.71,10/20/2008,
5070,VT,1.8,17979,05/24/2007,
5065,VT,1.8,14889.81,8-8-2008,
5651,VT,1.8,14154.54,09/17/2004,
5851,VT,1.8,17979,03/20/2008,
5055,VT,1.8,17979,12/19/2008,
5148,VT,1.8,17745.17,05/24/2007,
5446,VT,1.8,3150,7-1-2008,
5641,VT,1.84,17991,07/13/2006,
5158,VT,1.84,11772.0,11/30/2010,
5345,VT,1.84,16420.0,11/19/2010,
5301,VT,1.84,14000.0,10-12-2010,
5822,VT,1.84,13800.0,10-1-2010,
5075,VT,1.84,13364.0,08/24/2010,
5839,VT,1.84,13432.6,07/18/2010,
5001,VT,1.84,13910.0,01/24/2010,
5344,VT,1.84,7250.0,11/26/2011,
5660,VT,1.84,7944.0,06/19/2012,
5836,VT,1.84,13340.0,7-10-2012,
5827,VT,1.85,14508.76,7-8-2011,
5001,VT,1.86,17068,07/24/2008,
5158,VT,1.88,10284.0,3-1-2012,
5359,VT,1.88,9362.0,01/20/2012,
5462,VT,1.88,11326.54,1-6-2012,
5602,VT,1.92,16959.99,03/19/2004,
5766,VT,1.92,19564.54,07/23/2004,
5257,VT,1.92,10240.0,12-10-2011,
5836,VT,1.92,22575.0,10/28/2011,
5651,VT,1.95,18840,3-6-2008,
5821,VT,1.95,15225.0,07/14/2010,
5445,VT,1.95,11505.0,03/30/2012,
5839,VT,1.96,10322.0,6-7-2011,
5769,VT,1.96,9310.0,06/13/2012,
5001,VT,1.98,20778.68,09/13/2007,
5061,VT,1.98,26211.25,10/22/2004,
5753,VT,1.98,12851.25,02/19/2004,
5346,VT,1.98,12582.0,4-6-2011,
5143,VT,2.0,9020.0,9-6-2011,
5495,VT,2,18869.2,12-7-2007,
5495,VT,2,13644,06/26/2008,
5677,VT,2,23870,06/26/2009,
5462,VT,2,15809,07/16/2009,
5733,VT,2,19676,01/27/2009,
5660,VT,2,23430,2-4-2009,
5074,VT,2,19480,5-11-2009,
5401,VT,2,18331,09/26/2008,
5445,VT,2,15597,12/21/2006,
5482,VT,2,18615,8-2-2007,
5826,VT,2,20439.7,07/25/2007,
5056,VT,2.0,13051.0,12/28/2012,
5732,VT,2.016,21469.0,02/21/2010,
5482,VT,2.025,11947.5,08/31/2011,
5061,VT,2.04,17049,10/20/2008,
5461,VT,2.04,17126.78,07/24/2008,
5734,VT,2.04,17937,2-1-2008,
5482,VT,2.05,12095.0,8-12-2011,
5495,VT,2.05,12095.0,01/14/2011,
5490,VT,2.07,17800,07/13/2006,
5843,VT,2.07,14400.07,12/30/2011,
5403,VT,2.07,17294.0,08/17/2011,
5068,VT,2.07,15139.99,1-10-2011,
5446,VT,2.1,19147.63,09/13/2007,
5664,VT,2.1,21513,04/15/2009,
5753,VT,2.1,19245,07/24/2008,
5461,VT,2.1,18675,05/16/2008,
5773,VT,2.1,16941.79,11-3-2008,
5445,VT,2.1,11085.0,11/15/2011,
5148,VT,2.1,31879.54,05/23/2011,
5403,VT,2.1,8765.54,01/31/2011,
5055,VT,2.115,10948.0,03/23/2012,
5055,VT,2.115,12150.0,10/19/2012,
5602,VT,2.15,19905,09/13/2007,
5477,VT,2.15,19495,7-12-2007,
5461,VT,2.16,33000,7-2-2004,
5344,VT,2.16,16975,08/16/2007,
5673,VT,2.16,15009,01/14/2005,
5674,VT,2.16,15009,01/28/2005,
5676,VT,2.16,27837.76,11-8-2007,
5462,VT,2.16,15365,7-3-2008,
5048,VT,2.16,18128.61,09/13/2007,
5075,VT,2.16,29189.09,3-9-2007,
5445,VT,2.16,14580,02/13/2004,
5477,VT,2.16,15535.0,12/28/2012,
5091,VT,2.2,19965,04/21/2009,
5677,VT,2.2,17506,5-11-2007,
5047,VT,2.2,11000,04/20/2006,
5149,VT,2.2,18517.5,5-1-2009,
5301,VT,2.2,17426,01/22/2009,
5841,VT,2.22,10730.26,10-3-2011,
5482,VT,2.22,13098.0,08/22/2011,
5676,VT,2.22,13320.0,4-8-2011,
5401,VT,2.25,60625.0,12-7-2011,
5855,VT,2.28,15760,7-1-2005,
5482,VT,2.28,16054,08/16/2007,
5301,VT,2.28,19010,06/15/2007,
5075,VT,2.28,18637.01,09/26/2008,
5602,VT,2.28,14300,01/28/2005,
5651,VT,2.28,33836,8-10-2006,
5465,VT,2.28,26201,06/15/2007,
5068,VT,2.28,18723.18,7-11-2008,
5860,VT,2.295,11475.0,06/19/2012,
5462,VT,2.3,18672,5-11-2006,
5077,VT,2.3,18964.79,10/17/2009,
5851,VT,2.3,28605.4,01/22/2009,
5486,VT,2.3,31522.6,2-4-2009,
5143,VT,2.3,31002,8-10-2006,
5036,VT,2.3,17077,10-7-2009,
5676,VT,2.3,14025.0,11-11-2010,
5048,VT,2.3,15615.0,11-11-2010,
5753,VT,2.3,15096.0,08/17/2010,
5143,VT,2.3,12600.0,9-12-2011,
5753,VT,2.3,16438.0,5-11-2011,
5674,VT,2.3,15131.39,03/29/2011,
5086,VT,2.3,14480.0,3-7-2011,
5061,VT,2.3,15318.0,01/17/2011,
5060,VT,2.3,15315.0,01/13/2011,
5403,VT,2.338,16502.82,05/28/2004,
5495,VT,2.34,22102,05/23/2008,
5344,VT,2.35,12408.0,01/16/2012,
5730,VT,2.35,,12/29/2011,
5255,VT,2.35,15890.0,08/28/2011,
5346,VT,2.35,12112.0,01/19/2012,
5146,VT,2.38,23044,4-11-2008,
5757,VT,2.38,17411.42,1-5-2011,
5682,VT,2.4,25038,07/26/2007,
5602,VT,2.4,17631.87,7-2-2004,
5661,VT,2.4,19180.8,11/19/2009,
5061,VT,2.4,30765,09/13/2007,
5495,VT,2.4,23950,05/14/2009,
5836,VT,2.4,24109.14,11-8-2007,
5651,VT,2.4,22982,11/17/2005,
5773,VT,2.4,14892,1-10-2009,
5494,VT,2.4,34359,07/26/2007,
5446,VT,2.4,14880.0,07/29/2010,
5001,VT,2.4,15346.0,06/21/2010,
5065,VT,2.4,18652.0,04/30/2010,
5055,VT,2.4,20725.89,3-12-2010,
5401,VT,2.4,11205.0,1-7-2010,
5648,VT,2.4,8660.0,11/28/2011,
5075,VT,2.4,15238.14,11-9-2011,
5655,VT,2.4,12982.5,11-7-2012,
5443,VT,2.45,12250.0,04/24/2012,
5773,VT,2.45,10796.0,07/18/2012,
5602,VT,2.45,15680.0,09/27/2012,
5676,VT,2.46,14514.0,07/18/2011,
5344,VT,2.5,15250,08/28/2009,
5494,VT,2.5,18840,10-7-2009,
5602,VT,2.5,21323.0,12-2-2011,
5730,VT,2.5,12800.0,04/17/2012,
5873,VT,2.5,14000.0,09/14/2012,
5345,VT,2.52,20390,8-4-2008,
5346,VT,2.52,22925,05/16/2007,
5048,VT,2.52,23340,02/20/2008,
5677,VT,2.52,13265.93,10-11-2010,
5401,VT,2.52,18200.0,4-7-2010,
5677,VT,2.52,15994.81,12/18/2009,
5846,VT,2.52,16000.0,5-5-2011,
5001,VT,2.52,18097.0,5-11-2012,
5201,VT,2.53,35449.5,09/23/2005,
5829,VT,2.53,16445.0,01/26/2011,
5346,VT,2.55,32699.54,8-8-2008,
5773,VT,2.55,10116.0,06/25/2012,
5359,VT,2.58,16871.0,11/19/2010,
5345,VT,2.58,17228.0,08/31/2010,
5143,VT,2.58,23560.0,6-3-2011,
5346,VT,2.585,14448.0,12/30/2011,
5734,VT,2.6,16300,2-7-2009,
5346,VT,2.64,35528,3-8-2006,
5072,VT,2.64,24215,11/17/2005,
5673,VT,2.64,32160,06/21/2006,
5674,VT,2.64,25204,04/20/2006,
5065,VT,2.64,23940,06/29/2006,
5602,VT,2.64,14491.5,08/16/2007,
5053,VT,2.64,22107,03/27/2006,
5766,VT,2.64,24748,1-11-2007,
5769,VT,2.64,32852,04/27/2006,
5301,VT,2.64,25189,02/27/2006,
5055,VT,2.64,24215,08/29/2006,
5053,VT,2.64,19967.49,7-9-2010,
5827,VT,2.64,12000.0,01/26/2012,
5461,VT,2.66,18985,11/14/2008,
5774,VT,2.66,20319.99,12/19/2008,
5753,VT,2.66,21181.07,04/22/2010,
5254,VT,2.7,14587.24,10/26/2009,
5873,VT,2.7,24206,6-12-2009,
5753,VT,2.7,23205,04/25/2009,
5491,VT,2.7,19658.25,1-1-2009,
5446,VT,2.7,23706,4-7-2009,
5091,VT,2.7,24706,04/20/2009,
5495,VT,2.7,24064,2-4-2009,
5855,VT,2.7,34360.41,05/15/2009,
5660,VT,2.7,24710,07/30/2004,
5676,VT,2.7,18461.0,11-12-2010,
5477,VT,2.7,15500.0,07/22/2010,
5445,VT,2.7,15930.0,10-3-2011,
5445,VT,2.7,15930.0,09/19/2011,
5445,VT,2.7,15930.0,08/19/2011,
5667,VT,2.72,19702.35,11/15/2004,
5682,VT,2.73,31226,12/30/2008,
5048,VT,2.76,33425,12/17/2004,
5451,VT,2.76,17330.0,12/20/2010,
5767,VT,2.76,25062.39,8-8-2010,
5676,VT,2.76,18795.0,05/23/2010,
5486,VT,2.76,17820.0,12/30/2011,
5301,VT,2.76,13650.0,10-7-2011,
5031,VT,2.76,17416.0,06/28/2011,
5085,VT,2.76,19153.0,06/18/2011,
5872,VT,2.76,20500.0,5-12-2011,
5036,VT,2.76,17516.0,5-9-2011,
5819,VT,2.76,17940.0,04/23/2011,
5661,VT,2.76,19509.0,1-12-2011,
5355,VT,2.82,12833.0,12/26/2011,
5346,VT,2.82,31457.0,08/19/2011,
5032,VT,2.82,27960.0,08/18/2011,
5819,VT,2.82,20100.0,8-11-2011,
5346,VT,2.82,11324.06,04/14/2011,
5677,VT,2.82,17433.0,9-10-2012,
5647,VT,2.835,44945.73,2-11-2005,
5301,VT,2.85,11100.0,7-10-2012,
5677,VT,2.87,17333.0,05/13/2011,
5676,VT,2.87,16933.0,3-3-2011,
5601,VT,2.87,19864.0,02/18/2011,
5403,VT,2.88,,12/29/2011,
5363,VT,2.88,26359.92,02/25/2005,
5061,VT,2.88,18647,10-12-2007,
5445,VT,2.88,22784.4,01/15/2004,
5464,VT,2.88,15900,12-10-2004,
5262,VT,2.88,28721,12-7-2007,
5742,VT,2.88,25816,09/28/2007,
5060,VT,2.88,26900,10-5-2007,
5035,VT,2.88,20369.56,8-4-2008,
5828,VT,2.88,26903,10/30/2008,
5072,VT,2.88,0.0,11/23/2010,
5734,VT,2.88,17759.0,11/15/2010,
5201,VT,2.88,19123.0,8-2-2010,
5841,VT,2.88,15840.0,5-1-2012,
5401,VT,2.88,6898.0,6-7-2012,
5871,VT,2.88,17940.0,06/18/2012,
5841,VT,2.88,17258.0,07/31/2012,
5464,VT,2.88,19980.0,9-7-2012,
5764,VT,2.88,12960.0,06/29/2012,
5154,VT,2.88,15264.0,07/27/2012,
5473,VT,2.88,13399.0,12/13/2012,
5062,VT,2.9,36900,6-5-2009,
5452,VT,2.9,22345,01/29/2009,
5674,VT,2.9,22721,01/26/2009,
5673,VT,2.9,24031,01/30/2009,
5602,VT,2.925,26897.45,09/26/2008,
5651,VT,2.925,25996.8,09/26/2008,
5677,VT,2.925,17257.0,11-10-2011,
5764,VT,2.94,19219.94,1-12-2012,
5401,VT,2.94,36527.0,4-8-2010,
5346,VT,2.94,14660.0,07/22/2011,
5301,VT,2.94,14960.0,07/21/2011,
5701,VT,2.94,19193.0,05/26/2011,
5602,VT,2.94,18375.0,05/21/2012,
5143,VT,2.94,21309.0,09/26/2012,
5156,VT,2.94,17391.0,12-5-2012,
5445,VT,2.96,14460.0,8-4-2011,
5753,VT,2.97,27929.25,5-7-2004,
5301,VT,2.97,22135,10-8-2004,
5495,VT,2.99,23500.0,06/25/2010,
5868,VT,3,16910,12/17/2004,
5060,VT,3,28977,12/20/2007,
5445,VT,3,24688,10/20/2008,
5068,VT,3,18750,07/23/2004,
5602,VT,3,25305.74,03/18/2005,
5445,VT,3,24514,02/28/2009,
5055,VT,3,20000,08/25/2009,
5647,VT,3,31750.6,7-1-2005,
5403,VT,3,24482.8,8-1-2009,
5091,VT,3,23823,8-6-2009,
5143,VT,3,27883.81,10-12-2006,
5777,VT,3,18298.2,12-3-2009,
5701,VT,3,21371,5-7-2009,
5445,VT,3.0,17700.0,11/29/2011,
5661,VT,3.0,16502.0,09/13/2011,
5301,VT,3.0,12900.0,03/22/2012,
5346,VT,3.0,14700.0,7-5-2012,
5640,VT,3.0,14250.0,08/21/2012,
5445,VT,3.0,14650.0,08/30/2012,
5262,VT,3.01,18007.0,02/21/2010,
5747,VT,3.04,34299,07/13/2006,
5841,VT,3.04,32118.43,12-1-2008,
5777,VT,3.04,19598,07/17/2008,
5065,VT,3.06,23075,5-11-2007,
5735,VT,3.06,17900.0,06/25/2012,
5482,VT,3.06,13500.0,12-10-2012,
5143,VT,3.06,24470.0,12/19/2012,
5735,VT,3.06,13150.0,09/28/2012,
5443,VT,3.075,14456.23,08/15/2010,
5656,VT,3.075,23500.0,06/30/2010,
5767,VT,3.08,24980,10-8-2004,
5602,VT,3.08,22559.0,12-4-2011,
5826,VT,3.1,24219,9-2-2009,
5443,VT,3.15,,11/14/2011,
5602,VT,3.15,24456,7-3-2008,
5465,VT,3.15,24413.0,11-5-2010,
5491,VT,3.15,23500.0,09/30/2010,
5462,VT,3.15,25200.0,08/16/2011,
5676,VT,3.15,22050.0,7-7-2011,
5469,VT,3.15,22050.0,05/25/2011,
5827,VT,3.15,25200.0,04/28/2011,
5446,VT,3.15,25200.0,4-11-2011,
5677,VT,3.15,19500.0,01/24/2011,
5464,VT,3.15,16984.0,03/29/2012,
5672,VT,3.15,14424.0,6-2-2012,
5482,VT,3.15,17984.0,10/31/2012,
5001,VT,3.185,17407.0,08/21/2012,
5641,VT,3.192,,07/16/2010,
5473,VT,3.2,23500.0,09/22/2010,
5482,VT,3.2,39463,1-11-2009,
5482,VT,3.2,21000,11/21/2009,
5354,VT,3.2,20900,10-5-2009,
5201,VT,3.2,24190,01/15/2009,
5035,VT,3.2,16391,09/25/2009,
5446,VT,3.2,30377,01/16/2009,
5055,VT,3.2,19115.55,4-1-2010,
5070,VT,3.2,29799.39,3-10-2010,
5344,VT,3.2,20700.0,12/31/2009,
5055,VT,3.22,19167.0,12/17/2010,
5075,VT,3.22,19167.0,11/29/2010,
5452,VT,3.22,18547.0,09/23/2010,
5091,VT,3.22,19295.57,09/30/2011,
5301,VT,3.22,20522.0,08/15/2011,
5775,VT,3.22,21735.0,08/15/2011,
5828,VT,3.22,17862.0,1-11-2011,
5701,VT,3.22,14750.0,8-2-2012,
5054,VT,3.24,29915,09/19/2008,
5455,VT,3.24,47746.68,09/26/2008,
5301,VT,3.24,33996,03/28/2008,
5836,VT,3.24,40215,12-7-2007,
5038,VT,3.24,17095.57,04/14/2011,
5468,VT,3.27,,11/21/2012,
5403,VT,3.27,19435.9,07/18/2012,
5477,VT,3.27,19991.0,07/13/2012,
5403,VT,3.27,9901.0,07/28/2012,
5452,VT,3.27,19323.0,10/15/2012,
5672,VT,3.27,18736.0,10-3-2012,
5674,VT,3.27,10147.0,09/24/2012,
5602,VT,3.27,9913.0,9-5-2012,
5673,VT,3.27,9821.0,10-10-2012,
5465,VT,3.27,9979.0,10-9-2012,
5495,VT,3.27,20175.0,10-9-2012,
5465,VT,3.27,19232.0,10/25/2012,
5672,VT,3.27,18123.0,10-10-2012,
5495,VT,3.27,19574.0,11-5-2012,
5602,VT,3.27,15860.0,12/18/2012,
5149,VT,3.29,18448.66,12-7-2011,
5401,VT,3.29,18062.0,1-10-2012,
5363,VT,3.3,23974,06/29/2009,
5855,VT,3.3,26382.6,09/22/2009,
5445,VT,3.3,30696,02/27/2006,
5465,VT,3.33,24939,10-8-2004,
5819,VT,3.33,22910.0,10-3-2011,
5445,VT,3.33,19647.0,09/27/2011,
5851,VT,3.33,22474.0,06/18/2011,
5401,VT,3.33,19647.0,4-6-2011,
5458,VT,3.36,22550.0,11/14/2010,
5486,VT,3.36,22550.0,9-9-2010,
5465,VT,3.36,29741.0,08/20/2010,
5777,VT,3.36,24516.0,07/29/2010,
5641,VT,3.36,19358.0,07/23/2010,
5401,VT,3.36,21684.0,07/15/2010,
5454,VT,3.36,23783.0,06/14/2010,
5446,VT,3.36,40040.0,05/26/2010,
5471,VT,3.36,24093.0,02/25/2010,
5403,VT,3.36,22546.0,01/29/2010,
5074,VT,3.36,15430.0,01/22/2010,
5491,VT,3.36,14296.0,01/16/2010,
5660,VT,3.36,22034.66,6-7-2011,
5482,VT,3.36,19875.0,01/31/2012,
5486,VT,3.36,16230.0,5-10-2012,
5456,VT,3.36,22060.0,9-4-2012,
5452,VT,3.4,24020,01/27/2009,
5344,VT,3.4,26921.0,02/23/2010,
5443,VT,3.42,30750,11/14/2008,
5648,VT,3.42,31434,1-5-2007,
5079,VT,3.42,33916,03/15/2007,
5346,VT,3.42,19550.0,07/16/2010,
5655,VT,3.42,23919.0,6-3-2010,
5730,VT,3.44,,10/31/2011,
5676,VT,3.44,31110.06,11-10-2010,
5363,VT,3.44,21296.0,07/16/2010,
5667,VT,3.44,31237.87,02/17/2011,
5488,VT,3.45,29327,7-12-2007,
5346,VT,3.45,0.0,12/29/2010,
5055,VT,3.45,22358.24,11/16/2011,
5346,VT,3.45,22325.0,5-10-2011,
5346,VT,3.45,22325.0,5-9-2011,
5346,VT,3.45,22117.0,2-3-2011,
5001,VT,3.5,24475,10-7-2009,
5602,VT,3.5,20428.0,12-2-2011,
5155,VT,3.5,20280.0,6-7-2012,
5344,VT,3.51,22164.49,06/30/2010,
5055,VT,3.52,28412,12-10-2007,
5478,VT,3.52,34840,04/20/2006,
5001,VT,3.52,22669.75,7-2-2004,
5462,VT,3.52,20000.0,09/13/2011,
5346,VT,3.52,27990.0,01/13/2012,
5055,VT,3.525,19081.0,04/19/2012,
5040,VT,3.57,25899,02/20/2008,
5444,VT,3.57,14037.0,5-2-2012,
5301,VT,3.57,18955.0,08/24/2012,
5148,VT,3.6,37911,08/21/2008,
5401,VT,3.6,26752,07/27/2009,
5602,VT,3.6,40240.72,09/26/2008,
5301,VT,3.6,26730,9-8-2009,
5677,VT,3.6,45111,8-8-2008,
5001,VT,3.6,37024,05/23/2008,
5037,VT,3.6,32410,2-8-2008,
5403,VT,3.6,27412,11/18/2009,
5301,VT,3.6,30087,3-6-2008,
5071,VT,3.6,32424.87,11-8-2007,
5048,VT,3.6,24887,04/14/2006,
5667,VT,3.6,42973.94,12/21/2009,
5737,VT,3.6,25440.9,9-8-2011,
5839,VT,3.6,26864.0,08/13/2011,
5487,VT,3.6,19462.0,07/28/2011,
5403,VT,3.6,22400.0,04/18/2011,
5602,VT,3.6,28821.0,01/17/2011,
5602,VT,3.6,16622.0,10-1-2012,
5655,VT,3.675,26291.0,12-9-2010,
5906,VT,3.675,16635.0,11-9-2012,
5602,VT,3.68,,12/26/2012,
5673,VT,3.68,31534.0,06/14/2010,
5091,VT,3.68,24177.0,11/18/2011,
5651,VT,3.68,25698.0,01/24/2011,
5101,VT,3.68,19688.0,1-1-2011,
5826,VT,3.7,35396.35,10-9-2009,
5403,VT,3.7,24353,6-11-2009,
5841,VT,3.7,26714.15,11-7-2009,
5861,VT,3.7,26545,08/26/2009,
5492,VT,3.7,31435.48,11-12-2010,
5680,VT,3.7,29984.0,08/18/2011,
5676,VT,3.7,20700.0,06/21/2011,
5661,VT,3.7,24104.46,6-3-2011,
5461,VT,3.72,24245.18,09/13/2007,
5495,VT,3.75,18212.0,10/27/2011,
5346,VT,3.76,19928.0,12-6-2011,
5301,VT,3.76,19928.0,11-10-2011,
5842,VT,3.76,30000.0,07/28/2011,
5055,VT,3.76,20753.0,03/21/2012,
5495,VT,3.78,31073,9-12-2008,
5478,VT,3.78,26460.0,03/23/2010,
5101,VT,3.78,23200.0,11/27/2011,
5101,VT,3.78,18000.0,08/31/2011,
5346,VT,3.78,19500.0,04/18/2011,
5158,VT,3.78,23400.0,1-4-2011,
5464,VT,3.8,32130,5-11-2009,
5602,VT,3.8,31266,1-5-2009,
5052,VT,3.8,28244.89,12/19/2008,
5443,VT,3.8,31550,08/16/2007,
5055,VT,3.8,25840,7-7-2009,
5251,VT,3.8,34278.8,09/26/2008,
5489,VT,3.8,32084.84,5-1-2009,
5446,VT,3.8,35990,09/26/2008,
5038,VT,3.8,33970,6-6-2009,
5041,VT,3.8,11350.02,10/15/2010,
5072,VT,3.825,26128.0,9-10-2012,
5676,VT,3.84,,12/14/2012,
5091,VT,3.84,34202,01/28/2005,
5079,VT,3.84,32396.18,12-10-2004,
5445,VT,3.84,22579.0,06/27/2010,
5074,VT,3.84,22203.0,04/17/2010,
5070,VT,3.84,21503.0,04/17/2010,
5363,VT,3.84,21148.0,12/27/2011,
5462,VT,3.84,17365.0,09/18/2012,
5301,VT,3.84,15360.0,10/19/2012,
5764,VT,3.84,18780.0,11-12-2012,
5469,VT,3.85,45453,11-3-2008,
5651,VT,3.87,38415.94,8-8-2010,
5482,VT,3.87,28416.0,07/30/2010,
5091,VT,3.9,36393.83,01/23/2009,
5075,VT,3.9,26092.59,04/22/2009,
5457,VT,3.9,31000.0,07/14/2010,
5495,VT,3.9,18925.0,03/14/2012,
5738,VT,3.92,21229.02,6-10-2012,
5730,VT,3.92,19154.0,8-10-2012,
5070,VT,3.92,22148.0,6-12-2012,
5701,VT,3.92,21560.0,9-6-2012,
5465,VT,3.924,,9-6-2012,
5468,VT,3.924,,12-4-2012,
5677,VT,3.924,,12-7-2012,
5676,VT,3.924,,12-7-2012,
5641,VT,3.924,,12/20/2012,
5465,VT,3.924,,12/19/2012,
5477,VT,3.924,,12/27/2012,
5677,VT,3.924,22384.0,8-2-2012,
5495,VT,3.924,11337.0,07/13/2012,
5602,VT,3.924,21586.0,06/13/2012,
5404,VT,3.924,10960.0,07/31/2012,
5650,VT,3.924,21563.0,7-10-2012,
5676,VT,3.924,21512.0,06/21/2012,
5452,VT,3.924,20623.0,06/29/2012,
5682,VT,3.924,22142.0,08/22/2012,
5673,VT,3.924,11128.0,07/19/2012,
5477,VT,3.924,22643.0,06/19/2012,
5677,VT,3.924,21513.0,08/15/2012,
5602,VT,3.924,22045.0,07/25/2012,
5462,VT,3.924,21995.0,10/23/2012,
5494,VT,3.924,19000.0,10/28/2012,
5701,VT,3.924,11874.0,10-8-2012,
5461,VT,3.924,21833.0,10-8-2012,
5468,VT,3.924,19230.0,10-10-2012,
5403,VT,3.924,11930.0,10-8-2012,
5680,VT,3.924,22777.0,10/29/2012,
5489,VT,3.924,11958.0,11/28/2012,
5676,VT,3.924,21727.0,10/29/2012,
5462,VT,3.924,11987.0,12/19/2012,
5401,VT,3.96,28800,11-8-2007,
5462,VT,3.96,25974.0,06/28/2010,
5742,VT,3.96,34750.0,3-8-2011,
5301,VT,3.96,22550.0,01/26/2012,
5461,VT,3.968,6944,05/16/2007,
5753,VT,3.968,27723.15,8-8-2008,
5673,VT,3.99,31000.0,09/25/2010,
5443,VT,3.99,31000.0,8-12-2010,
5473,VT,3.99,31000.0,04/28/2010,
5753,VT,3.99,31000.0,09/20/2010,
5495,VT,3.99,,04/22/2011,
5674,VT,3.99,23227.0,07/29/2010,
5677,VT,3.99,23468.0,07/23/2010,
5482,VT,4.0,,11/21/2012,
5482,VT,4,33638,08/30/2007,
5251,VT,4,31890,08/13/2009,
5767,VT,4,29839.81,09/17/2009,
5488,VT,4,33929,8-4-2008,
5001,VT,4,31845.05,09/30/2009,
5477,VT,4.0,29930.0,01/28/2010,
5055,VT,4.0,18474.0,12/26/2011,
5445,VT,4.0,19000.0,12/21/2011,
5461,VT,4.0,19400.0,12-5-2011,
5445,VT,4.0,19000.0,11/27/2011,
5482,VT,4.0,19000.0,11/16/2011,
5819,VT,4.0,24918.97,11/15/2011,
5461,VT,4.0,21000.0,10/26/2011,
5445,VT,4.0,19400.0,08/25/2011,
5495,VT,4.0,19000.0,01/17/2012,
5773,VT,4.0,23500.0,6-8-2012,
5602,VT,4.0,21480.0,04/25/2012,
5679,VT,4.0,21692.0,09/13/2012,
5148,VT,4.0,20000.0,10/25/2012,
5672,VT,4.05,20338.0,11-8-2010,
5667,VT,4.05,27801.73,04/16/2010,
5482,VT,4.05,19237.5,09/26/2011,
5660,VT,4.05,19237.5,09/22/2011,
5301,VT,4.05,21700.0,09/15/2011,
5445,VT,4.05,25312.0,07/29/2011,
5676,VT,4.05,21759.0,05/23/2011,
5340,VT,4.05,23045.0,1-11-2011,
5072,VT,4.05,29228.0,1-9-2012,
5344,VT,4.05,20375.0,06/29/2012,
5641,VT,4.07,21627.0,4-4-2011,
5443,VT,4.08,,12/28/2012,
5661,VT,4.08,43947,9-12-2008,
5055,VT,4.08,22946.0,4-4-2012,
5655,VT,4.08,20907.0,08/21/2012,
5702,VT,4.1,40031,10-12-2007,
5819,VT,4.1,43610,10-5-2007,
5674,VT,4.1,36800,07/23/2009,
5362,VT,4.1,29800,07/18/2009,
5101,VT,4.1,25272.6,08/22/2009,
5495,VT,4.1,34476.33,07/15/2010,
5461,VT,4.1,31200.0,3-3-2010,
5660,VT,4.1,25625.0,09/19/2011,
5482,VT,4.1,19475.0,8-9-2011,
5660,VT,4.1,25625.0,8-5-2011,
5676,VT,4.1,19475.0,7-12-2011,
5476,VT,4.1,19875.0,6-8-2011,
5495,VT,4.1,19922.58,6-2-2011,
5676,VT,4.1,19875.0,05/25/2011,
5660,VT,4.1,22950.0,04/29/2011,
5677,VT,4.1,19475.0,04/25/2011,
5757,VT,4.14,31346.85,02/25/2005,
5819,VT,4.14,26561.0,11/22/2010,
5142,VT,4.14,25200.0,01/14/2010,
5602,VT,4.14,15801.4,12/14/2011,
5149,VT,4.14,25414.27,06/29/2011,
5763,VT,4.14,25398.9,03/15/2011,
5075,VT,4.14,30424.37,01/28/2011,
5602,VT,4.16,19685.0,11/20/2011,
5473,VT,4.18,31000.0,08/13/2010,
5482,VT,4.18,33112,4-6-2006,
5444,VT,4.18,19100.0,12/13/2012,
5051,VT,4.2,26980,10-8-2009,
5819,VT,4.2,33858,5-7-2009,
5446,VT,4.2,33858,07/29/2009,
5401,VT,4.2,29748.59,04/21/2005,
5067,VT,4.2,44654.88,10/19/2007,
5464,VT,4.2,31500.0,12/20/2010,
5491,VT,4.2,0.0,12-9-2010,
5489,VT,4.2,34460.0,12-2-2010,
5450,VT,4.2,29400.0,11/16/2010,
5461,VT,4.2,32550.0,11-10-2010,
5660,VT,4.2,21560.0,02/15/2010,
5486,VT,4.2,31500.0,12/27/2011,
5656,VT,4.2,33600.0,12/27/2011,
5661,VT,4.2,27300.0,12/27/2011,
5445,VT,4.2,24800.0,12/23/2011,
5827,VT,4.2,33600.0,12/18/2011,
5464,VT,4.2,29400.0,11/28/2011,
5766,VT,4.2,29300.0,11/27/2011,
5843,VT,4.2,29400.0,11/19/2011,
5843,VT,4.2,33600.0,11/13/2011,
5445,VT,4.2,33600.0,11-9-2011,
5827,VT,4.2,33600.0,11-1-2011,
5482,VT,4.2,33600.0,10/24/2011,
5495,VT,4.2,33600.0,10/18/2011,
5819,VT,4.2,29400.0,09/18/2011,
5674,VT,4.2,33600.0,9-8-2011,
5826,VT,4.2,29400.0,08/29/2011,
5602,VT,4.2,29400.0,08/22/2011,
5468,VT,4.2,29400.0,8-1-2011,
5491,VT,4.2,33600.0,07/29/2011,
5843,VT,4.2,29400.0,07/29/2011,
5461,VT,4.2,33600.0,07/22/2011,
5676,VT,4.2,26629.0,07/18/2011,
5495,VT,4.2,33600.0,7-1-2011,
5667,VT,4.2,33982.0,06/30/2011,
5445,VT,4.2,29400.0,06/22/2011,
5753,VT,4.2,29400.0,06/21/2011,
5495,VT,4.2,33600.0,05/31/2011,
5495,VT,4.2,33600.0,05/17/2011,
5826,VT,4.2,33600.0,04/28/2011,
5465,VT,4.2,30450.0,4-11-2011,
5753,VT,4.2,33600.0,03/28/2011,
5473,VT,4.2,33600.0,03/25/2011,
5495,VT,4.2,33600.0,03/25/2011,
5651,VT,4.2,33600.0,03/25/2011,
5757,VT,4.2,28181.2,03/22/2011,
5836,VT,4.2,27300.0,1-4-2012,
5495,VT,4.2,27300.0,1-6-2012,
5472,VT,4.2,33600.0,01/15/2012,
5445,VT,4.2,27300.0,1-6-2012,
5465,VT,4.2,27300.0,1-5-2012,
5445,VT,4.2,27300.0,03/30/2012,
5647,VT,4.2,28350.0,5-3-2012,
5046,VT,4.2,28350.0,8-7-2012,
5866,VT,4.2,28350.0,06/22/2012,
5443,VT,4.2,29400.0,6-5-2012,
5842,VT,4.2,28350.0,8-10-2012,
5487,VT,4.2,29400.0,07/16/2012,
5679,VT,4.2,29400.0,11-9-2012,
5461,VT,4.23,19035.0,12-7-2011,
5733,VT,4.23,20145.0,11-8-2011,
5065,VT,4.23,23840.0,06/29/2011,
5743,VT,4.23,17490.0,5-8-2012,
5641,VT,4.25,42325,02/20/2008,
5663,VT,4.251,20617.0,11/20/2012,
5660,VT,4.3,39204.25,07/29/2009,
5346,VT,4.3,30193,11-11-2009,
5766,VT,4.3,31293,09/13/2007,
5301,VT,4.3,30121.0,07/27/2010,
5658,VT,4.305,41060,09/26/2008,
5674,VT,4.32,,12/31/2012,
5655,VT,4.32,40888.56,12-7-2006,
5262,VT,4.32,40067.46,6-12-2010,
5495,VT,4.32,20920.0,12/22/2011,
5495,VT,4.32,20088.0,04/21/2011,
5495,VT,4.32,21812.0,01/30/2012,
5602,VT,4.32,22896.0,04/19/2012,
5344,VT,4.32,18800.0,6-7-2012,
5819,VT,4.32,20500.0,06/13/2012,
5048,VT,4.32,30636.0,08/31/2012,
5602,VT,4.32,25140.0,11-6-2012,
5461,VT,4.4,30015.77,7-2-2009,
5819,VT,4.4,19584.0,03/28/2012,
5602,VT,4.41,,10/30/2012,
5032,VT,4.41,15789.0,2-9-2010,
5346,VT,4.41,25305.0,5-11-2011,
5158,VT,4.41,24655.0,6-5-2012,
5086,VT,4.41,14482.0,12-5-2012,
5651,VT,4.41,22010.0,07/23/2012,
5832,VT,4.41,20639.0,08/17/2012,
5255,VT,4.41,20639.0,08/23/2012,
5455,VT,4.41,22050.0,09/27/2012,
5673,VT,4.41,21256.0,9-12-2012,
5143,VT,4.41,26693.0,12/24/2012,
5363,VT,4.41,19712.0,11/19/2012,
5495,VT,4.44,21534.0,5-10-2011,
5495,VT,4.44,21534.0,04/19/2011,
5454,VT,4.48,27994.0,12/31/2011,
5401,VT,4.48,24569.0,01/16/2012,
5143,VT,4.48,30470.0,5-11-2012,
5354,VT,4.5,29405.0,02/18/2010,
5482,VT,4.5,21775.0,11/21/2011,
5461,VT,4.5,21375.0,11-8-2011,
5445,VT,4.5,21375.0,10/17/2011,
5445,VT,4.5,21375.0,09/15/2011,
5445,VT,4.5,21375.0,08/23/2011,
5445,VT,4.5,21375.0,8-11-2011,
5640,VT,4.5,22139.0,07/29/2011,
5733,VT,4.5,13356.96,05/17/2012,
5079,VT,4.5,27858.0,09/26/2012,
5677,VT,4.51,21422.0,7-7-2011,
5354,VT,4.515,27982.0,8-3-2010,
5660,VT,4.56,40865,11/17/2005,
5655,VT,4.56,52775.62,07/24/2008,
5733,VT,4.56,31103,8-4-2008,
5143,VT,4.56,28360,10/20/2008,
5341,VT,4.56,19409.0,12-10-2009,
5641,VT,4.576,27800.0,1-5-2012,
5477,VT,4.578,,12/18/2012,
5682,VT,4.578,24208.0,05/29/2012,
5673,VT,4.578,25387.0,7-12-2012,
5465,VT,4.578,12600.0,6-11-2012,
5495,VT,4.578,25883.0,07/13/2012,
5602,VT,4.578,26310.9,5-11-2012,
5468,VT,4.578,12561.0,07/26/2012,
5401,VT,4.578,12759.0,11/15/2012,
5489,VT,4.578,23904.0,08/21/2012,
5489,VT,4.578,12777.0,10-12-2012,
5660,VT,4.578,14049.0,10/15/2012,
5477,VT,4.578,13590.0,11/16/2012,
5468,VT,4.578,24021.0,11-12-2012,
5350,VT,4.59,27991.0,01/29/2011,
5658,VT,4.59,46764.19,11/28/2012,
5735,VT,4.59,22480.0,12/26/2012,
5401,VT,4.6,29476.3,09/25/2009,
5032,VT,4.6,26654.35,10/22/2009,
5048,VT,4.6,27285.0,10/28/2010,
5055,VT,4.6,28847.04,6-3-2010,
5048,VT,4.6,23027.0,8-4-2011,
5346,VT,4.6,38547.0,06/29/2011,
5851,VT,4.6,30498.0,5-9-2011,
5055,VT,4.6,24696.8,3-8-2011,
5346,VT,4.6,27042.0,1-4-2011,
5764,VT,4.6,21750.0,07/18/2012,
5647,VT,4.6,34230.0,08/22/2012,
5257,VT,4.6,31450.0,10/15/2012,
5602,VT,4.6,17636.0,11/21/2012,
5477,VT,4.62,22500.0,10/14/2011,
5446,VT,4.68,38122,05/16/2008,
5495,VT,4.68,22230.0,11/17/2011,
5461,VT,4.68,23030.0,01/19/2012,
5495,VT,4.68,21375.0,01/20/2012,
5651,VT,4.7,92350.68,06/17/2009,
5043,VT,4.7,34806.9,1-3-2009,
5091,VT,4.7,36801.06,01/23/2009,
5091,VT,4.7,26100.0,03/23/2012,
5055,VT,4.7,23124.0,04/19/2012,
5048,VT,4.7,23829.0,09/28/2012,
5352,VT,4.725,27942.0,07/22/2010,
5602,VT,4.73,18225.0,11/15/2011,
5071,VT,4.75,21606.0,09/14/2012,
5301,VT,4.8,24960.0,06/26/2012,
5356,VT,4.8,41120,6-9-2009,
5148,VT,4.8,44547,09/16/2009,
5663,VT,4.8,49765,09/26/2008,
5648,VT,4.8,41597,11/17/2005,
5821,VT,4.8,45845,6-12-2009,
5461,VT,4.8,40032,10-5-2007,
5070,VT,4.8,26344.06,11-2-2009,
5075,VT,4.8,300760.0,12-12-2010,
5461,VT,4.8,27876.0,10/15/2010,
5262,VT,4.8,31880.0,01/16/2010,
5489,VT,4.8,23636.0,06/30/2011,
5474,VT,4.8,29572.0,5-9-2011,
5482,VT,4.8,25635.0,05/15/2012,
5055,VT,4.8,30205.0,07/31/2012,
5446,VT,4.8,19200.0,06/19/2012,
5675,VT,4.8,27150.0,07/18/2012,
5465,VT,4.8,19809.0,11/24/2012,
5101,VT,4.83,30188.0,09/26/2011,
5465,VT,4.83,27431.0,1-6-2011,
5487,VT,4.83,22942.0,08/16/2012,
5055,VT,4.84,33540.0,11/22/2011,
5473,VT,4.86,23932.4,01/23/2010,
5647,VT,4.9,34403.2,07/22/2009,
5465,VT,4.9,43171,8-4-2009,
5152,VT,4.9,38908.25,07/22/2009,
5468,VT,4.9,25067.0,8-1-2011,
5072,VT,4.9,24500.0,7-6-2012,
5477,VT,4.9,29630.0,11-8-2012,
5403,VT,4.905,,10/25/2012,
5403,VT,4.905,29963.0,8-9-2012,
5677,VT,4.905,13835.0,09/27/2012,
5462,VT,4.905,25799.0,08/31/2012,
5748,VT,4.92,39025,12/30/2008,
5495,VT,4.92,23370.0,12-10-2010,
5001,VT,4.92,29824.77,10/22/2010,
5043,VT,4.92,39247.19,6-1-2010,
5769,VT,4.92,31000.0,12/14/2011,
5482,VT,4.92,23370.0,08/18/2011,
5482,VT,4.92,24170.0,8-8-2011,
5495,VT,4.92,23370.0,07/20/2011,
5495,VT,4.92,23370.0,06/20/2011,
5495,VT,4.92,23370.0,6-10-2011,
5495,VT,4.92,23370.0,05/18/2011,
5495,VT,4.92,28260.0,5-6-2011,
5660,VT,4.92,23370.0,03/28/2011,
5482,VT,4.92,23370.0,01/26/2012,
5452,VT,4.928,,12/26/2012,
5001,VT,4.94,37102.46,8-8-2008,
5344,VT,4.94,40241,08/28/2008,
5001,VT,4.95,27967.0,11/18/2010,
5461,VT,4.95,23512.5,10/20/2011,
5445,VT,4.95,23512.5,09/23/2011,
5445,VT,4.95,23512.0,07/22/2011,
5677,VT,4.96,0.0,11/18/2010,
5602,VT,4.992,50522,11-3-2008,
5851,VT,5.0,,10/23/2012,
5446,VT,5,33000,07/30/2009,
5468,VT,5,33325,11-11-2009,
5673,VT,5,39705,9-10-2009,
5673,VT,5,48989.36,09/14/2009,
5346,VT,5.0,19773.0,12/15/2011,
5458,VT,5.0,26169.0,09/26/2011,
5461,VT,5.0,22500.0,09/26/2011,
5733,VT,5.0,23850.0,08/14/2012,
5445,VT,5.0,31250.0,01/23/2012,
5778,VT,5.0,30499.0,03/13/2012,
5495,VT,5.0,23250.0,03/22/2012,
5301,VT,5.0,21750.0,12/29/2012,
5672,VT,5.04,41771,10/20/2008,
5465,VT,5.04,42855,8-8-2008,
5443,VT,5.04,40598,09/26/2008,
5091,VT,5.04,101209,05/30/2008,
5255,VT,5.04,27260,12-7-2007,
5841,VT,5.04,34991.25,12-10-2004,
5701,VT,5.04,46092,2-8-2008,
5161,VT,5.04,42500.0,06/18/2010,
5461,VT,5.04,29900.0,05/25/2010,
5445,VT,5.04,35506.68,03/17/2010,
5495,VT,5.04,32000.0,2-12-2010,
5055,VT,5.04,31000.0,01/29/2010,
5673,VT,5.04,34574.0,12/23/2009,
5401,VT,5.04,32000.0,12/21/2009,
5733,VT,5.04,32750.0,12-7-2009,
5674,VT,5.04,36968.0,02/16/2011,
5495,VT,5.04,28280.0,01/27/2011,
5445,VT,5.04,36857.0,01/14/2011,
5462,VT,5.04,21164.0,03/31/2012,
5677,VT,5.04,25558.0,11-9-2012,
5403,VT,5.04,17000.0,09/16/2012,
5819,VT,5.06,44106,06/29/2006,
5065,VT,5.06,24441.0,11/28/2010,
5472,VT,5.06,26430.0,7-8-2010,
5826,VT,5.06,28943.0,09/13/2011,
5867,VT,5.06,31878.0,5-4-2011,
5403,VT,5.06,28462.0,2-8-2011,
5673,VT,5.06,29297.0,1-4-2011,
5494,VT,5.1,32500.0,12/23/2009,
5482,VT,5.1,28050.0,11-3-2011,
5403,VT,5.1,25619.0,09/20/2012,
5774,VT,5.1,21420.0,12/31/2012,
5486,VT,5.1,17159.0,09/24/2012,
5070,VT,5.12,36439.55,10-5-2007,
5777,VT,5.145,19650.0,08/31/2012,
5472,VT,5.145,22330.0,10-4-2012,
5301,VT,5.16,43853.0,12/31/2009,
5061,VT,5.16,42896.0,12/16/2011,
5086,VT,5.16,51305.0,08/16/2011,
5701,VT,5.16,30774.84,7-4-2011,
5495,VT,5.16,24740.0,06/27/2011,
5340,VT,5.16,10297.36,11/30/2012,
5866,VT,5.17,29180.0,05/26/2010,
5074,VT,5.17,28993.0,12-2-2011,
5462,VT,5.17,23250.0,07/15/2011,
5843,VT,5.17,51417.0,5-6-2011,
5079,VT,5.17,27024.5,3-8-2011,
5495,VT,5.18,26605.0,10/24/2011,
5764,VT,5.2,16999.36,05/20/2012,
5465,VT,5.232,,10-12-2012,
5465,VT,5.232,,11/19/2012,
5465,VT,5.232,,11/19/2012,
5403,VT,5.232,,12/14/2012,
5672,VT,5.232,,12-5-2012,
5491,VT,5.232,,11/29/2012,
5674,VT,5.232,,12/20/2012,
5677,VT,5.232,14770.0,08/22/2012,
5403,VT,5.232,13646.0,08/16/2012,
5495,VT,5.232,15084.0,08/25/2012,
5465,VT,5.232,14296.0,09/14/2012,
5660,VT,5.232,13788.0,10/25/2012,
5468,VT,5.232,29853.0,10/29/2012,
5446,VT,5.232,27800.0,11-5-2012,
5672,VT,5.25,36971.94,08/30/2010,
5667,VT,5.25,35187.0,6-12-2010,
5461,VT,5.25,24937.5,12-8-2011,
5495,VT,5.25,24937.5,11/30/2011,
5660,VT,5.25,26137.0,11/30/2011,
5461,VT,5.25,24937.0,01/17/2012,
5671,VT,5.265,24985.0,12-8-2011,
5446,VT,5.28,,12/28/2012,
5363,VT,5.28,45227,6-1-2006,
5674,VT,5.28,42070.86,09/17/2004,
5472,VT,5.28,33632.47,07/23/2010,
5602,VT,5.28,27728.0,11/22/2011,
5301,VT,5.28,26450.0,11-11-2011,
5441,VT,5.28,42785.0,11-9-2011,
5477,VT,5.28,29185.0,07/31/2012,
5468,VT,5.28,23594.0,08/29/2012,
5301,VT,5.29,29836.0,02/16/2011,
5340,VT,5.3,34327,3-8-2009,
5039,VT,5.32,46533,1-11-2007,
5664,VT,5.32,46730,9-12-2008,
5443,VT,5.376,42944.12,3-5-2010,
5676,VT,5.39,23069.0,10/23/2012,
5822,VT,5.4,47479,04/23/2009,
5069,VT,5.4,34966,06/30/2009,
5353,VT,5.4,48600,8-8-2008,
5055,VT,5.4,58368.18,02/18/2009,
5872,VT,5.4,39953.55,11/14/2010,
5301,VT,5.4,29910.0,10/24/2010,
5660,VT,5.4,66955.0,09/21/2010,
5156,VT,5.4,47948.0,9-8-2010,
5477,VT,5.4,26074.0,8-9-2010,
5055,VT,5.4,38421.0,10/17/2011,
5676,VT,5.4,33750.0,10-12-2011,
5301,VT,5.4,29650.0,09/15/2011,
5673,VT,5.4,25650.0,8-8-2011,
5669,VT,5.4,30000.0,07/27/2011,
5495,VT,5.4,26190.0,06/29/2011,
5672,VT,5.46,54668,09/26/2008,
5461,VT,5.46,25935.0,11/21/2011,
5401,VT,5.5,26950,10/22/2004,
5482,VT,5.5,28781.0,10/28/2011,
5076,VT,5.5,23760.0,12-11-2012,
5055,VT,5.52,0.0,12/31/2010,
5346,VT,5.52,62977.0,11/17/2010,
5669,VT,5.52,32295.0,09/24/2010,
5733,VT,5.52,25198.27,9-3-2010,
5101,VT,5.52,16728.0,12-5-2011,
5857,VT,5.52,44160.0,11/22/2011,
5354,VT,5.52,40077.0,11/14/2011,
5825,VT,5.52,44160.0,11-1-2011,
5301,VT,5.52,27600.0,10/20/2011,
5346,VT,5.52,39192.0,10/19/2011,
5461,VT,5.52,44160.0,09/29/2011,
5468,VT,5.52,38500.0,9-2-2011,
5072,VT,5.52,28460.53,06/13/2011,
5403,VT,5.52,41400.0,01/30/2012,
5602,VT,5.52,35250.0,5-1-2012,
5495,VT,5.52,25400.0,06/21/2012,
5855,VT,5.55,35229.84,12/20/2010,
5841,VT,5.55,45128.99,11-1-2010,
5661,VT,5.55,42992.82,06/27/2011,
5495,VT,5.55,27317.5,5-11-2011,
5677,VT,5.6,31558.71,07/15/2009,
5055,VT,5.61,48078,4-6-2006,
5445,VT,5.61,24525.0,04/30/2012,
5667,VT,5.635,,12/13/2012,
5158,VT,5.64,39875.0,03/28/2012,
5358,VT,5.64,39875.0,3-7-2012,
5301,VT,5.64,34640.0,01/31/2012,
5301,VT,5.64,34640.0,01/31/2012,
5443,VT,5.64,,12/31/2011,
5346,VT,5.64,39875.0,12/20/2011,
5753,VT,5.64,30250.34,12/13/2011,
5154,VT,5.64,39875.0,11/28/2011,
5346,VT,5.64,34240.0,11/27/2011,
5075,VT,5.64,39862.0,11-7-2011,
5036,VT,5.64,19386.18,11-4-2011,
5342,VT,5.64,40558.0,11-4-2011,
5763,VT,5.64,39480.0,11-4-2011,
5773,VT,5.64,23343.0,10/30/2011,
5443,VT,5.64,32546.71,09/13/2011,
5363,VT,5.64,33334.0,08/19/2011,
5301,VT,5.64,20869.0,8-5-2011,
5091,VT,5.64,33672.0,1-10-2012,
5773,VT,5.64,29453.0,6-11-2012,
5403,VT,5.64,25492.8,08/31/2012,
5201,VT,5.64,35962.0,8-9-2012,
5201,VT,5.64,35950.0,10/20/2012,
5201,VT,5.64,33600.0,11/30/2012,
5362,VT,5.7,40075,12-1-2008,
5151,VT,5.7,44089.38,5-12-2009,
5301,VT,5.7,29950.0,2-12-2010,
5647,VT,5.74,31570.0,09/13/2011,
5055,VT,5.76,46520,10/22/2004,
5403,VT,5.76,44640.0,12/14/2010,
5055,VT,5.76,35595.0,9-7-2010,
5151,VT,5.76,34848.0,04/27/2010,
5042,VT,5.76,21419.0,4-6-2010,
5142,VT,5.76,33520.0,12/19/2011,
5647,VT,5.76,40320.0,12-2-2011,
5482,VT,5.76,28475.0,06/16/2011,
5660,VT,5.76,34968.0,05/24/2012,
5829,VT,5.76,37440.0,5-10-2012,
5489,VT,5.76,25920.0,6-11-2012,
5461,VT,5.76,20907.23,05/21/2012,
5101,VT,5.76,38932.0,6-12-2012,
5832,VT,5.76,28800.0,05/18/2012,
5301,VT,5.76,21900.0,06/22/2012,
5489,VT,5.76,38640.0,06/28/2012,
5676,VT,5.76,26340.0,06/30/2012,
5764,VT,5.76,27048.0,09/21/2012,
5651,VT,5.76,32472.0,11/29/2012,
5346,VT,5.76,18924.0,12/26/2012,
5602,VT,5.8,41154.59,10/21/2009,
5354,VT,5.805,36302.0,08/13/2010,
5753,VT,5.85,38271.0,11/15/2010,
5301,VT,5.88,24074.0,10-11-2012,
5346,VT,5.88,39749.0,09/19/2012,
5602,VT,5.88,,11/27/2012,
5676,VT,5.88,0.0,12/27/2010,
5851,VT,5.88,29450.0,9-8-2011,
5077,VT,5.88,44529.0,01/31/2011,
5156,VT,5.88,35994.0,09/17/2012,
5346,VT,5.88,29400.0,07/26/2012,
5674,VT,5.88,31158.0,7-11-2012,
5465,VT,5.88,19907.34,09/18/2012,
5679,VT,5.88,23266.0,9-1-2012,
5346,VT,5.88,29800.0,8-6-2012,
5352,VT,5.88,26166.0,10/24/2012,
5677,VT,5.88,36800.0,11-7-2012,
5602,VT,5.88,31164.0,11/30/2012,
5346,VT,5.88,26460.0,12/31/2012,
5753,VT,5.88,36600.0,12/31/2012,
5408,VT,5.886,,12-10-2012,
5650,VT,5.886,,10/29/2012,
5663,VT,5.886,,12-7-2012,
5465,VT,5.886,,12/13/2012,
5446,VT,5.886,,12/20/2012,
5494,VT,5.886,,12/28/2012,
5677,VT,5.886,,12-3-2012,
5495,VT,5.886,33384.0,07/18/2012,
5677,VT,5.886,32933.0,08/14/2012,
5489,VT,5.886,30753.0,06/25/2012,
5602,VT,5.886,30802.0,8-2-2012,
5468,VT,5.886,35487.0,08/13/2012,
5403,VT,5.886,36389.0,8-8-2012,
5403,VT,5.886,36389.0,9-6-2012,
5452,VT,5.886,31645.0,10/24/2012,
5468,VT,5.886,29754.0,12/17/2012,
5663,VT,5.886,17105.0,11-3-2012,
5667,VT,5.886,17643.0,11/19/2012,
5031,VT,5.9,41647.22,10/16/2009,
5862,VT,5.94,62988,07/13/2006,
5495,VT,5.94,37719.0,04/29/2011,
5153,VT,5.98,23084.0,11-7-2011,
5001,VT,5.98,30455.82,07/27/2011,
5055,VT,5.98,31601.5,2-11-2011,
5408,VT,6.0,,11/22/2012,
5857,VT,6.0,39000.0,08/22/2012,
5042,VT,6.0,40505.0,12/16/2011,
5482,VT,6.0,28500.0,10/18/2011,
5839,VT,6.0,20264.0,09/30/2012,
5482,VT,6.0,35900.0,6-6-2012,
5757,VT,6.0,41024.0,08/14/2012,
5491,VT,6.0,40102.0,07/30/2012,
5903,VT,6.0,29900.0,9-10-2012,
5033,VT,6.0,33000.0,10-10-2012,
5766,VT,6.0,31200.0,09/21/2012,
5743,VT,6.0,23700.0,11/23/2012,
5487,VT,6.0,28500.0,08/31/2012,
5033,VT,6.0,25600.0,11-9-2012,
5495,VT,6.0,23641.08,10/30/2012,
5445,VT,6.075,28856.25,11-1-2011,
5461,VT,6.075,28356.25,09/15/2011,
5301,VT,6.11,61577.0,10-5-2011,
5346,VT,6.11,32383.0,08/26/2011,
5362,VT,6.11,39719.0,7-8-2011,
5303,VT,6.11,27180.0,4-8-2011,
5767,VT,6.11,24479.32,01/30/2012,
5461,VT,6.12,41499.0,12/16/2011,
5468,VT,6.12,28500.0,11/15/2011,
5445,VT,6.12,29070.0,01/23/2012,
5301,VT,6.12,17586.0,9-6-2012,
5458,VT,6.12,23068.0,9-10-2012,
5461,VT,6.125,,12-5-2012,
5403,VT,6.125,24560.0,10/19/2012,
5091,VT,6.15,47351,11/14/2008,
5482,VT,6.15,29612.0,11-2-2011,
5482,VT,6.15,29212.5,10-12-2011,
5660,VT,6.15,30112.0,7-7-2011,
5495,VT,6.15,29213.0,06/16/2011,
5602,VT,6.16,39834.0,10/14/2011,
5446,VT,6.213,31000.0,10/19/2012,
5346,VT,6.24,28744.0,07/16/2012,
5255,VT,6.24,28390.0,09/14/2012,
5346,VT,6.24,29640.0,11/21/2011,
5452,VT,6.24,40384.0,6-3-2011,
5301,VT,6.24,24710.0,07/18/2012,
5452,VT,6.24,30883.0,10/24/2012,
5445,VT,6.3,43923,09/15/2009,
5819,VT,6.3,33774.0,09/26/2010,
5035,VT,6.3,28357.0,4-11-2010,
5037,VT,6.3,38369.0,12/29/2009,
5489,VT,6.3,50400.0,8-1-2011,
5676,VT,6.3,50400.0,06/29/2011,
5495,VT,6.3,50400.0,06/21/2011,
5738,VT,6.345,29301.05,11/27/2011,
5340,VT,6.345,36103.0,11/16/2011,
5491,VT,6.345,35513.0,4-6-2011,
5751,VT,6.345,45300.0,02/22/2011,
5737,VT,6.37,,12/21/2012,
5757,VT,6.37,38322.72,10-10-2011,
5677,VT,6.37,32104.0,09/26/2012,
5445,VT,6.37,26085.0,11-9-2012,
5452,VT,6.37,24570.0,12-11-2012,
5059,VT,6.44,36064.0,06/21/2011,
5055,VT,6.48,23400.0,6-8-2012,
5656,VT,6.54,,12-11-2012,
5462,VT,6.54,,11-12-2012,
5403,VT,6.54,,11/19/2012,
5468,VT,6.54,,12/20/2012,
5602,VT,6.54,33774.0,6-1-2012,
5660,VT,6.54,32277.0,08/13/2012,
5358,VT,6.58,32900.0,01/30/2012,
5055,VT,6.6,48067,02/27/2006,
5855,VT,6.6,53754.35,11-1-2009,
5676,VT,6.66,36630.0,3-9-2011,
5058,VT,6.72,36909.45,03/18/2011,
5456,VT,6.72,27981.0,08/24/2012,
5759,VT,6.72,29952.0,06/27/2012,
5662,VT,6.75,58778,12/30/2008,
5142,VT,6.75,59128.0,10-8-2010,
5663,VT,6.75,34141.0,10-8-2011,
5452,VT,6.75,31225.0,03/26/2011,
5843,VT,6.765,34868.0,07/13/2011,
5363,VT,6.8,65503,10-1-2009,
5602,VT,6.84,54653,7-12-2007,
5443,VT,6.864,53175,1-11-2007,
5489,VT,6.867,,12-7-2012,
5674,VT,6.867,,12-5-2012,
5660,VT,6.867,33545.0,6-12-2012,
5468,VT,6.867,17071.0,06/29/2012,
5403,VT,6.867,34397.0,07/20/2012,
5602,VT,6.867,36344.0,08/26/2012,
5468,VT,6.867,42235.0,08/27/2012,
5465,VT,6.867,34716.0,07/18/2012,
5676,VT,6.867,33707.55,9-7-2012,
5676,VT,6.867,31433.0,10/23/2012,
5468,VT,6.867,37090.0,10-9-2012,
5602,VT,6.867,33285.0,10/19/2012,
5743,VT,6.88,46410.0,03/21/2012,
5035,VT,6.9,28105.0,08/23/2010,
5353,VT,6.9,46161.0,03/17/2011,
5477,VT,7,65167,03/16/2009,
5464,VT,7.0,48055.59,03/31/2010,
5445,VT,7.0,21375.0,12/30/2011,
5495,VT,7.0,32130.0,12-12-2011,
5445,VT,7.0,39630.0,03/19/2012,
5495,VT,7.0,34167.0,03/28/2012,
5487,VT,7.02,72228,07/17/2008,
5353,VT,7.14,32150.0,07/13/2010,
5440,VT,7.14,34819.0,1-12-2012,
5458,VT,7.14,44710.62,06/15/2012,
5456,VT,7.14,41725.0,07/20/2012,
5403,VT,7.2,35228.0,07/14/2010,
5682,VT,7.2,58988.0,4-4-2011,
5660,VT,7.2,32605.57,1-6-2011,
5446,VT,7.2,29500.0,10/18/2012,
5151,VT,7.278,77080.86,01/14/2005,
5446,VT,7.35,59670.84,9-3-2010,
5461,VT,7.35,58800.0,06/21/2011,
5495,VT,7.35,58800.0,04/28/2011,
5656,VT,7.35,58800.0,4-12-2011,
5602,VT,7.35,33660.0,06/29/2012,
5828,VT,7.35,30492.0,08/24/2012,
5346,VT,7.35,33475.0,11/30/2012,
5857,VT,7.36,30488.0,10-4-2012,
5660,VT,7.38,34474.0,05/28/2011,
5495,VT,7.38,26346.6,02/14/2011,
5446,VT,7.392,36921.0,09/27/2011,
5677,VT,7.4,31434.0,07/22/2011,
5446,VT,7.5,38500.0,11/15/2011,
5455,VT,7.5,32000.0,10-5-2012,
5676,VT,7.5,30000.0,11-6-2012,
5667,VT,7.5,26840.0,11-1-2012,
5672,VT,7.56,0.0,12/30/2010,
5346,VT,7.56,48546.0,12/15/2010,
5641,VT,7.59,38370.19,11/28/2011,
5468,VT,7.65,46400.0,12/18/2011,
5660,VT,7.7,,12/19/2012,
5490,VT,7.74,43548.0,10-5-2010,
5671,VT,7.77,37064.0,04/19/2011,
5760,VT,7.8,,11/24/2009,
5445,VT,7.8,62000.0,05/24/2010,
5001,VT,7.82,41234.0,11/24/2010,
5142,VT,7.82,43870.0,11-5-2010,
5602,VT,7.848,,10/28/2012,
5676,VT,7.848,,11-12-2012,
5602,VT,7.848,,12-7-2012,
5602,VT,7.848,,12/20/2012,
5648,VT,7.848,,12/26/2012,
5602,VT,7.848,19140.0,08/29/2012,
5468,VT,7.848,19123.0,07/25/2012,
5489,VT,7.848,19908.0,9-11-2012,
5489,VT,7.848,21416.0,09/27/2012,
5495,VT,7.848,43682.0,10-8-2012,
5494,VT,7.848,24804.0,12-4-2012,
5468,VT,7.848,42739.0,10/27/2012,
5055,VT,7.92,33660.0,3-8-2012,
5091,VT,7.92,39226.0,07/26/2012,
5461,VT,7.98,62000.0,01/21/2010,
5351,VT,7.99,43945.0,09/13/2011,
5486,VT,7.99,31480.0,01/24/2012,
5674,VT,8,53437.4,05/22/2009,
5495,VT,8.0,62000.0,11/18/2010,
5446,VT,8.0,62000.0,10-6-2010,
5602,VT,8.0,0.0,9-11-2010,
5660,VT,8.0,36720.0,1-11-2012,
5472,VT,8.05,33420.0,07/13/2012,
5260,VT,8.085,39106.39,06/15/2012,
5602,VT,8.1,60497.53,11-2-2010,
5346,VT,8.1,109297.0,10/20/2010,
5482,VT,8.1,36169.82,10-5-2010,
5495,VT,8.14,38176.6,03/31/2011,
5733,VT,8.16,44376.0,6-5-2010,
5495,VT,8.16,37520.0,11-5-2012,
5465,VT,8.175,,12-7-2012,
5672,VT,8.175,41498.0,10-11-2012,
5673,VT,8.2,80275,11/18/2009,
5673,VT,8.2,65725,06/24/2009,
5488,VT,8.225,31100.0,07/23/2012,
5672,VT,8.25,32650.0,08/20/2012,
5067,VT,8.28,49807.0,10/14/2010,
5037,VT,8.28,56008.75,6-10-2010,
5486,VT,8.28,37300.0,12/29/2011,
5860,VT,8.28,57191.91,08/31/2011,
5824,VT,8.28,47610.0,07/15/2011,
5059,VT,8.28,59578.24,07/13/2011,
5042,VT,8.28,50597.0,7-8-2011,
5091,VT,8.28,,06/22/2011,
5055,VT,8.28,40632.18,1-5-2011,
5841,VT,8.28,37260.0,6-1-2012,
5363,VT,8.28,42950.0,1-10-2012,
5822,VT,8.28,32159.73,09/19/2012,
5845,VT,8.28,37541.73,7-8-2012,
5301,VT,8.296,35289.0,01/18/2012,
5301,VT,8.33,44149.0,12/21/2012,
5143,VT,8.385,51514.0,04/13/2010,
5363,VT,8.4,62956,6-2-2009,
5445,VT,8.4,67200.0,12/19/2011,
5673,VT,8.4,67200.0,10/25/2011,
5450,VT,8.4,58800.0,10/15/2011,
5445,VT,8.4,67200.0,08/23/2011,
5462,VT,8.4,67200.0,07/22/2011,
5465,VT,8.4,58800.0,05/31/2011,
5495,VT,8.4,67200.0,05/25/2011,
5403,VT,8.4,67200.0,05/20/2011,
5487,VT,8.4,67200.0,5-4-2011,
5495,VT,8.4,67200.0,04/28/2011,
5658,VT,8.4,67200.0,04/19/2011,
5445,VT,8.4,67200.0,03/24/2011,
5482,VT,8.4,67200.0,03/17/2011,
5827,VT,8.4,67200.0,03/17/2011,
5495,VT,8.4,67200.0,03/16/2011,
5445,VT,8.4,54600.0,1-4-2012,
5841,VT,8.4,56000.0,7-6-2012,
5601,VT,8.4,56000.0,8-4-2012,
5602,VT,8.46,43146.0,01/18/2012,
5651,VT,8.46,43890.0,08/21/2012,
5482,VT,8.51,45183.0,03/22/2011,
5753,VT,8.55,71697,12/19/2008,
5255,VT,8.575,,12-6-2012,
5068,VT,8.575,33875.0,8-8-2012,
5673,VT,8.64,,12/31/2012,
5465,VT,8.64,45000.0,07/25/2011,
5461,VT,8.64,38516.0,07/18/2011,
5738,VT,8.64,31800.0,06/13/2012,
5753,VT,8.67,38250.0,11/27/2012,
5602,VT,8.68,62727.8,12-5-2008,
5452,VT,8.8,65117.46,10-2-2009,
5156,VT,8.82,41967.0,11-5-2012,
5701,VT,8.82,,12/31/2012,
5758,VT,8.82,43232.7,10-12-2011,
5083,VT,8.82,39678.0,06/15/2012,
5301,VT,8.82,39690.0,12/31/2012,
5091,VT,9,78640.66,09/26/2008,
5071,VT,9,78661,11-8-2007,
5641,VT,9.0,54310.0,11/18/2010,
5494,VT,9.0,45686.0,10/26/2011,
5674,VT,9.0,42414.0,10-6-2011,
5641,VT,9.0,46800.0,10/30/2012,
5486,VT,9.03,76202.0,01/27/2011,
5452,VT,9.156,51346.0,07/25/2012,
5403,VT,9.156,21786.0,07/20/2012,
5674,VT,9.156,22628.0,11-9-2012,
5849,VT,9.18,57256.0,11-1-2012,
5055,VT,9.18,39800.0,11-9-2012,
5641,VT,9.2,46000.0,12/29/2012,
5401,VT,9.31,20763.0,08/24/2012,
5464,VT,9.36,39903.14,06/29/2012,
5753,VT,9.46,59452.0,06/15/2011,
5346,VT,9.555,37485.0,9-1-2012,
5033,VT,9.6,61085,11-5-2009,
5445,VT,9.6,53664.0,02/24/2012,
5070,VT,9.66,0.0,12/24/2010,
5465,VT,9.66,48819.0,10-4-2010,
5602,VT,9.81,,7-10-2012,
5677,VT,9.81,45239.0,08/16/2012,
5674,VT,9.81,45965.0,9-7-2012,
5734,VT,9.9,46841.0,12-6-2010,
5651,VT,9.9,52767.0,08/24/2010,
5077,VT,9.9,69847.0,08/22/2011,
5650,VT,10.0,,12/24/2012,
5346,VT,10.0,63735.0,12/13/2012,
5455,VT,10.0,55550.0,12/30/2011,
5462,VT,10.0,62318.0,12/27/2011,
5495,VT,10.0,45500.0,01/26/2012,
5482,VT,10.0,54500.0,04/18/2012,
5440,VT,10.0,51823.0,10/19/2012,
5403,VT,10.0,40000.0,09/27/2012,
5301,VT,10.045,40180.0,12/31/2012,
5401,VT,10.08,0.0,12/29/2010,
5494,VT,10.08,59800.0,5-3-2011,
5030,VT,10.12,54451.0,06/20/2011,
5033,VT,10.12,59760.0,2-10-2011,
5458,VT,10.12,25762.0,7-5-2012,
5487,VT,10.2,50809.59,11/21/2012,
5149,VT,10.2,54127.0,08/13/2012,
5455,VT,10.2,37042.0,6-8-2012,
5462,VT,10.2,33525.0,08/20/2012,
5350,VT,10.26,65627.0,06/28/2010,
5445,VT,10.5,47775.0,12/27/2011,
5001,VT,10.56,56161,12/28/2005,
5091,VT,10.56,61538.46,04/26/2011,
5733,VT,10.56,52694.0,2-11-2011,
5495,VT,10.71,53400.0,9-10-2012,
5301,VT,10.8,82300,05/16/2008,
5350,VT,10.8,65627.0,06/16/2010,
5676,VT,10.965,43000.0,11/13/2012,
5048,VT,11.04,67974.0,07/28/2011,
5465,VT,11.04,77280.0,07/19/2011,
5346,VT,11.04,94000.0,06/27/2011,
5085,VT,11.25,67613.0,2-8-2011,
5301,VT,11.28,63688.0,01/30/2012,
5346,VT,11.28,79750.0,11/17/2011,
5148,VT,11.28,75000.0,11-4-2011,
5346,VT,11.28,61120.0,11-2-2011,
5156,VT,11.28,66640.0,10-10-2011,
5354,VT,11.28,66640.0,8-12-2011,
5345,VT,11.28,66640.0,8-1-2011,
5032,VT,11.28,50932.0,01/16/2012,
5462,VT,11.28,78960.0,05/31/2012,
5766,VT,11.28,78960.0,7-2-2012,
5753,VT,11.4,93000.0,06/16/2010,
5477,VT,11.445,56720.0,10-8-2012,
5751,VT,11.52,46450.0,07/25/2012,
5143,VT,11.52,56304.0,10/25/2012,
5482,VT,11.7,53235.0,08/31/2011,
5345,VT,11.73,64867.0,04/20/2011,
5654,VT,11.75,52706.0,10-5-2011,
5359,VT,11.76,,11/19/2012,
5346,VT,11.76,58800.0,09/20/2012,
5491,VT,11.76,73320.0,12/22/2012,
5672,VT,11.772,,12-3-2012,
5452,VT,11.772,59401.0,8-8-2012,
5495,VT,11.772,62377.0,12-3-2012,
5658,VT,11.96,60760.0,08/14/2012,
5641,VT,11.96,28232.0,10/24/2012,
5477,VT,12.0,55000.0,12/31/2012,
5301,VT,12.22,57114.0,12-9-2011,
5067,VT,12.24,,12-1-2011,
5753,VT,12.24,71000.0,01/16/2012,
5091,VT,12.24,45000.0,09/22/2012,
5489,VT,12.3,84194,08/27/2009,
5454,VT,12.5,86800,3-9-2009,
5660,VT,12.6,132380,01/16/2009,
5478,VT,12.6,77490.0,02/22/2011,
5346,VT,12.6,103500.0,01/14/2011,
5487,VT,12.6,94500.0,6-7-2012,
5452,VT,12.65,76923.07,12-7-2010,
5055,VT,12.9,97975,3-6-2008,
5356,VT,13.2,81785.0,05/31/2011,
5301,VT,13.23,55556.0,12/28/2012,
5672,VT,13.3,127222,2-8-2008,
5001,VT,13.5,65530.0,06/22/2012,
5477,VT,13.76,76476.54,07/20/2011,
5641,VT,13.8,75900.0,11-9-2012,
5661,VT,14.4,121606.18,12-12-2010,
5672,VT,14.4,70220.0,01/30/2012,
5356,VT,14.82,152950,12/19/2008,
5676,VT,14.85,76923.0,8-2-2010,
5495,VT,15.0,,09/27/2010,
5462,VT,15.12,133618.72,07/24/2008,
5068,VT,15.18,76923.08,02/17/2011,
5676,VT,15.25,58000.0,05/29/2012,
5301,VT,15.275,56554.0,11-10-2011,
5848,VT,15.3,0.0,11/26/2010,
5161,VT,15.3,69800.0,07/30/2012,
5346,VT,15.36,113664.0,6-7-2012,
5672,VT,15.48,94802.0,5-2-2011,
5262,VT,15.51,65000.0,09/28/2011,
5602,VT,16.1,88900.0,01/27/2012,
5680,VT,16.17,54909.0,10/31/2012,
5346,VT,16.2,0.0,12/26/2010,
5673,VT,16.3,144347,01/21/2009,
5661,VT,16.56,115920.0,10/19/2011,
5857,VT,16.56,28042.61,11/15/2012,
5461,VT,16.56,70020.0,8-2-2012,
5443,VT,16.8,169433,10-12-2007,
5677,VT,16.8,134400.0,12/20/2011,
5677,VT,16.8,117600.0,06/23/2011,
5819,VT,16.8,85390.0,01/20/2012,
5255,VT,16.92,95601.07,12/28/2011,
5346,VT,16.92,99760.0,9-6-2011,
5156,VT,16.92,95217.0,7-12-2011,
5301,VT,16.92,82062.0,6-1-2012,
5346,VT,16.92,71656.0,04/25/2012,
5446,VT,16.94,70500.0,12/20/2011,
5301,VT,17.331,79902.0,11/16/2012,
5482,VT,17.6,125427.21,9-1-2009,
5658,VT,18.0,97020.0,01/25/2013,
5452,VT,18.144,85600.0,10/16/2010,
5478,VT,18.36,99444.0,12-10-2012,
5753,VT,20.16,142197.12,02/21/2011,
5201,VT,20.68,98304.57,01/30/2012,
5301,VT,21.6,109080.0,12-3-2010,
5495,VT,21.6,112420.0,09/14/2010,
5661,VT,22.08,171120.0,11/16/2010,
5751,VT,22.08,92322.0,10/26/2010,
5158,VT,22.08,176640.0,12/29/2011,
5672,VT,22.56,157920.0,12-2-2011,
5143,VT,22.56,101144.04,01/26/2012,
5768,VT,22.8,141500,10/15/2009,
5445,VT,22.95,105730.0,10/14/2010,
5301,VT,23.5,110544.0,09/20/2012,
5445,VT,24.0,128375.0,05/17/2012,
5401,VT,24.48,155608.0,01/30/2012,
5401,VT,25.425,144710.0,01/24/2011,
5401,VT,26.91,137241.0,07/14/2011,
5478,VT,27.0,112990.0,10/31/2012,
5673,VT,28.0,217000.0,04/19/2010,
5346,VT,28.2,179400.0,8-12-2011,
5346,VT,28.29,199000.0,11/30/2010,
5486,VT,28.35,157916.0,10-2-2012,
5735,VT,28.8,140300.0,7-3-2012,
5403,VT,28.905,139700.0,08/17/2011,
5495,VT,29.12,165000.0,7-11-2011,
5602,VT,30.0,,6-9-1997,
5476,VT,30.36,146278.0,09/29/2010,
5301,VT,30.6,146660.0,10/26/2012,
5401,VT,31.28,187000.0,08/20/2010,
5201,VT,31.68,139200.0,08/20/2012,
5001,VT,32.0,,12/17/2010,
5403,VT,32.16,135989.0,08/24/2012,
5871,VT,32.34,,07/17/2013,
5346,VT,33.12,184000.0,11/27/2011,
5443,VT,33.84,,12/31/2012,
5465,VT,33.84,219456.0,12/17/2011,
5301,VT,33.84,140000.0,11-11-2011,
5301,VT,33.84,164809.0,11-7-2011,
5346,VT,33.84,199000.0,10/25/2011,
5401,VT,34.38,,10/21/2010,
5672,VT,34.4,75149.0,06/14/2011,
5764,VT,34.56,207760.0,12/19/2011,
5677,VT,35.54,,12/21/2011,
5443,VT,36.0,217284.0,07/27/2012,
5401,VT,36.19,216920.0,01/31/2011,
5346,VT,36.8,,10-10-2009,
5489,VT,37.62,99435.72,10-5-2007,
5701,VT,39.6,178112.0,01/25/2012,
5482,VT,40.32,,8-3-2010,
5774,VT,40.32,158765.0,1-5-2012,
5401,VT,40.768,224650.0,7-12-2011,
5673,VT,42.0,336000.0,12/15/2011,
5670,VT,43.2,187087.0,01/26/2012,
5091,VT,44.8,217134.0,10/28/2010,
5640,VT,46.44,118965.0,01/26/2012,
5701,VT,50.16,400000.0,01/15/2010,
5443,VT,50.4,352800.0,10/31/2012,
5401,VT,50.76,185281.0,10/31/2012,
5346,VT,52.92,300000.0,6-6-2012,
5733,VT,56.4,270720.0,12-10-2012,
5656,VT,56.4,270720.0,10/25/2012,
5033,VT,58.0,,6-5-2009,
5770,VT,58.8,411600.0,12/22/2011,
5477,VT,58.8,411600.0,11-11-2011,
5091,VT,58.8,411600.0,03/19/2012,
5770,VT,58.8,411600.0,05/31/2012,
5091,VT,59.0,,03/19/2012,
5158,VT,59.616,392500.0,10/25/2010,
5701,VT,59.8,195000.0,08/17/2012,
5602,VT,62.4,220000.0,12/19/2012,
5060,VT,87.36,298250.0,11-2-2012,
5060,VT,87.4,,09/25/2012,
5401,VT,91.875,317007.0,2-8-2012,
5403,VT,95.76,,07/23/2010,
5701,VT,98.28,,01/21/2014,
5487,VT,100.0,589000.0,09/30/2010,
5001,VT,100.0,,12-10-2009,
5676,VT,100.1,,08/14/2009,
5661,VT,108.0,,12/31/2012,
5770,VT,120.0,,8-2-2012,
5408,VT,137.445,588728.0,2-8-2012,
5674,VT,138.9,,01/14/2015,
5701,VT,140.4,,01/14/2014,
5461,VT,141.36,1086000.0,12-1-2010,
5753,VT,143.0,,02/21/2012,
5461,VT,144.0,,09/26/2009,
5701,VT,146.64,760000.0,12/31/2012,
5677,VT,146.64,703872.0,11/30/2012,
5408,VT,147.0,1160640.0,12/16/2011,
5403,VT,147.84,785747.98,05/27/2011,
5753,VT,147.84,546893.0,01/25/2012,
5156,VT,148.5,,12-8-2012,
5701,VT,150.0,,5-9-2014,
5677,VT,150.0,,11/29/2012,
5495,VT,152.88,760000.0,12/31/2012,
5701,VT,155.48,423000.0,12/14/2012,
5156,VT,209.664,,12-2-2010,
5150,VT,357.6,1297000.0,10/17/2012,
5150,VT,382.8,1300000.0,10/23/2012,
5602,VT,500.0,,12/15/2014,
5491,VT,1046.65,5000000.0,11/30/2010,
5403,VT,1420.5,8800000.0,10-1-2011,
5403,VT,2154.48,11987126.0,07/27/2011,
5068,VT,2199.26,11000000.0,07/31/2012,
5261,VT,2307.0,10000000.0,12-1-2012,
5485,VT,2400.0,,12/13/2013,
5472,VT,2494.69,,9-4-2013,
5301,VT,2500.0,,10-8-2014,
5679,VT,2513.28,10000000.0,12-1-2012,
5001,VT,2522.52,10500000.0,10/19/2012,
5482,VT,2960.0,,2-11-2014,
