Zipcode,State,Size (kW DC),Cost,Date Installed,Filters=maxsize=30600&minsize=0&state=DC
20010,DC,0.075,,5-12-2010,
20010,DC,0.075,,5-12-2010,
20010,DC,0.26,22480.0,5-12-2010,
20024,DC,0.9,9856.0,6-3-2010,
20024,DC,0.9,9856.0,6-3-2010,
20019,DC,1.0,9821.0,10-11-2012,
20001,DC,1.0,10421.0,10/17/2012,
20019,DC,1.0,9821.0,10-11-2012,
20001,DC,1.0,10421.0,10/17/2012,
20003,DC,1.05,11184.0,09/30/2009,
20003,DC,1.05,11184.0,09/30/2009,
20015,DC,1.075,7995.17,10/17/2012,
20015,DC,1.075,7995.17,10/17/2012,
20011,DC,1.15,5175.0,09/20/2012,
20011,DC,1.15,5175.0,09/20/2012,
20016,DC,1.17,13775.0,11/23/2010,
20016,DC,1.17,13775.0,11/23/2010,
20015,DC,1.17,21986.0,10-8-2011,
20010,DC,1.29,11900.0,10-11-2012,
20010,DC,1.29,11900.0,10-11-2012,
20015,DC,1.38,10880.0,6-4-2012,
20001,DC,1.38,10320.0,09/25/2012,
20015,DC,1.38,10880.0,6-4-2012,
20001,DC,1.38,10320.0,09/25/2012,
20009,DC,1.56,12699.0,9-7-2010,
20009,DC,1.56,,9-7-2010,
20009,DC,1.560.666,12699.0,9-7-2010,
20009,DC,1.560.666,,9-7-2010,
20011,DC,1.57,,7-6-2010,
20011,DC,1.57,,7-6-2010,
20010,DC,1.68,15020.0,09/30/2009,
20015,DC,1.68,12482.0,09/15/2010,
20010,DC,1.68,15020.0,09/30/2009,
20015,DC,1.68,,09/15/2010,
20009,DC,1.768,25482.0,02/13/2012,
20009,DC,1.768,25482.0,02/13/2012,
20003,DC,1.768,19606.0,02/21/2012,
20016,DC,1.8,15832.0,8-10-2010,
20016,DC,1.8,,8-10-2010,
20016,DC,1.84,14317.0,08/20/2012,
20010,DC,1.84,12774.0,10-1-2012,
20010,DC,1.84,44559.0,10-11-2010,
20016,DC,1.84,14317.0,08/20/2012,
20010,DC,1.84,12774.0,10-1-2012,
20010,DC,1.84,,10-11-2010,
20002,DC,1.85,12247.0,06/16/2011,
20007,DC,1.85,16265.0,10-8-2011,
20016,DC,1.88,16997.0,08/15/2012,
20011,DC,1.88,11310.0,08/27/2012,
20016,DC,1.88,16997.0,08/15/2012,
20011,DC,1.88,11310.0,08/27/2012,
20011,DC,1.904,,2-6-2012,
20002,DC,1.904,9130.0,9-10-2010,
20003,DC,1.904,8063.0,10/25/2010,
20011,DC,1.904,,2-6-2012,
20002,DC,1.904,29860.0,6-4-2012,
20002,DC,1.904,,9-10-2010,
20003,DC,1.904,,10/25/2010,
20003,DC,1.904,14805.0,02/21/2012,
20019,DC,1.92,9054.0,10-11-2012,
20019,DC,1.92,9054.0,10-11-2012,
20003,DC,1.96,8820.0,10/17/2012,
20003,DC,1.96,8820.0,10/17/2012,
20016,DC,2.0,15370.0,09/30/2009,
20008,DC,2.0,16100.0,05/24/2010,
20016,DC,2.0,31508.06,6-3-2010,
20016,DC,2.0,15370.0,09/30/2009,
20008,DC,2.0,16100.0,05/24/2010,
20016,DC,2.0,31508.06,6-3-2010,
20008,DC,2.0,,03/21/2011,
20016,DC,2.025,16777.0,12/23/2010,
20016,DC,2.025,16777.0,12/23/2010,
20010,DC,2.025,21700.0,10-8-2011,
20001,DC,2.04,11360.0,10/25/2010,
20002,DC,2.04,36999.0,06/15/2011,
20001,DC,2.04,,10/25/2010,
20006,DC,2.04,27509.0,10-8-2011,
20003,DC,2.07,9650.0,7-3-2012,
20008,DC,2.07,17200.0,08/17/2010,
20003,DC,2.07,9650.0,7-3-2012,
20008,DC,2.07,,08/17/2010,
20010,DC,2.092,,7-2-2011,
20020,DC,2.092,21158.0,10-8-2011,
20010,DC,2.1,21370.0,09/30/2009,
20016,DC,2.1,17800.0,05/24/2010,
20002,DC,2.1,26340.0,6-2-2010,
20008,DC,2.1,19799.0,06/21/2010,
20010,DC,2.1,,09/30/2009,
20008,DC,2.1,19799.0,06/21/2010,
20002,DC,2.1,26340.0,6-2-2010,
20016,DC,2.1,17800.0,05/24/2010,
20009,DC,2.115,16862.0,04/24/2012,
20011,DC,2.115,10364.0,04/24/2012,
20009,DC,2.115,16862.0,04/24/2012,
20011,DC,2.115,10364.0,04/24/2012,
20015,DC,2.15,17971.0,11/29/2010,
20015,DC,2.15,,11/29/2010,
20009,DC,2.15,23327.0,10-8-2011,
20009,DC,2.176,39154.0,06/21/2010,
20010,DC,2.176,39286.0,08/25/2010,
20002,DC,2.176,,08/25/2010,
20002,DC,2.176,27125.0,9-1-2010,
20010,DC,2.176,10900.0,9-7-2010,
20017,DC,2.176,19436.0,9-7-2010,
20011,DC,2.176,18562.0,9-7-2010,
20010,DC,2.176,16232.0,10-6-2010,
20011,DC,2.176,19149.0,10-6-2010,
20010,DC,2.176,12400.0,10-11-2010,
20008,DC,2.176,16732.0,06/28/2011,
20009,DC,2.176,39154.0,06/21/2010,
20010,DC,2.176,,10-6-2010,
20010,DC,2.176,,08/25/2010,
20002,DC,2.176,,08/25/2010,
20010,DC,2.176,,10-11-2010,
20011,DC,2.176,,10-6-2010,
20010,DC,2.176,,9-7-2010,
20002,DC,2.176,,9-1-2010,
20017,DC,2.176,,9-7-2010,
20011,DC,2.176,,9-7-2010,
20011,DC,2.176,23425.0,10-8-2011,
20007,DC,2.2,28176.0,11/18/2009,
20007,DC,2.2,28176.0,11/18/2009,
20010,DC,2.25,20235.0,09/30/2009,
20010,DC,2.25,21156.0,09/30/2009,
20015,DC,2.25,21565.0,09/30/2009,
20007,DC,2.25,21060.0,09/30/2009,
20005,DC,2.25,21825.0,08/25/2010,
20010,DC,2.25,19688.0,09/30/2010,
20010,DC,2.25,,09/30/2009,
20010,DC,2.25,,09/30/2009,
20015,DC,2.25,21565.0,09/30/2009,
20007,DC,2.25,21060.0,09/30/2009,
20010,DC,2.25,19688.0,09/30/2009,
20005,DC,2.25,,08/25/2010,
20008,DC,2.28,22160.0,09/30/2009,
20002,DC,2.28,22560.0,09/30/2009,
20012,DC,2.28,18070.0,6-3-2010,
20008,DC,2.28,22160.0,09/30/2009,
20002,DC,2.28,,09/30/2009,
20012,DC,2.28,18070.0,6-3-2010,
20002,DC,2.3,15009.0,2-6-2012,
20011,DC,2.3,14127.0,5-5-2012,
20007,DC,2.3,10028.0,08/27/2012,
20010,DC,2.3,20125.0,11/18/2009,
20003,DC,2.3,28280.0,08/15/2011,
20002,DC,2.3,15009.0,2-6-2012,
20011,DC,2.3,14127.0,5-5-2012,
20007,DC,2.3,10028.0,08/27/2012,
20010,DC,2.3,20125.0,11/18/2009,
20001,DC,2.3,14973.0,02/21/2012,
20001,DC,2.3,23460.0,10-8-2011,
20010,DC,2.3,,03/21/2011,
20002,DC,2.312,19485.0,06/21/2010,
20002,DC,2.312,19485.0,06/21/2010,
20007,DC,2.365,25893.0,12/26/2012,
20007,DC,2.365,25893.0,12/26/2012,
20010,DC,2.4,22480.0,09/30/2009,
20010,DC,2.4,19075.0,09/30/2009,
20010,DC,2.4,34068.0,09/30/2009,
20010,DC,2.4,18760.0,09/30/2009,
20010,DC,2.4,21410.0,09/30/2009,
20015,DC,2.4,20052.0,09/30/2009,
20010,DC,2.4,40678.0,11/18/2009,
20010,DC,2.4,,11/24/2009,
20010,DC,2.4,22623.0,11/24/2009,
20010,DC,2.4,36008.0,11/24/2009,
20010,DC,2.4,18280.0,05/24/2010,
20016,DC,2.4,18237.0,6-3-2010,
20010,DC,2.4,22480.0,09/30/2009,
20010,DC,2.4,,09/30/2009,
20010,DC,2.4,,09/30/2009,
20010,DC,2.4,,09/30/2009,
20010,DC,2.4,,09/30/2009,
20015,DC,2.4,20052.0,09/30/2009,
20010,DC,2.4,,11/18/2009,
20010,DC,2.4,,11/24/2009,
20010,DC,2.4,,11/24/2009,
20010,DC,2.4,,11/24/2009,
20010,DC,2.4,,11/18/2009,
20016,DC,2.4,18237.0,6-3-2010,
20010,DC,2.4,18280.0,05/24/2010,
20010,DC,2.44,22428.0,11/24/2009,
20010,DC,2.44,,11/24/2009,
20010,DC,2.448,15374.0,10-11-2012,
20002,DC,2.448,19336.0,08/31/2010,
20010,DC,2.448,19336.0,9-10-2010,
20010,DC,2.448,16003.0,10-6-2010,
20011,DC,2.448,18852.0,10-11-2010,
20011,DC,2.448,18566.0,10-11-2010,
20007,DC,2.448,,09/27/2011,
20015,DC,2.448,21986.0,10-8-2011,
20010,DC,2.448,15374.0,10-11-2012,
20002,DC,2.448,,08/31/2010,
20010,DC,2.448,,9-10-2010,
20010,DC,2.448,,10-6-2010,
20011,DC,2.448,,10-11-2010,
20011,DC,2.448,,10-11-2010,
20002,DC,2.448,20646.0,10-8-2011,
20002,DC,2.448,20098.0,10-8-2011,
20010,DC,2.45,11600.0,10-1-2012,
20010,DC,2.45,18035.0,09/30/2009,
20008,DC,2.45,21248.0,6-3-2010,
20003,DC,2.45,22000.0,08/31/2010,
20010,DC,2.45,11600.0,10-1-2012,
20010,DC,2.45,18035.0,09/30/2009,
20008,DC,2.45,,6-3-2010,
20003,DC,2.45,,08/31/2010,
20010,DC,2.46,20910.0,09/30/2009,
20019,DC,2.46,19220.0,09/30/2009,
20010,DC,2.46,21402.0,11/18/2009,
20010,DC,2.46,19680.0,11/18/2009,
20010,DC,2.46,21402.0,11/18/2009,
20010,DC,2.46,,11/24/2009,
20010,DC,2.46,22263.0,11/24/2009,
20010,DC,2.46,22386.0,12/14/2009,
20010,DC,2.46,20910.0,5-7-2010,
20010,DC,2.46,,09/30/2009,
20019,DC,2.46,19220.0,09/30/2009,
20010,DC,2.46,,11/24/2009,
20010,DC,2.46,,5-7-2010,
20010,DC,2.46,,11/18/2009,
20010,DC,2.46,,11/24/2009,
20010,DC,2.46,,12/14/2009,
20010,DC,2.46,,11/18/2009,
20010,DC,2.46,,11/18/2009,
20007,DC,2.464,24196.0,06/30/2010,
20024,DC,2.464,24196.0,06/30/2010,
20009,DC,2.5,10857.0,10-11-2012,
20009,DC,2.5,10857.0,10-11-2012,
20003,DC,2.53,12523.0,3-12-2012,
20011,DC,2.53,11511.0,08/27/2012,
20007,DC,2.53,16029.0,09/26/2012,
20009,DC,2.53,19190.51,10/27/2010,
20002,DC,2.53,30454.0,06/15/2011,
20003,DC,2.53,12523.0,3-12-2012,
20011,DC,2.53,11511.0,08/27/2012,
20007,DC,2.53,16029.0,09/26/2012,
20009,DC,2.53,,10/27/2010,
20002,DC,2.53,28068.35,10-8-2011,
20019,DC,2.58,4624.57,5-7-2012,
20019,DC,2.58,4624.57,5-7-2012,
20019,DC,2.58,,8-1-2012,
20001,DC,2.584,22500.0,01/26/2011,
20003,DC,2.584,18520.5,01/26/2011,
20008,DC,2.584,27632.0,10-8-2011,
20007,DC,2.584,,10-8-2011,
20007,DC,2.585,16265.0,10-8-2011,
20007,DC,2.585,15162.0,12-12-2011,
20002,DC,2.585,24715.0,02/21/2012,
20010,DC,2.585,24396.0,10-8-2011,
20010,DC,2.6,12935.0,10-11-2012,
20010,DC,2.6,26796.0,11/18/2009,
20018,DC,2.6,19189.0,10/25/2010,
20010,DC,2.6,12935.0,10-11-2012,
20010,DC,2.6,,11/18/2009,
20018,DC,2.6,,10/25/2010,
20010,DC,2.636,21670.0,03/14/2011,
20012,DC,2.636,28125.0,10-8-2011,
20010,DC,2.66,23060.0,09/30/2009,
20010,DC,2.66,22750.0,09/30/2009,
20017,DC,2.66,25460.0,6-3-2010,
20010,DC,2.66,,09/30/2009,
20010,DC,2.66,22750.0,09/30/2009,
20017,DC,2.66,25460.0,6-3-2010,
20024,DC,2.688,,03/21/2011,
20016,DC,2.7,24900.0,09/30/2009,
20016,DC,2.7,35550.0,09/30/2009,
20002,DC,2.7,25824.0,09/30/2009,
20016,DC,2.7,24300.0,09/30/2009,
20010,DC,2.7,18860.0,11/18/2009,
20010,DC,2.7,,11/24/2009,
20016,DC,2.7,32975.0,02/24/2010,
20020,DC,2.7,23301.0,01/26/2011,
20016,DC,2.7,24300.0,09/30/2009,
20016,DC,2.7,24900.0,09/30/2009,
20016,DC,2.7,35550.0,09/30/2009,
20002,DC,2.7,25824.0,09/30/2009,
20010,DC,2.7,,11/18/2009,
20010,DC,2.7,,11/24/2009,
20016,DC,2.7,32975.0,02/24/2010,
20007,DC,2.7,,09/27/2011,
20010,DC,2.72,,09/20/2010,
20009,DC,2.73,19902.0,9-7-2010,
20009,DC,2.73,,9-7-2010,
20002,DC,2.76,35000.0,01/21/2012,
20016,DC,2.76,21700.0,01/21/2012,
20009,DC,2.76,24702.0,5-5-2012,
20012,DC,2.76,14628.0,8-6-2012,
20012,DC,2.76,11592.0,09/26/2012,
20015,DC,2.76,20260.0,8-9-2010,
20007,DC,2.76,39905.0,11/29/2010,
20009,DC,2.76,20320.0,01/21/2011,
20010,DC,2.76,,09/13/2011,
20010,DC,2.76,21700.0,10-8-2011,
20002,DC,2.76,35000.0,01/21/2012,
20016,DC,2.76,21700.0,01/21/2012,
20009,DC,2.76,24702.0,5-5-2012,
20012,DC,2.76,14628.0,8-6-2012,
20012,DC,2.76,11592.0,09/26/2012,
20015,DC,2.76,,8-9-2010,
20007,DC,2.76,39905.0,11/29/2010,
20002,DC,2.76,28114.0,02/21/2012,
20002,DC,2.76,9938.0,02/21/2012,
20016,DC,2.76,106882.16,09/23/2011,
20016,DC,2.76,,09/23/2011,
20016,DC,2.76,,09/23/2011,
20010,DC,2.76,,09/13/2011,
20002,DC,2.76,,06/21/2011,
20010,DC,2.76,,12-9-2011,
20006,DC,2.795,27509.0,10-8-2011,
20017,DC,2.795,33332.0,09/13/2011,
20010,DC,2.8,25200.0,09/30/2009,
20020,DC,2.8,25200.0,09/30/2009,
20002,DC,2.8,20000.0,6-3-2010,
20010,DC,2.8,25200.0,09/30/2009,
20020,DC,2.8,25200.0,09/30/2009,
20002,DC,2.8,20000.0,6-3-2010,
20002,DC,2.804.665,16708.0,10/17/2012,
20002,DC,2.804.665,16708.0,10/17/2012,
20009,DC,2.82,26226.0,6-4-2012,
20002,DC,2.82,21340.0,6-12-2012,
20003,DC,2.82,12408.0,10/17/2012,
20003,DC,2.82,21440.0,12-12-2011,
20009,DC,2.82,26226.0,6-4-2012,
20002,DC,2.82,21340.0,6-12-2012,
20003,DC,2.82,12408.0,10/17/2012,
20002,DC,2.82,25831.0,02/21/2012,
20012,DC,2.85,16570.0,12/26/2012,
20012,DC,2.85,16570.0,12/26/2012,
20003,DC,2.856,21848.0,10/25/2010,
20003,DC,2.856,,10/25/2010,
20015,DC,2.88,18495.0,04/24/2012,
20011,DC,2.88,28656.0,10-11-2012,
20015,DC,2.88,18495.0,04/24/2012,
20011,DC,2.88,28656.0,10-11-2012,
20010,DC,2.917,26128.0,11/24/2009,
20010,DC,2.917,26128.0,11/24/2009,
20003,DC,2.925,18314.0,06/16/2011,
20007,DC,2.925,37004.0,09/13/2011,
20011,DC,2.94,12642.0,10-11-2012,
20020,DC,2.94,12902.0,10-11-2012,
20009,DC,2.94,32850.0,09/30/2009,
20002,DC,2.94,24358.0,08/25/2010,
20020,DC,2.94,21158.0,10-8-2011,
20011,DC,2.94,12642.0,10-11-2012,
20020,DC,2.94,12902.0,10-11-2012,
20009,DC,2.94,32850.0,09/30/2009,
20001,DC,2.94,,02/24/2010,
20002,DC,2.94,,08/25/2010,
20016,DC,2.94,56755.0,9-12-2011,
20007,DC,2.96,23528.0,11/29/2010,
20007,DC,2.96,23528.0,11/29/2010,
20003,DC,2.96,28280.0,08/15/2011,
20002,DC,2.975,21628.0,7-6-2010,
20002,DC,2.975,21628.0,7-6-2010,
20007,DC,2.99,35170.0,02/13/2012,
20003,DC,2.99,19606.0,02/21/2012,
20003,DC,2.99,13993.0,4-7-2012,
20003,DC,2.99,10500.0,5-5-2012,
20003,DC,2.99,35600.0,08/20/2012,
20016,DC,2.99,11500.0,10-1-2012,
20016,DC,2.99,29035.0,08/24/2010,
20010,DC,2.99,14154.0,09/20/2010,
20003,DC,2.99,29489.0,1-10-2011,
20010,DC,2.99,47473.0,01/26/2011,
20010,DC,2.99,20451.33,01/26/2011,
20007,DC,2.99,35170.0,02/13/2012,
20003,DC,2.99,19606.0,02/21/2012,
20003,DC,2.99,13993.0,4-7-2012,
20003,DC,2.99,10500.0,5-5-2012,
20003,DC,2.99,35600.0,08/20/2012,
20016,DC,2.99,11500.0,10-1-2012,
20016,DC,2.99,,08/24/2010,
20003,DC,2.99,,1-10-2011,
20007,DC,2.99,17191.0,02/14/2012,
20009,DC,2.99,25482.0,02/13/2012,
20003,DC,2.99,25858.0,08/15/2011,
20010,DC,2.99,32940.0,08/15/2011,
20016,DC,2.99,30787.0,08/15/2011,
20003,DC,2.99,,03/21/2011,
20007,DC,2.99,,09/22/2011,
20010,DC,2.99,,07/21/2011,
20003,DC,2.992,22369.0,10-11-2010,
20003,DC,2.992,,10-11-2010,
20012,DC,3.0,23500.0,10-1-2012,
20011,DC,3.0,12893.0,10-11-2012,
20001,DC,3.0,21520.0,12/26/2012,
20003,DC,3.0,25500.0,09/30/2009,
20009,DC,3.0,28630.0,09/30/2009,
20020,DC,3.0,27900.0,09/30/2009,
20020,DC,3.0,22997.0,02/24/2010,
20015,DC,3.0,19383.0,05/24/2010,
20002,DC,3.0,27666.08,6-3-2010,
20003,DC,3.0,21905.0,06/21/2010,
20009,DC,3.0,19387.0,08/31/2010,
20009,DC,3.0,43000.0,9-1-2010,
20009,DC,3.0,19387.0,9-7-2010,
20009,DC,3.0,28127.5,10-12-2010,
20012,DC,3.0,23500.0,10-1-2012,
20011,DC,3.0,12893.0,10-11-2012,
20001,DC,3.0,21520.0,12/26/2012,
20020,DC,3.0,27900.0,09/30/2009,
20003,DC,3.0,,09/30/2009,
20009,DC,3.0,28630.0,09/30/2009,
20020,DC,3.0,,02/24/2010,
20002,DC,3.0,27666.08,6-3-2010,
20003,DC,3.0,21905.0,06/21/2010,
20015,DC,3.0,19383.0,05/24/2010,
20009,DC,3.0,,9-1-2010,
20009,DC,3.0,,9-7-2010,
20009,DC,3.0,,08/31/2010,
20009,DC,3.0,,10-12-2010,
20009,DC,3.01,23327.0,10-8-2011,
20016,DC,3.01,73416.0,08/15/2011,
20010,DC,3.04,24880.0,09/30/2009,
20010,DC,3.04,23210.0,09/30/2009,
20010,DC,3.04,24700.0,09/30/2009,
20010,DC,3.04,24380.0,09/30/2009,
20010,DC,3.04,22670.0,09/30/2009,
20010,DC,3.04,24260.0,11/24/2009,
20010,DC,3.04,24880.0,09/30/2009,
20010,DC,3.04,23210.0,09/30/2009,
20010,DC,3.04,,09/30/2009,
20010,DC,3.04,24380.0,09/30/2009,
20010,DC,3.04,22670.0,09/30/2009,
20010,DC,3.04,24260.0,11/24/2009,
20003,DC,3.05,13642.0,7-3-2012,
20003,DC,3.05,13642.0,7-3-2012,
20018,DC,3.055,15198.63,09/19/2012,
20002,DC,3.055,15198.63,10-11-2012,
20011,DC,3.055,23425.0,10-8-2011,
20018,DC,3.055,15198.63,09/19/2012,
20002,DC,3.055,15198.63,10-11-2012,
20015,DC,3.055,25110.0,8-6-2011,
20002,DC,3.055,,07/23/2012,
20002,DC,3.06,23840.0,7-3-2012,
20016,DC,3.06,25200.0,01/21/2011,
20002,DC,3.06,23840.0,7-3-2012,
20001,DC,3.06,28451.0,8-6-2011,
20018,DC,3.068,0.0,3-1-2011,
20003,DC,3.08,15750.0,7-3-2012,
20002,DC,3.08,18606.5,09/19/2012,
20018,DC,3.08,21286.0,12/23/2010,
20003,DC,3.08,15750.0,7-3-2012,
20002,DC,3.08,18606.5,09/19/2012,
20018,DC,3.08,21286.0,12/23/2010,
20016,DC,3.08,32378.0,8-6-2011,
20009,DC,3.12,15522.0,12/26/2012,
20009,DC,3.12,15522.0,12/26/2012,
20002,DC,3.128,27213.0,08/17/2010,
20001,DC,3.128,23460.0,10-8-2011,
20002,DC,3.128,27213.0,08/17/2010,
20002,DC,3.128,21094.0,07/21/2011,
20011,DC,3.136,21199.0,06/28/2011,
20016,DC,3.136,23613.0,07/21/2011,
20011,DC,3.136,,03/21/2011,
20003,DC,3.15,26325.0,09/30/2009,
20010,DC,3.15,30135.0,09/30/2009,
20018,DC,3.15,28350.0,09/30/2009,
20009,DC,3.15,29950.0,09/30/2009,
20016,DC,3.15,28850.0,11/18/2009,
20010,DC,3.15,28665.0,11/24/2009,
20016,DC,3.15,25579.0,06/21/2010,
20016,DC,3.15,27000.0,9-10-2010,
20017,DC,3.15,,10-12-2010,
20009,DC,3.15,29950.0,09/30/2009,
20003,DC,3.15,26325.0,09/30/2009,
20010,DC,3.15,,09/30/2009,
20018,DC,3.15,28350.0,09/30/2009,
20010,DC,3.15,,11/24/2009,
20016,DC,3.15,28850.0,11/18/2009,
20016,DC,3.15,25579.0,06/21/2010,
20016,DC,3.15,,9-10-2010,
20017,DC,3.15,,10-12-2010,
20019,DC,3.15,,03/21/2011,
20020,DC,3.185,14014.0,10-11-2012,
20020,DC,3.185,14014.0,10-11-2012,
20007,DC,3.2,17191.0,02/14/2012,
20010,DC,3.2,19350.0,8-9-2010,
20010,DC,3.2,19776.0,8-10-2010,
20003,DC,3.2,19998.0,10-11-2010,
20007,DC,3.2,17191.0,02/14/2012,
20010,DC,3.2,,8-9-2010,
20010,DC,3.2,,8-10-2010,
20003,DC,3.2,,10-11-2010,
20007,DC,3.2,35170.0,02/13/2012,
20011,DC,3.22,23040.0,3-12-2012,
20007,DC,3.22,17000.0,4-7-2012,
20002,DC,3.22,16806.0,4-10-2012,
20002,DC,3.22,18135.0,06/17/2012,
20003,DC,3.22,14522.0,08/20/2012,
20011,DC,3.22,12975.0,09/18/2012,
20015,DC,3.22,14300.0,09/19/2012,
20002,DC,3.22,32200.0,12/22/2009,
20011,DC,3.22,26375.0,6-3-2010,
20007,DC,3.22,25599.0,01/26/2011,
20002,DC,3.22,,06/15/2011,
20002,DC,3.22,20098.0,10-8-2011,
20011,DC,3.22,23040.0,3-12-2012,
20007,DC,3.22,17000.0,4-7-2012,
20002,DC,3.22,16806.0,4-10-2012,
20002,DC,3.22,18135.0,06/17/2012,
20003,DC,3.22,14522.0,08/20/2012,
20011,DC,3.22,12975.0,09/18/2012,
20015,DC,3.22,14300.0,09/19/2012,
20002,DC,3.22,32200.0,12/22/2009,
20011,DC,3.22,26375.0,6-3-2010,
20003,DC,3.22,2255.0,11/29/2010,
20002,DC,3.22,33000.0,07/19/2011,
20003,DC,3.22,26291.0,07/19/2011,
20010,DC,3.22,26646.0,07/19/2011,
20016,DC,3.22,38787.0,07/19/2011,
20007,DC,3.22,,03/21/2011,
20011,DC,3.22,,03/21/2011,
20002,DC,3.225,28288.05,7-6-2010,
20002,DC,3.225,28288.05,7-6-2010,
20007,DC,3.28,22990.0,08/25/2009,
20010,DC,3.28,23600.0,09/30/2009,
20010,DC,3.28,23600.0,09/30/2009,
20007,DC,3.28,22990.0,08/25/2009,
20003,DC,3.29,14805.0,02/21/2012,
20003,DC,3.29,21942.0,4-11-2012,
20012,DC,3.29,28464.0,07/24/2012,
20003,DC,3.29,14805.0,02/21/2012,
20003,DC,3.29,21942.0,4-11-2012,
20012,DC,3.29,28464.0,07/24/2012,
20012,DC,3.29,22461.25,02/13/2012,
20010,DC,3.33,22610.0,05/19/2012,
20020,DC,3.33,25945.0,7-2-2011,
20010,DC,3.33,22610.0,05/19/2012,
20008,DC,3.33,47720.0,07/19/2011,
20003,DC,3.36,16716.0,09/19/2012,
20011,DC,3.36,17500.0,10-11-2012,
20002,DC,3.36,13608.0,10-11-2012,
20017,DC,3.36,16716.0,10-11-2012,
20009,DC,3.36,26660.0,05/24/2010,
20003,DC,3.36,22387.0,06/30/2010,
20016,DC,3.36,26047.0,8-9-2010,
20003,DC,3.36,16716.0,09/19/2012,
20011,DC,3.36,17500.0,10-11-2012,
20002,DC,3.36,13608.0,10-11-2012,
20017,DC,3.36,16716.0,10-11-2012,
20009,DC,3.36,26660.0,05/24/2010,
20003,DC,3.36,22387.0,06/30/2010,
20016,DC,3.36,,8-9-2010,
20016,DC,3.375,37250.0,09/30/2009,
20002,DC,3.375,28856.0,10-12-2010,
20002,DC,3.375,21094.0,07/21/2011,
20016,DC,3.375,37250.0,09/30/2009,
20002,DC,3.375,,10-12-2010,
20002,DC,3.375,50368.0,07/19/2011,
20010,DC,3.42,27990.0,09/30/2009,
20010,DC,3.42,20370.0,09/30/2009,
20010,DC,3.42,27440.0,09/30/2009,
20012,DC,3.42,25060.0,09/30/2009,
20001,DC,3.42,28420.0,09/30/2009,
20010,DC,3.42,27700.0,11/24/2009,
20010,DC,3.42,27990.0,09/30/2009,
20010,DC,3.42,,09/30/2009,
20010,DC,3.42,27440.0,09/30/2009,
20012,DC,3.42,25060.0,09/30/2009,
20001,DC,3.42,,09/30/2009,
20010,DC,3.42,27700.0,11/24/2009,
20007,DC,3.45,20786.0,01/21/2012,
20001,DC,3.45,14973.0,02/21/2012,
20011,DC,3.45,18056.0,02/29/2012,
20011,DC,3.45,15697.0,4-11-2012,
20002,DC,3.45,16905.0,08/27/2012,
20009,DC,3.45,16077.0,10-1-2012,
20009,DC,3.45,27174.0,08/31/2010,
20003,DC,3.45,21688.0,10-11-2010,
20002,DC,3.45,20899.0,10-11-2010,
20003,DC,3.45,20942.0,1-10-2011,
20007,DC,3.45,20888.0,06/15/2011,
20002,DC,3.45,20646.0,10-8-2011,
20007,DC,3.45,20786.0,01/21/2012,
20001,DC,3.45,14973.0,02/21/2012,
20011,DC,3.45,18056.0,02/29/2012,
20011,DC,3.45,15697.0,4-11-2012,
20002,DC,3.45,16905.0,08/27/2012,
20009,DC,3.45,16077.0,10-1-2012,
20009,DC,3.45,,08/31/2010,
20003,DC,3.45,,10-11-2010,
20002,DC,3.45,,10-11-2010,
20003,DC,3.45,,1-10-2011,
20003,DC,3.45,23000.0,02/13/2012,
20010,DC,3.45,22685.0,02/13/2012,
20010,DC,3.45,,7-2-2011,
20015,DC,3.45,56044.0,7-2-2011,
20020,DC,3.45,25945.0,7-2-2011,
20010,DC,3.485,26138.0,11/18/2009,
20010,DC,3.485,,11/18/2009,
20009,DC,3.5,15750.0,09/18/2012,
20020,DC,3.5,15400.0,09/19/2012,
20009,DC,3.5,15750.0,09/18/2012,
20020,DC,3.5,15400.0,09/19/2012,
20016,DC,3.52,28146.0,11/23/2010,
20016,DC,3.52,28146.0,11/23/2010,
20016,DC,3.52,30057.0,7-2-2011,
20012,DC,3.525,22461.25,02/13/2012,
20011,DC,3.525,16953.0,10/15/2012,
20009,DC,3.525,34161.0,1-10-2011,
20012,DC,3.525,22461.25,02/13/2012,
20011,DC,3.525,16953.0,10/15/2012,
20009,DC,3.525,34161.0,1-10-2011,
20001,DC,3.525,25184.0,02/13/2012,
20010,DC,3.525,29592.0,7-2-2011,
20003,DC,3.57,26500.0,09/30/2009,
20003,DC,3.57,26500.0,09/30/2009,
20002,DC,3.6,6804.0,6-12-2012,
20016,DC,3.6,17910.0,10-11-2012,
20012,DC,3.6,17910.0,10/17/2012,
20017,DC,3.6,17910.0,12/26/2012,
20001,DC,3.6,33350.0,09/30/2009,
20016,DC,3.6,28350.0,12/14/2009,
20009,DC,3.6,25540.0,06/21/2010,
20003,DC,3.6,22283.0,7-6-2010,
20001,DC,3.6,36420.0,08/25/2010,
20011,DC,3.6,27780.0,10-11-2010,
20002,DC,3.6,21744.0,11-4-2010,
20010,DC,3.6,21900.0,01/20/2011,
20002,DC,3.6,6804.0,6-12-2012,
20016,DC,3.6,17910.0,10-11-2012,
20012,DC,3.6,17910.0,10/17/2012,
20017,DC,3.6,17910.0,12/26/2012,
20001,DC,3.6,33350.0,09/30/2009,
20016,DC,3.6,,12/14/2009,
20009,DC,3.6,25540.0,06/21/2010,
20003,DC,3.6,22283.0,7-6-2010,
20001,DC,3.6,,08/25/2010,
20011,DC,3.6,,10-11-2010,
20002,DC,3.6,,11-4-2010,
20010,DC,3.6,32484.0,7-2-2011,
20016,DC,3.6,,08/15/2012,
20010,DC,3.61,24184.0,09/19/2012,
20010,DC,3.61,24184.0,09/19/2012,
20019,DC,3.655,6801.48,4-10-2012,
20019,DC,3.655,6801.48,4-10-2012,
20002,DC,3.68,16744.0,06/17/2012,
20003,DC,3.68,15824.0,09/19/2012,
20016,DC,3.68,24325.0,10/25/2010,
20003,DC,3.68,21624.0,10/25/2010,
20002,DC,3.68,28068.35,10-8-2011,
20002,DC,3.68,20815.0,12-12-2011,
20002,DC,3.68,16744.0,06/17/2012,
20003,DC,3.68,15824.0,09/19/2012,
20016,DC,3.68,,10/25/2010,
20003,DC,3.68,,10/25/2010,
20003,DC,3.68,0.0,7-1-2010,
20011,DC,3.68,58937.0,02/13/2012,
20011,DC,3.68,,2-6-2012,
20001,DC,3.68,46440.0,7-2-2011,
20003,DC,3.7,35472.0,08/16/2010,
20003,DC,3.7,,08/16/2010,
20011,DC,3.75,14624.0,8-6-2012,
20011,DC,3.75,14624.0,08/27/2012,
20002,DC,3.75,16500.0,08/27/2012,
20011,DC,3.75,14624.0,8-6-2012,
20011,DC,3.75,14624.0,08/27/2012,
20002,DC,3.75,16500.0,08/27/2012,
20003,DC,3.76,40307.0,10-11-2012,
20002,DC,3.76,16431.0,10-11-2012,
20003,DC,3.76,40307.0,10-11-2012,
20002,DC,3.76,16431.0,10-11-2012,
20007,DC,3.78,32772.0,6-11-2010,
20015,DC,3.78,10350.0,9-7-2010,
20007,DC,3.78,,6-11-2010,
20015,DC,3.78,,9-7-2010,
20010,DC,3.8,30930.0,09/30/2009,
20010,DC,3.8,,09/30/2009,
20017,DC,3.825,27307.0,10-11-2010,
20017,DC,3.825,,10-11-2010,
20003,DC,3.84,27994.0,04/24/2012,
20001,DC,3.84,19104.0,10/17/2012,
20011,DC,3.84,19104.0,10/17/2012,
20011,DC,3.84,19104.0,12/26/2012,
20003,DC,3.84,27994.0,04/24/2012,
20001,DC,3.84,19104.0,10/17/2012,
20011,DC,3.84,19104.0,10/17/2012,
20011,DC,3.84,19104.0,12/26/2012,
20011,DC,3.84,19949.0,02/19/2013,
20002,DC,3.85,36690.0,08/15/2010,
20002,DC,3.85,,08/15/2010,
20008,DC,3.885,27195.0,09/18/2012,
20008,DC,3.885,27195.0,09/18/2012,
20009,DC,3.91,16617.0,8-6-2012,
20003,DC,3.91,23113.0,10-11-2010,
20008,DC,3.91,36498.13,10/25/2010,
20015,DC,3.91,22515.0,01/26/2011,
20016,DC,3.91,23613.0,07/21/2011,
20009,DC,3.91,16617.0,8-6-2012,
20003,DC,3.91,,10-11-2010,
20008,DC,3.91,,10/25/2010,
20036,DC,3.91,81488.0,7-2-2011,
20008,DC,3.91,16732.0,06/28/2011,
20003,DC,3.92,15876.0,09/26/2012,
20011,DC,3.92,14213.0,10-11-2012,
20007,DC,3.92,16895.0,10/17/2012,
20003,DC,3.92,15876.0,09/26/2012,
20011,DC,3.92,14213.0,10-11-2012,
20007,DC,3.92,16895.0,10/17/2012,
20016,DC,3.96,26268.48,8-6-2012,
20002,DC,3.96,30000.0,7-6-2010,
20003,DC,3.96,10920.0,9-7-2010,
20016,DC,3.96,26268.48,8-6-2012,
20002,DC,3.96,30000.0,7-6-2010,
20003,DC,3.96,,9-7-2010,
20003,DC,3.995,18963.0,01/21/2012,
20010,DC,3.995,22685.0,02/13/2012,
20003,DC,3.995,17365.0,04/24/2012,
20003,DC,3.995,18963.0,01/21/2012,
20010,DC,3.995,22685.0,02/13/2012,
20003,DC,3.995,17365.0,04/24/2012,
20002,DC,3.995,15009.0,2-6-2012,
20011,DC,4.0,15800.0,8-6-2012,
20011,DC,4.0,15800.0,08/27/2012,
20003,DC,4.0,23740.0,10-11-2012,
20011,DC,4.0,17000.0,10/17/2012,
20010,DC,4.0,14723.0,12/14/2009,
20002,DC,4.0,24213.0,05/24/2010,
20010,DC,4.0,23136.0,10/25/2010,
20011,DC,4.0,15800.0,8-6-2012,
20011,DC,4.0,15800.0,08/27/2012,
20003,DC,4.0,23740.0,10-11-2012,
20011,DC,4.0,17000.0,10/17/2012,
20010,DC,4.0,,12/14/2009,
20002,DC,4.0,24213.0,05/24/2010,
20010,DC,4.0,,10/25/2010,
20015,DC,4.025,29785.0,05/24/2010,
20015,DC,4.025,29785.0,05/24/2010,
20011,DC,4.032,26127.0,10-11-2010,
20011,DC,4.032,,10-11-2010,
20011,DC,4.032,,03/21/2011,
20010,DC,4.05,36700.0,09/30/2009,
20008,DC,4.05,42637.0,09/30/2009,
20008,DC,4.05,36450.0,09/30/2009,
20016,DC,4.05,26197.0,10-6-2010,
20002,DC,4.05,28477.0,10-11-2010,
20002,DC,4.05,25313.0,06/20/2011,
20015,DC,4.05,25110.0,8-6-2011,
20010,DC,4.05,36700.0,09/30/2009,
20008,DC,4.05,42637.0,09/30/2009,
20008,DC,4.05,36450.0,09/30/2009,
20002,DC,4.05,,10-11-2010,
20016,DC,4.05,,10-6-2010,
20011,DC,4.05,23361.0,06/28/2011,
20011,DC,4.05,21199.0,06/28/2011,
20010,DC,4.07,31200.0,12/23/2010,
20010,DC,4.07,31200.0,12/23/2010,
20003,DC,4.07,487915.0,06/28/2011,
20009,DC,4.08,20298.0,10-1-2012,
20009,DC,4.08,20298.0,10-1-2012,
20009,DC,4.1,32900.0,09/30/2009,
20003,DC,4.1,7757.0,9-10-2010,
20003,DC,4.1,24575.0,1-10-2011,
20011,DC,4.1,30760.0,02/19/2013,
20009,DC,4.1,32900.0,09/30/2009,
20003,DC,4.1,,9-10-2010,
20003,DC,4.1,24575.0,1-10-2011,
20002,DC,4.1,25313.0,06/20/2011,
20007,DC,4.12,,10-8-2011,
20002,DC,4.12,12247.0,06/16/2011,
20015,DC,4.14,30015.0,2-6-2012,
20002,DC,4.14,27209.0,02/29/2012,
20002,DC,4.14,23391.0,4-7-2012,
20002,DC,4.14,20244.0,4-7-2012,
20003,DC,4.14,20286.0,4-10-2012,
20003,DC,4.14,18216.0,05/19/2012,
20016,DC,4.14,30417.0,06/17/2012,
20010,DC,4.14,31878.0,8-6-2012,
20002,DC,4.14,19044.0,09/18/2012,
20011,DC,4.14,17300.0,09/18/2012,
20003,DC,4.14,42100.0,09/30/2009,
20015,DC,4.14,30947.0,8-9-2010,
20009,DC,4.14,15577.0,08/25/2010,
20002,DC,4.14,23184.0,08/31/2010,
20016,DC,4.14,32685.0,10-11-2010,
20002,DC,4.14,24243.0,10-11-2010,
20001,DC,4.14,23813.0,11/27/2010,
20002,DC,4.14,24196.0,01/25/2011,
20016,DC,4.14,30787.0,08/15/2011,
20015,DC,4.14,30015.0,2-6-2012,
20002,DC,4.14,27209.0,02/29/2012,
20002,DC,4.14,23391.0,4-7-2012,
20002,DC,4.14,20244.0,4-7-2012,
20003,DC,4.14,20286.0,4-10-2012,
20003,DC,4.14,18216.0,05/19/2012,
20016,DC,4.14,30417.0,06/17/2012,
20010,DC,4.14,31878.0,8-6-2012,
20002,DC,4.14,19044.0,09/18/2012,
20011,DC,4.14,17300.0,09/18/2012,
20003,DC,4.14,42100.0,09/30/2009,
20015,DC,4.14,,8-9-2010,
20002,DC,4.14,,08/31/2010,
20009,DC,4.14,,08/25/2010,
20016,DC,4.14,,10-11-2010,
20002,DC,4.14,24243.0,10-11-2010,
20001,DC,4.14,,11/27/2010,
20015,DC,4.14,30015.0,2-6-2012,
20003,DC,4.14,18314.0,06/16/2011,
20002,DC,4.14,30454.0,06/15/2011,
20002,DC,4.14,36999.0,06/15/2011,
20016,DC,4.14,,7-5-2011,
20003,DC,4.18,20795.5,07/14/2012,
20010,DC,4.18,31080.0,09/30/2009,
20003,DC,4.18,20795.5,07/14/2012,
20010,DC,4.18,31080.0,09/30/2009,
20003,DC,4.18,,08/23/2012,
20007,DC,4.2,40458.0,05/24/2010,
20007,DC,4.2,,05/24/2010,
20011,DC,4.23,13701.72,4-5-2012,
20007,DC,4.23,17396.0,6-4-2012,
20016,DC,4.23,21553.0,6-12-2012,
20001,DC,4.23,18189.0,08/20/2012,
20007,DC,4.23,22962.0,08/27/2012,
20003,DC,4.23,18231.0,10-11-2012,
20003,DC,4.23,18189.0,10-11-2012,
20010,DC,4.23,18798.0,10/17/2012,
20020,DC,4.23,20580.0,12/26/2012,
20011,DC,4.23,13701.72,4-5-2012,
20007,DC,4.23,17396.0,6-4-2012,
20016,DC,4.23,21553.0,6-12-2012,
20001,DC,4.23,18189.0,08/20/2012,
20007,DC,4.23,22962.0,08/27/2012,
20003,DC,4.23,18231.0,10-11-2012,
20003,DC,4.23,18189.0,10-11-2012,
20010,DC,4.23,18798.0,10/17/2012,
20020,DC,4.23,20580.0,12/26/2012,
20002,DC,4.23,18129.0,02/19/2013,
20011,DC,4.23,,12-2-2011,
20012,DC,4.23,,05/23/2011,
20016,DC,4.23,,9-11-2012,
20008,DC,4.255,27632.0,10-8-2011,
20002,DC,4.255,,06/15/2011,
20003,DC,4.275,26291.0,07/19/2011,
20007,DC,4.275,20888.0,06/15/2011,
20002,DC,4.3,26700.0,02/22/2011,
20007,DC,4.3,28296.0,06/15/2011,
20002,DC,4.32,22024.0,7-2-2012,
20002,DC,4.32,18819.0,8-6-2012,
20012,DC,4.32,17883.0,08/20/2012,
20001,DC,4.32,21492.0,09/18/2012,
20001,DC,4.32,21492.0,09/18/2012,
20003,DC,4.32,11940.0,09/18/2012,
20007,DC,4.32,18500.0,06/15/2011,
20007,DC,4.32,28296.0,06/15/2011,
20002,DC,4.32,22024.0,7-2-2012,
20002,DC,4.32,18819.0,8-6-2012,
20012,DC,4.32,17883.0,08/20/2012,
20001,DC,4.32,21492.0,09/18/2012,
20001,DC,4.32,21492.0,09/18/2012,
20003,DC,4.32,11940.0,09/18/2012,
20002,DC,4.32,0.0,7-1-2011,
20007,DC,4.32,18500.0,06/15/2011,
20009,DC,4.32,25511.0,06/15/2011,
20002,DC,4.37,20757.0,01/21/2012,
20010,DC,4.37,20502.0,2-6-2012,
20002,DC,4.37,19833.0,05/19/2012,
20011,DC,4.37,19970.0,10-11-2012,
20008,DC,4.37,28327.0,10/25/2010,
20003,DC,4.37,24885.0,11/26/2010,
20009,DC,4.37,24835.0,11/29/2010,
20003,DC,4.37,29064.0,12/23/2010,
20009,DC,4.37,25511.0,06/15/2011,
20010,DC,4.37,26646.0,07/19/2011,
20016,DC,4.37,28662.29,12-12-2011,
20002,DC,4.37,20757.0,01/21/2012,
20010,DC,4.37,20502.0,2-6-2012,
20002,DC,4.37,19833.0,05/19/2012,
20011,DC,4.37,19970.0,10-11-2012,
20008,DC,4.37,,10/25/2010,
20003,DC,4.37,29064.0,12/23/2010,
20009,DC,4.37,24835.0,11/29/2010,
20003,DC,4.37,24885.0,11/26/2010,
20008,DC,4.37,35844.0,2-6-2012,
20010,DC,4.37,20502.0,2-6-2012,
20017,DC,4.37,20795.0,2-6-2012,
20002,DC,4.37,26678.0,06/15/2011,
20003,DC,4.37,34256.0,06/15/2011,
20009,DC,4.37,27540.0,06/15/2011,
20010,DC,4.37,37186.0,06/15/2011,
20011,DC,4.37,30672.0,06/15/2011,
20016,DC,4.37,,4-6-2011,
20026,DC,4.4,13134.0,08/27/2012,
20003,DC,4.4,25600.0,05/13/2010,
20015,DC,4.4,56044.0,7-2-2011,
20001,DC,4.4,28451.0,8-6-2011,
20026,DC,4.4,13134.0,08/27/2012,
20003,DC,4.4,25600.0,05/13/2010,
20007,DC,4.4,33846.0,06/15/2011,
20019,DC,4.4,32397.0,06/15/2011,
20012,DC,4.41,16974.0,10-11-2012,
20012,DC,4.41,16974.0,10-11-2012,
20002,DC,4.42,24990.0,06/17/2012,
20002,DC,4.42,24990.0,06/17/2012,
20002,DC,4.465,24715.0,02/21/2012,
20036,DC,4.465,21155.0,02/29/2012,
20010,DC,4.465,24396.0,10-8-2011,
20002,DC,4.465,24715.0,02/21/2012,
20036,DC,4.465,21155.0,02/29/2012,
20015,DC,4.465,42400.0,01/31/2012,
20016,DC,4.465,,06/15/2011,
20017,DC,4.476,33332.0,09/13/2011,
20007,DC,4.476,34250.0,5-11-2011,
20005,DC,4.48,43500.0,7-6-2010,
20005,DC,4.48,43500.0,7-6-2010,
20002,DC,4.5,24182.0,8-6-2012,
20010,DC,4.5,17550.0,8-6-2012,
20016,DC,4.5,19375.0,09/18/2012,
20010,DC,4.5,17550.0,09/18/2012,
20003,DC,4.5,27945.0,09/18/2012,
20003,DC,4.5,24923.0,9-1-2010,
20015,DC,4.5,28779.0,9-1-2010,
20018,DC,4.5,31407.0,10-11-2010,
20002,DC,4.5,8190.0,11/29/2010,
20016,DC,4.5,29475.0,12/23/2010,
20015,DC,4.5,33975.0,1-4-2011,
20009,DC,4.5,27540.0,06/15/2011,
20003,DC,4.5,25858.0,08/15/2011,
20002,DC,4.5,24182.0,8-6-2012,
20010,DC,4.5,17550.0,8-6-2012,
20016,DC,4.5,19375.0,09/18/2012,
20010,DC,4.5,17550.0,09/18/2012,
20003,DC,4.5,27945.0,09/18/2012,
20018,DC,4.5,41100.0,09/30/2009,
20018,DC,4.5,,10-11-2010,
20003,DC,4.5,,9-1-2010,
20015,DC,4.5,,9-1-2010,
20002,DC,4.5,8190.0,11/29/2010,
20016,DC,4.5,,12/23/2010,
20015,DC,4.5,33975.0,1-4-2011,
20010,DC,4.5,33232.5,03/14/2011,
20010,DC,4.5,21670.0,03/14/2011,
20003,DC,4.5,,3-3-2011,
20007,DC,4.5,53087.0,3-3-2011,
20016,DC,4.5,,3-3-2011,
20007,DC,4.51,,11/18/2009,
20007,DC,4.51,,11/18/2009,
20015,DC,4.55,33351.0,10-11-2010,
20015,DC,4.55,,10-11-2010,
20009,DC,4.56,12120.0,9-6-2010,
20009,DC,4.56,,9-6-2010,
20003,DC,4.6,20010.0,4-10-2012,
20002,DC,4.6,21641.0,6-12-2012,
20012,DC,4.6,21657.0,06/17/2012,
20003,DC,4.6,14100.0,8-6-2012,
20003,DC,4.6,19550.0,08/20/2012,
20003,DC,4.6,23308.0,09/19/2012,
20003,DC,4.6,27149.0,05/24/2010,
20003,DC,4.6,27714.0,06/21/2010,
20001,DC,4.6,28596.74,08/17/2010,
20002,DC,4.6,30177.0,08/31/2010,
20007,DC,4.6,28228.0,10/25/2010,
20003,DC,4.6,26710.0,10/25/2010,
20007,DC,4.6,26558.0,11/26/2010,
20003,DC,4.6,,3-3-2011,
20002,DC,4.6,26678.0,06/15/2011,
20003,DC,4.6,20010.0,4-10-2012,
20002,DC,4.6,21641.0,6-12-2012,
20012,DC,4.6,21657.0,06/17/2012,
20003,DC,4.6,14100.0,8-6-2012,
20003,DC,4.6,19550.0,08/20/2012,
20003,DC,4.6,23308.0,09/19/2012,
20003,DC,4.6,27149.0,05/24/2010,
20003,DC,4.6,27714.0,06/21/2010,
20002,DC,4.6,,08/31/2010,
20001,DC,4.6,,08/17/2010,
20007,DC,4.6,,10/25/2010,
20003,DC,4.6,,10/25/2010,
20003,DC,4.6,,1-10-2011,
20007,DC,4.6,26558.0,11/26/2010,
20003,DC,4.6,,3-2-2011,
20015,DC,4.6,56813.0,3-2-2011,
20002,DC,4.6,26700.0,02/22/2011,
20002,DC,4.62,9938.0,02/21/2012,
20002,DC,4.62,9938.0,02/21/2012,
20015,DC,4.62,34718.0,01/23/2012,
20002,DC,4.68,23283.0,10-11-2012,
20002,DC,4.68,23283.0,10-11-2012,
20011,DC,4.7,20445.0,10-11-2012,
20011,DC,4.7,19270.0,10/22/2012,
20011,DC,4.7,20445.0,10-11-2012,
20011,DC,4.7,19270.0,10/22/2012,
20011,DC,4.725,35734.0,6-3-2010,
20015,DC,4.725,38352.0,7-6-2010,
20007,DC,4.725,5158.0,10/25/2010,
20003,DC,4.725,34256.0,06/15/2011,
20011,DC,4.725,23361.0,06/28/2011,
20001,DC,4.725,,09/30/2009,
20011,DC,4.725,35734.0,6-3-2010,
20015,DC,4.725,38352.0,7-6-2010,
20007,DC,4.725,,10/25/2010,
20002,DC,4.725,35542.0,02/22/2011,
20008,DC,4.725,35555.0,02/22/2011,
20010,DC,4.75,18525.0,10-1-2012,
20010,DC,4.75,30605.0,10-11-2010,
20010,DC,4.75,18525.0,10-1-2012,
20010,DC,4.75,,10-11-2010,
20010,DC,4.8,19600.0,4-7-2012,
20002,DC,4.8,28670.0,09/19/2012,
20010,DC,4.8,36345.0,11/24/2009,
20003,DC,4.8,30368.0,05/24/2010,
20010,DC,4.8,19600.0,4-7-2012,
20002,DC,4.8,28670.0,09/19/2012,
20010,DC,4.8,,11/24/2009,
20003,DC,4.8,30368.0,05/24/2010,
20002,DC,4.8,,10-11-2012,
20003,DC,4.83,22548.0,04/24/2012,
20010,DC,4.83,23667.0,6-4-2012,
20001,DC,4.83,27000.0,06/17/2012,
20003,DC,4.83,21654.0,09/18/2012,
20003,DC,4.83,27418.0,11/29/2010,
20016,DC,4.83,27675.0,11/29/2010,
20016,DC,4.83,30057.0,7-2-2011,
20016,DC,4.83,32378.0,8-6-2011,
20003,DC,4.83,22548.0,04/24/2012,
20010,DC,4.83,23667.0,6-4-2012,
20001,DC,4.83,27000.0,06/17/2012,
20003,DC,4.83,21654.0,09/18/2012,
20003,DC,4.83,,11/29/2010,
20016,DC,4.83,27675.0,11/29/2010,
20012,DC,4.83,113400.0,02/22/2011,
20011,DC,4.83,106520.0,02/21/2011,
20001,DC,4.83,22500.0,01/26/2011,
20003,DC,4.83,18520.5,01/26/2011,
20016,DC,4.83,,03/21/2011,
20002,DC,4.86,37474.2,01/21/2011,
20020,DC,4.86,23301.0,01/26/2011,
20008,DC,4.875,26875.0,08/25/2010,
20008,DC,4.875,,08/25/2010,
20010,DC,4.9,19110.0,09/18/2012,
20010,DC,4.9,19110.0,09/18/2012,
20002,DC,4.93,20492.0,10-11-2012,
20002,DC,4.93,20492.0,10-11-2012,
20003,DC,4.935,21122.0,10-11-2012,
20002,DC,4.935,21457.0,10/17/2012,
20003,DC,4.935,21122.0,10-11-2012,
20002,DC,4.935,21457.0,10/17/2012,
20002,DC,4.94,31750.0,08/25/2010,
20002,DC,4.94,,08/25/2010,
20036,DC,4.95,49259.0,08/25/2010,
20007,DC,4.95,34250.0,5-11-2011,
20036,DC,4.95,,08/25/2010,
20010,DC,4.95,20451.33,01/26/2011,
20011,DC,4.995,26973.0,01/26/2011,
20010,DC,4.995,47473.0,01/26/2011,
20010,DC,5.0,20100.0,09/18/2012,
20019,DC,5.0,37500.0,12/14/2009,
20011,DC,5.0,25000.0,6-3-2010,
20009,DC,5.0,43000.0,9-1-2010,
20010,DC,5.0,20100.0,09/18/2012,
20019,DC,5.0,,12/14/2009,
20011,DC,5.0,25000.0,6-3-2010,
20009,DC,5.0,,9-1-2010,
20010,DC,5.004,14536.66,07/14/2012,
20010,DC,5.004,14536.66,07/14/2012,
20003,DC,5.04,21638.0,10-1-2012,
20007,DC,5.04,7131.0,08/25/2010,
20010,DC,5.04,33264.0,11/27/2010,
20003,DC,5.04,21638.0,10-1-2012,
20007,DC,5.04,,08/25/2010,
20010,DC,5.04,33264.0,11/27/2010,
20007,DC,5.04,25599.0,01/26/2011,
20017,DC,5.06,20795.0,2-6-2012,
20002,DC,5.06,28114.0,02/21/2012,
20009,DC,5.06,33661.0,09/30/2009,
20003,DC,5.06,27504.0,9-1-2010,
20003,DC,5.06,34350.0,09/15/2010,
20003,DC,5.06,28303.0,09/22/2010,
20003,DC,5.06,29322.0,10-11-2010,
20003,DC,5.06,34205.0,11/29/2010,
20017,DC,5.06,20795.0,2-6-2012,
20009,DC,5.06,33661.0,09/30/2009,
20003,DC,5.06,,09/15/2010,
20003,DC,5.06,,9-1-2010,
20003,DC,5.06,,09/22/2010,
20003,DC,5.06,,10-11-2010,
20003,DC,5.06,34205.0,11/29/2010,
20002,DC,5.06,35000.0,01/21/2012,
20016,DC,5.06,21700.0,01/21/2012,
20015,DC,5.06,22515.0,01/26/2011,
20003,DC,5.075,33919.0,6-3-2010,
20003,DC,5.075,33919.0,6-3-2010,
20003,DC,5.13,39244.0,09/30/2009,
20003,DC,5.13,32781.0,11/29/2010,
20003,DC,5.13,39244.0,09/30/2009,
20003,DC,5.13,32781.0,11/29/2010,
20011,DC,5.13,26973.0,01/26/2011,
20010,DC,5.16,37186.0,06/15/2011,
20015,DC,5.16,26854.0,05/19/2012,
20010,DC,5.16,32135.0,01/26/2011,
20015,DC,5.16,26854.0,05/19/2012,
20003,DC,5.17,23000.0,02/13/2012,
20007,DC,5.17,22264.0,10-3-2012,
20007,DC,5.17,26774.0,10-11-2012,
20017,DC,5.17,20849.0,10-11-2012,
20010,DC,5.17,22374.0,10-11-2012,
20001,DC,5.17,21456.0,10-11-2012,
20003,DC,5.17,23000.0,02/13/2012,
20007,DC,5.17,22264.0,10-3-2012,
20007,DC,5.17,26774.0,10-11-2012,
20017,DC,5.17,20849.0,10-11-2012,
20010,DC,5.17,22374.0,10-11-2012,
20001,DC,5.17,21456.0,10-11-2012,
20007,DC,5.17,20786.0,01/21/2012,
20011,DC,5.175,26486.0,6-4-2012,
20010,DC,5.175,35937.0,08/25/2010,
20015,DC,5.175,42630.0,01/21/2011,
20011,DC,5.175,26486.0,6-4-2012,
20010,DC,5.175,,08/25/2010,
20005,DC,5.175,40000.0,01/26/2011,
20002,DC,5.22,32988.0,12/17/2010,
20002,DC,5.22,32988.0,12/17/2010,
20002,DC,5.22,24196.0,01/25/2011,
20015,DC,5.25,22404.0,06/17/2012,
20010,DC,5.25,21450.0,10-11-2012,
20015,DC,5.25,35437.0,12/28/2009,
20010,DC,5.25,33232.5,03/14/2011,
20016,DC,5.25,,09/23/2011,
20015,DC,5.25,22404.0,06/17/2012,
20010,DC,5.25,21450.0,10-11-2012,
20016,DC,5.25,24454.0,02/19/2013,
20015,DC,5.25,,12/28/2009,
20008,DC,5.25,34437.0,01/25/2011,
20009,DC,5.25,20320.0,01/21/2011,
20011,DC,5.28,21500.0,10-11-2012,
20011,DC,5.28,21500.0,10-11-2012,
20009,DC,5.29,35622.0,10/25/2010,
20009,DC,5.29,,10/25/2010,
20010,DC,5.3,35406.0,08/17/2010,
20010,DC,5.3,,08/17/2010,
20009,DC,5.39,21259.0,10-11-2012,
20010,DC,5.39,32757.0,10/25/2010,
20009,DC,5.39,21259.0,10-11-2012,
20010,DC,5.39,,10/25/2010,
20009,DC,5.4,49700.0,09/30/2009,
20008,DC,5.4,41040.0,06/21/2010,
20010,DC,5.4,31089.0,08/25/2010,
20016,DC,5.4,,3-3-2011,
20011,DC,5.4,30672.0,06/15/2011,
20010,DC,5.4,29592.0,7-2-2011,
20010,DC,5.4,32940.0,08/15/2011,
20009,DC,5.4,49700.0,09/30/2009,
20008,DC,5.4,,06/21/2010,
20010,DC,5.4,,08/25/2010,
20002,DC,5.4,37474.2,01/21/2011,
20015,DC,5.4,42630.0,01/21/2011,
20016,DC,5.4,25200.0,01/21/2011,
20010,DC,5.4,21900.0,01/20/2011,
20020,DC,5.4,,07/21/2011,
20003,DC,5.4,,06/23/2011,
20018,DC,5.4,,07/14/2011,
20002,DC,5.405,29507.0,08/27/2012,
20002,DC,5.405,29507.0,08/27/2012,
20002,DC,5.46,,06/23/2011,
20007,DC,5.5,23232.0,8-6-2012,
20011,DC,5.5,22274.0,08/27/2012,
20007,DC,5.5,23232.0,8-6-2012,
20011,DC,5.5,22274.0,08/27/2012,
20009,DC,5.5,0.0,1-1-2011,
20001,DC,5.52,25184.0,02/13/2012,
20002,DC,5.52,25831.0,02/21/2012,
20008,DC,5.52,41234.0,8-9-2010,
20003,DC,5.52,39200.0,08/31/2010,
20007,DC,5.52,31095.0,9-7-2010,
20009,DC,5.52,22500.0,10-12-2010,
20002,DC,5.52,32356.0,11/26/2010,
20003,DC,5.52,31093.0,11/29/2010,
20003,DC,5.52,31615.0,12/23/2010,
20001,DC,5.52,25184.0,02/13/2012,
20002,DC,5.52,25831.0,02/21/2012,
20008,DC,5.52,,8-9-2010,
20003,DC,5.52,,08/31/2010,
20009,DC,5.52,,10-12-2010,
20007,DC,5.52,,9-7-2010,
20003,DC,5.52,31093.0,11/29/2010,
20003,DC,5.52,31615.0,12/23/2010,
20002,DC,5.52,32356.0,11/26/2010,
20002,DC,5.52,20757.0,01/21/2012,
20003,DC,5.52,18963.0,01/21/2012,
20008,DC,5.52,,03/21/2011,
20009,DC,5.54,29600.0,7-9-2012,
20009,DC,5.54,29600.0,7-9-2012,
20015,DC,5.55,39682.0,01/21/2012,
20015,DC,5.55,33734.0,12/23/2010,
20015,DC,5.55,39682.0,01/21/2012,
20015,DC,5.55,33734.0,12/23/2010,
20015,DC,5.55,39682.0,01/21/2012,
20012,DC,5.6,28125.0,10-8-2011,
20008,DC,5.625,35844.0,2-6-2012,
20011,DC,5.625,30371.17,10-11-2010,
20010,DC,5.625,32484.0,7-2-2011,
20008,DC,5.625,35844.0,2-6-2012,
20011,DC,5.625,,10-11-2010,
20009,DC,5.625,34830.0,01/21/2012,
20009,DC,5.64,27462.0,09/19/2012,
20001,DC,5.64,23500.0,10-11-2012,
20002,DC,5.64,37637.0,10/25/2010,
20010,DC,5.64,24576.5,08/20/2012,
20009,DC,5.64,27462.0,09/19/2012,
20001,DC,5.64,23500.0,10-11-2012,
20002,DC,5.64,,10/25/2010,
20002,DC,5.64,,03/21/2011,
20010,DC,5.64,24576.5,08/20/2012,
20002,DC,5.7,31086.0,08/17/2010,
20003,DC,5.7,30000.0,08/31/2010,
20002,DC,5.7,,08/17/2010,
20003,DC,5.7,,08/31/2010,
20007,DC,5.72,22925.0,09/18/2012,
20016,DC,5.72,37752.0,10/17/2012,
20007,DC,5.72,22925.0,09/18/2012,
20016,DC,5.72,37752.0,10/17/2012,
20002,DC,5.75,27693.0,8-6-2012,
20002,DC,5.75,25587.0,08/20/2012,
20002,DC,5.75,29600.0,09/19/2012,
20003,DC,5.75,31977.0,9-7-2010,
20002,DC,5.75,31448.0,1-10-2011,
20010,DC,5.75,32135.0,01/26/2011,
20002,DC,5.75,33000.0,07/19/2011,
20002,DC,5.75,27693.0,8-6-2012,
20002,DC,5.75,25587.0,08/20/2012,
20002,DC,5.75,29600.0,09/19/2012,
20003,DC,5.75,,9-7-2010,
20002,DC,5.75,31448.0,1-10-2011,
20020,DC,5.76,18544.0,10-1-2012,
20010,DC,5.76,28656.0,10-11-2012,
20008,DC,5.76,28656.0,10-11-2012,
20016,DC,5.76,10228.0,10-11-2010,
20020,DC,5.76,18544.0,10-1-2012,
20010,DC,5.76,28656.0,10-11-2012,
20008,DC,5.76,28656.0,10-11-2012,
20016,DC,5.76,,10-11-2010,
20008,DC,5.76,,08/13/2012,
20009,DC,5.805,34830.0,01/21/2012,
20009,DC,5.805,34830.0,01/21/2012,
20007,DC,5.805,15162.0,12-12-2011,
20002,DC,5.85,36967.0,8-10-2010,
20003,DC,5.85,33286.0,09/22/2010,
20002,DC,5.85,,8-10-2010,
20003,DC,5.85,,09/22/2010,
20011,DC,5.875,24438.0,10-11-2012,
20011,DC,5.875,24438.0,10-11-2012,
20007,DC,5.88,25544.0,12/26/2012,
20007,DC,5.88,25544.0,12/26/2012,
20003,DC,5.98,29302.0,04/24/2012,
20003,DC,5.98,44517.6,6-4-2012,
20011,DC,5.98,27500.0,8-6-2012,
20003,DC,5.98,33947.0,10-11-2010,
20002,DC,5.98,33286.0,10/29/2010,
20010,DC,5.98,44559.0,11/15/2010,
20002,DC,5.98,33889.0,11/29/2010,
20005,DC,5.98,40000.0,01/26/2011,
20007,DC,5.98,33846.0,06/15/2011,
20019,DC,5.98,32397.0,06/15/2011,
20003,DC,5.98,29302.0,04/24/2012,
20003,DC,5.98,44517.6,6-4-2012,
20011,DC,5.98,27500.0,8-6-2012,
20002,DC,5.98,,10/29/2010,
20003,DC,5.98,,10-11-2010,
20010,DC,5.98,,11/15/2010,
20002,DC,5.98,33889.0,11/29/2010,
20011,DC,5.995,17578.0,10-11-2012,
20011,DC,5.995,17578.0,10-11-2012,
20002,DC,6.0,35344.0,9-10-2010,
20002,DC,6.0,,9-10-2010,
20015,DC,6.08,29400.0,10-1-2012,
20015,DC,6.08,29400.0,10-1-2012,
20015,DC,6.105,40232.0,8-6-2012,
20015,DC,6.105,40232.0,8-6-2012,
20007,DC,6.11,36660.0,9-7-2010,
20007,DC,6.11,,9-7-2010,
20007,DC,6.11,,03/21/2011,
20007,DC,6.2,33400.0,9-7-2010,
20007,DC,6.2,,9-7-2010,
20015,DC,6.21,34718.0,01/23/2012,
20003,DC,6.21,35292.0,5-5-2012,
20008,DC,6.21,34437.0,01/25/2011,
20016,DC,6.21,38787.0,07/19/2011,
20015,DC,6.21,34718.0,01/23/2012,
20003,DC,6.21,35292.0,5-5-2012,
20003,DC,6.21,21440.0,12-12-2011,
20016,DC,6.21,,02/14/2012,
20002,DC,6.24,33618.0,4-10-2012,
20002,DC,6.24,33618.0,4-10-2012,
20003,DC,6.3,35379.0,06/18/2012,
20002,DC,6.3,36068.0,05/24/2010,
20016,DC,6.3,42470.0,7-6-2010,
20002,DC,6.3,38430.0,9-10-2010,
20003,DC,6.3,35379.0,06/18/2012,
20002,DC,6.3,36068.0,05/24/2010,
20016,DC,6.3,42470.0,7-6-2010,
20002,DC,6.3,,9-10-2010,
20012,DC,6.37,27960.0,10-1-2012,
20012,DC,6.37,27960.0,10-1-2012,
20002,DC,6.4,35000.0,6-3-2010,
20003,DC,6.4,36380.0,08/25/2010,
20002,DC,6.4,35000.0,6-3-2010,
20003,DC,6.4,,08/25/2010,
20010,DC,6.44,29206.0,07/24/2012,
20003,DC,6.44,34601.0,10/25/2010,
20011,DC,6.44,33534.0,1-10-2011,
20008,DC,6.44,35555.0,02/22/2011,
20010,DC,6.44,29206.0,07/24/2012,
20003,DC,6.44,,10/25/2010,
20011,DC,6.44,,1-10-2011,
20007,DC,6.475,53087.0,3-3-2011,
20002,DC,6.48,31798.0,09/18/2012,
20002,DC,6.48,31798.0,09/18/2012,
20011,DC,6.67,36957.0,11/29/2010,
20002,DC,6.67,35542.0,02/22/2011,
20011,DC,6.67,,11/29/2010,
20002,DC,6.72,33432.0,10-11-2012,
20016,DC,6.72,45327.0,05/24/2010,
20002,DC,6.72,33432.0,10-11-2012,
20016,DC,6.72,45327.0,05/24/2010,
20010,DC,6.75,26325.0,08/20/2012,
20010,DC,6.75,26325.0,10-11-2012,
20003,DC,6.75,64185.0,09/30/2009,
20010,DC,6.75,26325.0,08/20/2012,
20010,DC,6.75,26325.0,10-11-2012,
20003,DC,6.75,64185.0,09/30/2009,
20009,DC,6.86,28360.0,10-11-2012,
20001,DC,6.86,30814.0,10-11-2012,
20009,DC,6.86,28360.0,10-11-2012,
20001,DC,6.86,30814.0,10-11-2012,
20015,DC,6.88,59300.0,11/18/2009,
20015,DC,6.88,59300.0,11/18/2009,
20003,DC,6.9,29550.0,7-3-2012,
20003,DC,6.9,37766.0,10-11-2010,
20002,DC,6.9,37606.0,12/23/2010,
20007,DC,6.9,37004.0,09/13/2011,
20003,DC,6.9,29550.0,7-3-2012,
20003,DC,6.9,,10-11-2010,
20002,DC,6.9,37606.0,12/23/2010,
20007,DC,6.96,34000.0,08/27/2012,
20007,DC,6.96,34000.0,08/27/2012,
20007,DC,7.0,38074.0,10-11-2010,
20007,DC,7.0,,10-11-2010,
20011,DC,7.05,30602.0,08/27/2012,
20016,DC,7.05,31740.0,10-11-2012,
20011,DC,7.05,30602.0,08/27/2012,
20016,DC,7.05,31740.0,10-11-2012,
20009,DC,7.095,57571.55,11/29/2010,
20009,DC,7.095,57571.55,11/29/2010,
20012,DC,7.1,36500.0,08/25/2010,
20012,DC,7.1,,08/25/2010,
20012,DC,7.1,0.0,7-1-2010,
20002,DC,7.13,34224.0,02/29/2012,
20016,DC,7.13,35471.75,10-1-2012,
20009,DC,7.13,38908.0,11/29/2010,
20002,DC,7.13,34224.0,02/29/2012,
20016,DC,7.13,35471.75,10-1-2012,
20009,DC,7.13,38908.0,11/29/2010,
20016,DC,7.13,,10/13/2011,
20003,DC,7.2,36672.0,10-11-2012,
20007,DC,7.2,48600.0,05/24/2010,
20018,DC,7.2,38520.0,9-7-2010,
20011,DC,7.2,35960.0,10-11-2010,
20003,DC,7.2,36672.0,10-11-2012,
20007,DC,7.2,48600.0,05/24/2010,
20018,DC,7.2,,9-7-2010,
20011,DC,7.2,,10-11-2010,
20001,DC,7.36,46440.0,7-2-2011,
20017,DC,7.4,48996.0,09/19/2012,
20017,DC,7.4,48996.0,09/19/2012,
20016,DC,7.5,34625.0,7-2-2012,
20016,DC,7.5,34625.0,7-2-2012,
20002,DC,7.55,34122.0,10/17/2012,
20002,DC,7.55,34122.0,10/17/2012,
20015,DC,7.585,42400.0,01/31/2012,
20015,DC,7.585,42400.0,01/31/2012,
20002,DC,7.585,20815.0,12-12-2011,
20002,DC,7.59,14345.0,07/16/2012,
20002,DC,7.59,14345.0,07/16/2012,
20016,DC,7.595,38355.0,7-3-2012,
20016,DC,7.595,38355.0,7-3-2012,
20009,DC,7.68,38208.0,12/26/2012,
20009,DC,7.68,38208.0,12/26/2012,
20015,DC,8.05,38493.0,8-6-2012,
20011,DC,8.05,43120.0,11-4-2010,
20016,DC,8.05,,06/15/2011,
20015,DC,8.05,38493.0,8-6-2012,
20011,DC,8.05,,11-4-2010,
20019,DC,8.1,73500.0,09/30/2009,
20017,DC,8.225,33723.0,10-11-2012,
20002,DC,8.225,55354.0,1-10-2011,
20017,DC,8.225,33723.0,10-11-2012,
20002,DC,8.225,55354.0,1-10-2011,
20002,DC,8.225,,03/21/2011,
20011,DC,8.25,33543.0,12/31/2012,
20011,DC,8.25,33543.0,12/31/2012,
20012,DC,8.28,45540.0,10-11-2012,
20012,DC,8.28,45540.0,10-11-2012,
20009,DC,8.33,33986.0,10-11-2012,
20009,DC,8.33,33986.0,10-11-2012,
20003,DC,8.385,,3-2-2011,
20011,DC,8.5,47268.0,08/25/2010,
20011,DC,8.5,,08/25/2010,
20016,DC,8.51,36968.0,3-12-2012,
20016,DC,8.51,36968.0,3-12-2012,
20002,DC,8.695,49292.0,7-2-2012,
20002,DC,8.695,49292.0,7-2-2012,
20002,DC,8.74,48599.0,10-11-2010,
20002,DC,8.74,,10-11-2010,
20500,DC,8.75,,08/27/2002,
20016,DC,8.91,,10-11-2012,
20016,DC,8.91,,10-11-2012,
20008,DC,8.97,47720.0,07/19/2011,
20002,DC,9.2,50368.0,07/19/2011,
20011,DC,9.25,54113.0,4-7-2012,
20011,DC,9.25,54113.0,4-7-2012,
20007,DC,9.43,52820.0,07/14/2012,
20007,DC,9.43,51832.0,10-11-2010,
20007,DC,9.43,52820.0,07/14/2012,
20007,DC,9.43,,10-11-2010,
20019,DC,9.5,42700.0,8-6-2012,
20019,DC,9.5,42700.0,8-6-2012,
20011,DC,9.6,58937.0,02/13/2012,
20011,DC,9.6,58937.0,02/13/2012,
20016,DC,9.6,28662.29,12-12-2011,
20017,DC,9.84,51600.0,4-11-2012,
20017,DC,9.84,51600.0,4-11-2012,
20008,DC,9.87,47870.0,12/26/2012,
20008,DC,9.87,47870.0,12/26/2012,
20016,DC,10.0,,08/16/2006,
20011,DC,10.0,67018.0,12/28/2009,
20009,DC,10.0,80608.9,11/29/2010,
20001,DC,10.0,60000.0,10-11-2012,
20011,DC,10.0,50347.0,10-1-2012,
20011,DC,10.0,,12/28/2009,
20009,DC,10.0,80608.9,11/29/2010,
20011,DC,10.12,50347.0,10-1-2012,
20011,DC,10.12,,10-11-2012,
20001,DC,10.3,60000.0,10-11-2012,
20016,DC,10.56,46848.0,03/19/2012,
20019,DC,10.6,,10-1-2010,
20017,DC,10.995,45000.0,09/19/2012,
20009,DC,11.0,54924.0,10/17/2012,
20015,DC,11.0,41924.0,1-7-2011,
20015,DC,11.0,56813.0,3-2-2011,
20016,DC,11.0,73416.0,08/15/2011,
20016,DC,11.0,56755.0,9-12-2011,
20016,DC,11.0,71447.0,8-6-2012,
20009,DC,11.0,54924.0,10/17/2012,
20017,DC,11.0,45000.0,09/19/2012,
20016,DC,11.0,46848.0,03/19/2012,
20015,DC,11.0,,1-7-2011,
20016,DC,11.04,71447.0,8-6-2012,
20016,DC,11.04,,10/17/2011,
20015,DC,12.0,52288.0,02/26/2013,
20036,DC,13.0,81488.0,7-2-2011,
20016,DC,14.0,31609.0,12/29/2009,
20018,DC,14.0,54752.0,08/27/2012,
20016,DC,14.0,31609.0,12/29/2009,
20016,DC,14.06,,11/15/2009,
20018,DC,14.1,54752.0,08/27/2012,
20015,DC,15.0,70749.0,12/23/2010,
20016,DC,15.0,,09/23/2011,
20008,DC,15.0,93900.0,8-6-2012,
20015,DC,15.0,70749.0,12/23/2010,
20008,DC,15.12,93900.0,8-6-2012,
20011,DC,15.51,36000.0,04/24/2012,
20011,DC,16.0,36000.0,04/24/2012,
20003,DC,17.0,30000.0,9-7-2010,
20003,DC,17.0,,9-7-2010,
20010,DC,17.0,,10/18/2010,
20037,DC,18.0,34000.0,6-4-2012,
20037,DC,18.33,34000.0,6-4-2012,
20037,DC,18.33,,03/13/2012,
20012,DC,19.0,113400.0,02/22/2011,
20012,DC,19.0,64142.0,08/27/2012,
20012,DC,19.32,64142.0,08/27/2012,
20005,DC,19.975,97233.0,10-11-2012,
20009,DC,20.0,123209.0,10/18/2010,
20011,DC,20.0,106520.0,02/21/2011,
20016,DC,20.0,106882.16,09/23/2011,
20005,DC,20.0,97233.0,10-11-2012,
20009,DC,20.0,,10/18/2010,
20010,DC,20.0,,1-10-2011,
20016,DC,27.0,179550.0,11/18/2009,
20016,DC,27.0,,11/18/2009,
20016,DC,27.6,200000.0,8-2-2010,
20012,DC,28.0,125600.0,09/19/2012,
20012,DC,28.04,125600.0,09/19/2012,
20012,DC,30.0,103118.0,6-4-2012,
20012,DC,30.24,103118.0,6-4-2012,
20016,DC,36.7,,10/20/2009,
20016,DC,50.0,148557.8,02/27/2013,
20016,DC,53.0,,05/30/2014,
20008,DC,56.0,296100.0,12/23/2010,
20008,DC,56.0,296100.0,12/23/2010,
20008,DC,56.448,,03/21/2011,
20002,DC,59.8,220000.0,10-11-2012,
20002,DC,60.0,220000.0,10-11-2012,
20003,DC,101.0,487915.0,06/28/2011,
20585,DC,205.0,,9-9-2008,
20020,DC,227.0,,10-8-2013,
20064,DC,294.0,,12/21/2009,
20057,DC,300.0,10000000.0,09/17/1984,
20016,DC,505.0,,7-1-2011,
